lat,lon,speed,heading,cross_track_km
30.82047,75.16821,22.6,140.3,0.011
30.81539,75.16797,25.6,5.4,0.002
30.82168,75.15723,23.2,323.4,0.004
30.82868,75.16896,28.9,189.7,0.004
30.81463,75.17746,37.6,305.9,0.021
30.81463,75.16141,21.8,21.6,0.002
30.82913,75.17999,36.0,81.9,0.012
30.82264,75.1755,21.7,93.4,0.034
30.81274,75.16573,21.2,139.2,0.015
30.82084,75.17047,34.5,289.0,0.018
30.81279,75.18439,35.4,139.2,0.006
30.81277,75.17747,34.8,73.7,0.037
30.81844,75.17167,17.5,23.4,0.01
30.80119,75.1697,24.3,28.6,0.013
30.8027,75.17221,34.6,273.6,0.028
30.80069,75.22015,0.0,160.1,1.061
30.8084,75.15476,19.4,261.4,0.015
30.81901,75.18794,31.7,245.6,0.012
30.80924,75.17284,22.3,48.7,0.012
30.8052,75.17479,42.4,51.4,0.019
30.82823,75.17114,40.4,271.9,0.021
30.81469,75.16572,32.8,259.7,0.009
30.81704,75.17011,38.9,136.1,0.007
30.8051,75.1588,28.5,27.9,0.009
30.81214,75.18982,34.1,4.4,0.001
30.81739,75.16172,39.8,103.7,0.001
30.80729,75.16334,30.0,3.3,0.018
30.81951,75.16808,26.0,82.8,0.024
30.81169,75.1819,14.4,151.0,0.024
30.81417,75.17172,27.3,43.7,0.009
30.81169,75.16171,34.6,37.5,0.013
30.83132,75.18163,35.6,322.7,0.004
30.81639,75.17745,32.0,210.8,0.016
30.80804,75.17591,23.7,336.4,0.011
30.82308,75.17733,12.2,124.5,0.021
30.80673,75.19075,24.0,243.8,0.015
30.81817,75.18908,25.6,73.7,0.004
30.80082,75.16611,25.5,222.6,0.005
30.80587,75.18459,32.9,46.7,0.015
30.81807,75.17467,43.9,0.7,0.016
30.82241,75.17559,29.0,335.4,0.001
30.81787,75.15806,26.3,199.8,0.0
30.81557,75.17024,25.9,333.7,0.016
30.81409,75.1651,29.0,120.2,0.001
30.80467,75.17822,21.4,118.0,0.002
30.81074,75.18017,29.0,144.2,0.011
30.81281,75.155,31.6,254.2,0.01
30.82496,75.17142,29.7,203.7,0.006
30.77927,75.13118,95.0,333.1,1.001
30.8024,75.17011,31.5,9.2,0.015
30.81909,75.17743,13.8,255.0,0.008
30.81342,75.17441,33.1,118.9,0.016
30.81108,75.17433,22.6,64.9,0.011
30.82139,75.16943,19.2,183.7,0.017
30.82475,75.16187,19.2,181.8,0.024
30.82395,75.16263,31.5,49.3,0.023
30.80979,75.17727,26.2,72.7,0.028
30.81403,75.17176,14.5,146.9,0.023
30.81915,75.17049,31.8,147.2,0.017
30.8243,75.16821,16.5,114.3,0.011
30.81267,75.16916,29.1,53.5,0.011
30.81501,75.17998,29.9,1.6,0.006
30.80765,75.16892,35.1,349.3,0.015
30.80693,75.16087,42.3,339.7,0.022
30.823,75.17755,17.1,174.1,0.008
30.82735,75.16996,27.6,358.2,0.015
30.81592,75.17185,25.8,242.5,0.008
30.82453,75.18446,31.5,24.8,0.017
30.81939,75.17144,29.7,42.4,0.01
30.81134,75.17391,25.2,329.8,0.008
30.81939,75.16217,24.5,226.8,0.008
30.8288,75.16984,19.1,303.5,0.02
30.81621,75.17648,35.9,323.4,0.014
30.82902,75.15916,31.7,161.3,0.011
30.77449,75.14491,0.0,17.5,1.255
30.82308,75.17241,25.5,67.8,0.011
30.8172,75.17193,22.7,24.0,0.026
30.81411,75.1799,19.4,67.9,0.005
30.81723,75.17428,30.9,147.8,0.013
30.86814,75.18626,110.0,42.6,0.345
30.81474,75.16365,42.8,60.0,0.012
30.81936,75.17269,17.5,160.5,0.002
30.82832,75.17228,30.2,122.5,0.022
30.81235,75.16305,40.5,168.4,0.023
30.81003,75.17925,32.8,154.5,0.023
30.81249,75.1902,29.4,232.0,0.015
30.82382,75.17146,20.3,337.4,0.006
30.81913,75.17564,16.9,38.8,0.007
30.82652,75.08176,95.0,35.7,0.659
30.82061,75.16589,40.0,307.0,0.029
30.81728,75.15703,24.5,182.3,0.016
30.82425,75.16595,18.9,275.9,0.01
30.81088,75.16046,8.3,77.6,0.029
30.81388,75.18523,20.2,298.4,0.008
30.81336,75.17068,27.1,332.6,0.017
30.80479,75.16883,40.8,228.8,0.029
30.81887,75.17871,33.4,38.1,0.007
30.81859,75.16263,30.4,322.3,0.023
30.81654,75.16547,24.8,285.3,0.02
30.81462,75.17214,23.3,270.3,0.015
30.80518,75.17983,39.2,13.2,0.005
30.81313,75.17561,29.6,287.6,0.008
30.81376,75.17359,11.2,49.7,0.018
30.81008,75.17222,22.6,80.1,0.001
30.81521,75.1748,21.1,207.8,0.016
30.81973,75.17321,23.6,95.4,0.02
30.83159,75.16336,32.5,238.1,0.025
30.8179,75.17197,27.1,218.9,0.001
30.81856,75.16301,27.4,38.9,0.028
30.8159,75.17225,38.5,236.2,0.032
30.80115,75.16775,22.4,332.6,0.019
31.02153,75.19272,110.0,58.0,1.137
30.81698,75.17128,22.6,214.9,0.012
30.83621,75.16037,28.7,123.1,0.015
30.77903,75.26698,110.0,165.5,0.578
30.81891,75.17575,29.0,103.3,0.015
30.81622,75.18499,31.6,127.5,0.018
30.80715,75.16688,31.5,10.4,0.014
30.82564,75.15894,22.0,353.4,0.018
30.82252,75.17813,19.0,224.9,0.01
30.82283,75.16056,48.0,180.3,0.012
30.80922,75.16811,24.1,138.1,0.009
30.82772,75.16954,33.6,194.2,0.034
30.80529,75.17104,15.1,136.8,0.03
30.82119,75.17711,25.8,129.6,0.021
30.83402,75.16613,27.0,167.0,0.028
30.80858,75.16941,31.8,99.4,0.023
30.81197,75.17149,6.2,64.8,0.017
30.8173,75.1728,29.3,200.4,0.0
30.81247,75.17238,18.8,303.4,0.012
30.80409,75.17509,30.6,55.0,0.012
30.81705,75.17835,19.7,11.8,0.004
30.808,75.17474,21.2,88.9,0.0
30.82029,75.17523,25.8,352.7,0.02
30.80914,75.15894,19.6,298.4,0.018
30.8289,75.172,24.2,214.5,0.003
30.81023,75.17544,18.5,334.5,0.008
30.81392,75.17743,13.3,160.3,0.027
30.82301,75.16606,36.1,354.0,0.006
30.80665,75.16633,17.6,106.7,0.017
30.81832,75.16701,26.6,86.5,0.013
30.82696,75.17589,34.0,229.7,0.02
30.80364,75.17987,23.1,136.1,0.006
30.69155,75.06911,0.0,225.5,0.491
30.81858,75.17886,29.8,109.8,0.017
30.82275,75.17259,36.9,222.5,0.017
30.8066,75.17061,18.6,99.3,0.016
30.80594,75.16991,26.8,18.3,0.018
30.82068,75.17757,14.1,328.4,0.037
30.81888,75.1742,24.9,318.0,0.041
30.8185,75.18981,28.3,349.5,0.009
30.81927,75.16478,21.2,257.9,0.008
30.81106,75.17574,24.3,245.8,0.021
30.81836,75.16737,16.7,201.2,0.017
30.81884,75.16465,28.6,45.3,0.026
30.81079,75.17151,36.4,68.1,0.018
30.83143,75.1727,19.2,104.2,0.016
30.82029,75.19495,23.0,320.5,0.026
30.80697,75.17013,32.0,62.3,0.028
30.82175,75.16256,37.7,332.2,0.001
30.8087,75.17378,16.1,188.2,0.007
30.8228,75.155,26.6,257.6,0.014
30.88783,75.10565,95.0,39.7,0.724
30.80993,75.17173,27.2,96.9,0.013
30.82421,75.17796,8.2,345.1,0.019
30.8198,75.17939,32.0,95.8,0.025
30.82308,75.16757,40.2,106.7,0.032
30.83167,75.1704,28.9,71.1,0.021
30.81454,75.16547,19.8,46.5,0.006
30.81047,75.16258,23.9,84.0,0.014
30.80938,75.17408,42.2,231.2,0.014
30.80997,75.16141,35.3,163.9,0.02
30.81588,75.16828,33.1,199.4,0.019
30.81923,75.16364,30.9,44.1,0.036
30.81871,75.176,22.7,288.8,0.01
30.82312,75.18601,26.4,282.3,0.019
30.8166,75.16119,27.4,7.8,0.039
30.82813,75.15678,32.4,138.1,0.009
30.81438,75.1706,40.1,24.8,0.016
30.83826,75.17173,36.9,285.2,0.006
30.86238,75.20853,110.0,265.4,0.324
30.80964,75.16803,29.8,324.7,0.007
30.80793,75.16999,33.9,85.1,0.025
30.82036,75.17454,33.0,164.3,0.016
30.81471,75.17992,23.0,66.4,0.006
30.82221,75.15596,50.0,133.6,0.023
30.82029,75.16865,17.8,188.0,0.017
30.81592,75.17331,19.3,19.2,0.025
30.80973,75.16426,29.9,257.4,0.004
30.80438,75.18545,44.9,195.6,0.019
30.81293,75.16652,21.3,298.4,0.023
30.82335,75.17127,25.9,97.8,0.011
30.81821,75.17605,36.6,325.2,0.002
30.80653,75.16687,27.9,359.5,0.015
30.81789,75.15683,25.3,330.9,0.027
30.81958,75.16817,32.5,280.0,0.026
30.80943,75.17984,30.2,292.5,0.011
30.81773,75.1689,36.2,206.5,0.002
30.81697,75.16483,38.3,68.5,0.011
30.80736,75.17901,30.5,243.7,0.01
30.81936,75.16895,30.3,256.6,0.019
30.82099,75.16752,29.7,354.7,0.014
30.82516,75.1728,31.9,194.9,0.007
30.82493,75.17777,28.4,97.7,0.026
30.80548,75.19065,28.0,246.1,0.016
30.809,75.17822,37.6,352.6,0.019
30.82062,75.18088,40.1,63.8,0.002
30.82061,75.16755,15.9,117.4,0.009
30.82062,75.16339,28.1,195.1,0.001
30.84732,75.1721,22.5,61.3,0.01
30.82107,75.17246,25.5,8.0,0.021
30.82558,75.16297,31.2,121.3,0.008
30.81533,75.2168,95.0,311.5,1.355
30.82171,75.17479,27.1,15.6,0.017
30.81398,75.17448,12.7,154.4,0.029
30.82257,75.17563,20.3,274.4,0.006
30.81032,75.17393,35.2,343.1,0.02
30.81461,75.16754,6.1,354.8,0.016
30.81262,75.16749,37.5,151.9,0.023
30.81715,75.16201,32.2,342.1,0.013
30.83502,75.18588,38.5,12.8,0.02
30.80156,75.17171,26.4,268.5,0.026
30.82199,75.1698,11.5,231.4,0.008
30.8036,75.16417,31.4,89.8,0.017
30.81272,75.19509,38.2,182.6,0.004
30.82521,75.16301,35.4,46.6,0.022
30.81701,75.16817,22.7,313.8,0.035
30.80788,75.17493,28.7,128.8,0.003
30.825,75.1431,85.0,225.4,0.448
30.82194,75.17926,21.4,57.2,0.024
30.81066,75.18606,35.6,74.2,0.015
30.81823,75.17565,18.4,357.1,0.017
30.81686,75.16315,20.8,271.1,0.011
30.81129,75.16954,19.2,346.3,0.011
30.83365,75.17406,16.1,106.5,0.014
30.82157,75.18815,29.2,59.2,0.015
30.8003,75.16042,37.3,181.1,0.003
30.81799,75.18122,26.5,178.1,0.014
30.81121,75.17304,16.0,63.0,0.031
30.82332,75.1783,34.7,264.0,0.011
30.81016,75.17078,41.5,130.2,0.003
30.81558,75.16486,22.8,67.1,0.013
30.82054,75.17761,24.2,119.5,0.008
30.82343,75.17684,32.1,202.9,0.002
30.8069,75.17938,41.0,261.5,0.016
30.81382,75.17149,23.8,173.5,0.008
30.8127,75.1668,17.3,189.2,0.009
30.81127,75.15913,33.1,50.0,0.017
30.83062,75.17815,34.4,329.3,0.0
30.81974,75.17499,28.0,334.3,0.002
30.80641,75.16387,23.5,246.0,0.022
30.82384,75.16729,36.0,6.3,0.004
30.83348,75.16787,32.2,193.3,0.005
30.82476,75.15974,21.9,226.5,0.003
30.80435,75.16506,28.4,358.1,0.01
30.71311,75.16495,110.0,358.6,1.205
30.82664,75.1683,33.5,308.7,0.016
30.81084,75.16569,25.9,23.0,0.039
30.82005,75.15858,24.5,343.2,0.026
30.8227,75.18778,27.7,220.6,0.006
30.80908,75.18162,28.3,288.3,0.003
30.81602,75.16537,35.2,146.6,0.042
30.79057,75.17378,32.7,115.1,0.026
30.8083,75.17494,26.7,166.8,0.021
30.81448,75.18113,34.1,52.9,0.016
30.80652,75.16505,31.2,128.5,0.018
30.82956,75.18034,24.6,308.7,0.0
30.80506,75.16722,27.0,13.7,0.017
30.81298,75.16091,26.8,54.3,0.016
30.81755,75.17739,32.0,45.0,0.006
30.82803,75.18193,25.1,145.1,0.01
30.80501,75.1923,24.9,358.9,0.03
30.82581,75.162,43.8,62.4,0.014
30.81658,75.17719,35.5,52.4,0.036
30.80865,75.16832,21.9,329.4,0.002
30.8202,75.17787,32.6,317.5,0.01
30.81809,75.15984,28.9,11.6,0.0
30.8117,75.1615,31.1,270.6,0.003
30.81706,75.16539,29.1,236.0,0.007
30.81342,75.17223,37.5,276.4,0.018
30.81741,75.16647,30.8,178.0,0.018
30.8218,75.17687,27.5,356.9,0.008
30.82919,75.17982,36.3,15.8,0.007
30.8066,75.1764,29.9,84.4,0.03
30.83356,75.18455,29.0,142.8,0.012
30.80088,75.17493,30.5,161.9,0.004
30.81529,75.16186,27.3,331.7,0.018
30.82121,75.18251,28.1,201.6,0.017
30.72253,75.21365,110.0,16.2,0.522
30.81152,75.17888,22.0,146.8,0.016
30.81484,75.18419,20.0,149.9,0.003
30.81256,75.17525,16.9,347.6,0.023
30.81179,75.15963,21.0,215.7,0.005
30.8233,75.16425,26.6,228.8,0.009
30.81936,75.18218,28.8,256.8,0.021
30.81096,75.17025,25.8,277.2,0.027
30.8237,75.17224,9.2,228.6,0.031
30.81896,75.17767,40.6,85.4,0.026
30.823,75.17717,36.7,314.7,0.012
30.82154,75.17383,31.6,263.6,0.0
30.80987,75.16993,43.3,267.1,0.029
30.81202,75.1691,20.2,358.8,0.029
30.82248,75.17846,43.1,288.9,0.008
30.82138,75.17603,20.3,298.5,0.024
30.81633,75.16954,29.9,342.5,0.012
30.81744,75.18026,17.8,54.4,0.03
30.82672,75.17057,28.1,179.2,0.01
30.81177,75.16479,31.1,209.0,0.035
30.97918,75.14273,0.0,118.5,0.365
30.73864,75.10717,0.0,302.2,0.649
30.81476,75.16942,28.8,274.5,0.01
30.82529,75.18147,23.8,259.5,0.019
30.8231,75.16516,23.5,359.0,0.005
30.82301,75.17311,34.5,93.4,0.023
30.82694,75.16635,22.8,264.8,0.024
30.81667,75.16952,35.3,198.5,0.039
30.82196,75.15952,37.8,112.7,0.02
30.81402,75.16984,14.7,57.8,0.022
30.81909,75.17005,37.1,322.5,0.01
30.81546,75.17592,44.5,214.4,0.02
30.81728,75.17339,30.0,297.0,0.011
30.82126,75.16201,32.8,196.3,0.016
30.80995,75.18027,36.3,79.2,0.017
30.83324,75.17328,25.8,121.5,0.011
30.80845,75.17319,29.5,137.4,0.016
30.80679,75.17153,17.5,350.3,0.011
30.82576,75.16746,29.1,2.0,0.011
30.82283,75.17334,32.0,354.8,0.026
30.82149,75.1754,32.1,353.0,0.017
30.82153,75.15762,36.5,358.6,0.018
30.8164,75.16729,21.8,171.6,0.0
30.80932,75.16956,23.7,347.0,0.019
30.81711,75.17365,43.2,142.4,0.02
30.81108,75.18115,26.8,9.5,0.011
30.8243,75.16543,29.6,80.8,0.036
30.65906,75.06947,0.0,340.3,1.277
30.8099,75.1675,21.4,5.0,0.023
30.81393,75.16519,41.0,196.6,0.022
30.8198,75.16882,23.8,27.2,0.02
30.81199,75.17777,19.0,103.1,0.017
30.80992,75.16317,24.4,31.7,0.021
30.81845,75.17502,12.0,309.4,0.024
30.81846,75.15798,22.8,212.8,0.008
30.81244,75.16711,20.3,324.8,0.018
30.81273,75.16896,32.9,247.8,0.013
30.81836,75.185,22.6,349.6,0.004
30.80492,75.1694,35.1,183.6,0.022
30.80524,75.15399,39.2,229.9,0.009
30.81075,75.15561,34.2,207.5,0.0
30.81479,75.17187,26.3,174.3,0.01
30.81899,75.17651,29.1,304.5,0.007
30.8283,75.1746,15.8,232.0,0.025
30.82336,75.17294,26.9,288.5,0.017
30.81522,75.1809,21.1,283.1,0.029
30.81635,75.16728,33.6,68.8,0.008
30.80848,75.17876,48.6,234.1,0.024
30.81635,75.15854,32.0,71.9,0.043
30.81419,75.16436,12.1,210.0,0.019
30.81908,75.15714,25.1,243.9,0.024
30.80988,75.1694,29.0,359.0,0.022
30.82065,75.17123,28.7,11.0,0.001
30.82876,75.17251,22.2,32.8,0.021
30.81563,75.1721,30.0,27.7,0.018
30.81971,75.16418,18.1,143.4,0.012
30.82202,75.17008,20.4,295.8,0.006
30.81329,75.15962,33.2,303.9,0.022
30.81829,75.18251,19.9,265.3,0.005
30.8166,75.16917,32.3,322.9,0.036
30.81728,75.16769,17.0,116.2,0.016
30.81032,75.18431,42.1,31.7,0.003
30.8167,75.16166,21.8,20.9,0.01
30.82048,75.1626,26.2,306.8,0.012
30.82811,75.16283,30.6,263.0,0.039
30.82417,75.17106,23.5,251.5,0.006
30.83373,75.17505,29.1,122.3,0.014
30.81036,75.17752,32.6,136.8,0.01
30.82348,75.19218,35.7,344.9,0.02
30.81797,75.1536,34.3,23.0,0.01
30.83402,75.17647,26.6,278.5,0.004
30.81003,75.16714,26.8,111.5,0.013
30.80978,75.16691,46.8,14.1,0.012
30.8117,75.16664,35.6,267.3,0.009
30.79951,75.16433,20.6,119.1,0.01
30.81229,75.18508,28.8,260.0,0.027
30.81043,75.17834,25.3,254.8,0.012
30.8177,75.17179,26.9,192.5,0.004
30.75766,75.25358,110.0,279.9,0.916
30.83151,75.1595,24.7,209.2,0.016
30.8241,75.16095,42.5,103.2,0.002
30.81188,75.15418,32.6,264.3,0.031
30.80931,75.166,8.1,212.1,0.024
30.82044,75.17289,37.7,4.6,0.029
30.80594,75.17242,36.7,324.6,0.019
30.83115,75.17279,25.1,196.4,0.006
30.82594,75.16031,33.7,312.7,0.03
30.81275,75.17803,21.1,317.8,0.006
30.80279,75.17352,24.2,160.2,0.007
30.82733,75.17746,40.0,182.8,0.017
30.81558,75.15646,25.8,149.7,0.029
30.8264,75.17409,13.0,161.8,0.026
30.80374,75.1621,27.5,322.3,0.024
30.8117,75.16842,27.4,283.7,0.012
30.81654,75.17587,37.6,45.5,0.012
30.81688,75.17233,28.1,219.7,0.018
30.8129,75.16479,24.6,358.5,0.014
30.82148,75.17165,36.4,214.4,0.024
30.80796,75.15935,29.0,282.9,0.023
30.81536,75.1808,22.0,276.9,0.021
30.9039,75.20948,95.0,126.1,0.449
30.82062,75.18055,29.5,133.9,0.016
30.82219,75.16739,28.0,260.7,0.014
30.8075,75.16741,29.4,180.0,0.017
30.80423,75.16549,19.4,205.4,0.007
30.82672,75.17861,23.8,256.6,0.002
30.81916,75.16592,28.0,279.9,0.02
30.81051,75.17676,26.4,97.7,0.011
30.82891,75.16854,38.2,52.8,0.021
30.81743,75.15579,29.7,105.0,0.008
30.82593,75.16704,34.8,182.7,0.029
30.81704,75.16217,28.1,123.2,0.025
30.83299,75.17187,36.5,204.6,0.018
30.83054,75.16208,31.2,19.2,0.013
30.81451,75.17901,28.1,183.5,0.024
30.82427,75.17087,27.9,132.5,0.019
30.82166,75.17018,20.4,192.5,0.017
30.82745,75.17685,32.1,152.1,0.025
30.80878,75.17931,27.7,102.3,0.029
30.82199,75.17144,24.0,325.5,0.002
30.82497,75.16543,36.9,66.5,0.004
30.80243,75.15741,18.0,245.3,0.007
30.80703,75.16611,24.6,332.9,0.0
30.80019,75.16666,36.2,193.9,0.014
30.81434,75.17246,30.5,315.5,0.021
30.82224,75.16884,27.6,44.9,0.015
30.82852,75.1771,30.0,177.8,0.01
30.85279,75.16578,95.0,164.5,0.343
30.82953,75.17114,15.9,2.9,0.016
30.80546,75.18107,25.2,159.6,0.018
30.80287,75.17433,40.9,132.9,0.027
30.81606,75.17112,22.7,241.1,0.014
30.81957,75.16678,25.5,337.8,0.036
30.81624,75.16653,23.7,30.9,0.011
30.79996,75.1648,27.3,117.9,0.035
30.81579,75.16727,23.3,159.9,0.005
30.80606,75.17765,31.9,163.9,0.02
30.82186,75.16982,29.6,278.9,0.009
30.81943,75.1608,34.2,159.6,0.026
30.80898,75.18575,19.6,9.8,0.01
30.81239,75.17416,25.3,255.6,0.018
30.80803,75.16034,26.2,318.5,0.008
30.816,75.16807,31.6,185.0,0.024
30.82414,75.17249,21.7,209.2,0.008
30.80861,75.18524,35.3,58.7,0.032
30.82053,75.16274,37.5,79.4,0.005
30.81226,75.17941,20.1,84.7,0.002
30.81016,75.1828,24.1,155.1,0.025
30.81564,75.16657,23.7,334.1,0.009
30.80822,75.16938,49.1,187.8,0.015
30.81207,75.16331,24.6,69.2,0.012
30.80692,75.16997,41.4,95.8,0.002
30.83222,75.17131,17.9,138.2,0.014
30.81678,75.17688,20.1,224.4,0.028
30.8109,75.18032,22.5,158.4,0.025
30.81821,75.16562,21.2,141.3,0.017
30.8156,75.15586,25.9,203.3,0.026
30.81473,75.17143,22.3,87.1,0.004
30.82141,75.17395,21.4,28.4,0.012
30.82256,75.1736,37.3,8.8,0.019
30.81226,75.16899,37.8,90.5,0.014
30.81189,75.1726,35.6,33.0,0.013
30.8143,75.18372,32.2,121.1,0.003
30.79808,75.17465,28.7,278.3,0.006
30.80438,75.16861,24.0,257.9,0.023
30.75314,75.19096,0.0,219.9,0.879
30.82966,75.17024,30.9,306.9,0.024
30.81451,75.18469,18.6,101.5,0.011
30.82111,75.17013,20.0,318.6,0.008
30.91031,75.28889,85.0,143.7,0.668
30.84113,75.16774,43.2,144.3,0.024
30.82546,75.18039,31.1,145.9,0.013
30.7612,75.11637,110.0,35.3,0.832
30.80886,75.1752,26.0,351.2,0.005
30.80365,75.17226,17.3,49.9,0.013
30.81813,75.17189,32.9,122.7,0.014
30.81045,75.15253,32.6,114.9,0.027
30.80512,75.17756,28.6,26.9,0.017
30.81133,75.17267,26.1,54.8,0.032
30.80785,75.17503,35.7,16.1,0.002
30.83,75.16591,20.1,105.3,0.016
30.82355,75.16852,21.8,312.0,0.017
30.81644,75.16831,19.9,122.2,0.021
30.82834,75.17977,28.7,44.5,0.007
30.81712,75.16857,19.3,232.4,0.032
30.80961,75.18826,22.5,358.8,0.015
30.82868,75.17505,22.4,83.6,0.004
30.82081,75.16139,25.9,100.6,0.015
30.8082,75.17057,16.1,349.9,0.012
30.81498,75.16639,28.7,64.4,0.043
30.8095,75.15404,38.0,184.0,0.025
30.80544,75.1844,29.1,86.3,0.015
30.82391,75.17723,40.3,335.6,0.014
30.82216,75.22511,0.0,353.3,1.112
30.80531,75.17292,34.2,293.3,0.025
30.821,75.16054,28.6,113.3,0.014
30.81129,75.16773,28.2,145.3,0.021
30.8126,75.17833,34.1,87.2,0.015
30.81176,75.16319,24.9,320.7,0.002
30.80959,75.15135,12.9,329.2,0.024
30.81689,75.16978,31.9,150.8,0.037
30.80985,75.17047,19.0,236.4,0.021
30.81866,75.17268,20.3,59.6,0.026
30.8161,75.17743,28.0,156.6,0.033
30.81459,75.1767,27.2,227.3,0.007
30.80924,75.17367,16.7,138.7,0.004
30.81189,75.18116,29.3,128.7,0.022
30.82254,75.15945,35.7,0.4,0.013
30.82051,75.17564,19.0,289.5,0.001
30.80868,75.17661,38.2,320.2,0.014
30.81729,75.16168,15.5,349.0,0.022
30.82251,75.15958,44.9,258.9,0.014
30.80314,75.16563,24.7,197.6,0.007
30.82085,75.16631,29.2,96.9,0.013
30.8112,75.17763,12.9,359.7,0.015
30.82106,75.16668,27.5,212.3,0.004
30.81039,75.16475,29.8,245.2,0.014
30.80206,75.16671,27.3,245.7,0.002
30.68125,75.27111,0.0,304.3,1.262
30.81688,75.1717,20.4,3.5,0.001
30.81858,75.17017,37.0,79.3,0.025
30.80927,75.17072,28.2,239.6,0.011
30.87022,75.22407,110.0,322.3,0.365
30.80321,75.16561,23.8,246.7,0.018
30.81597,75.18212,24.5,148.9,0.006
30.80681,75.17328,34.5,130.2,0.018
30.81129,75.17032,15.0,265.7,0.008
30.81688,75.19161,18.3,266.8,0.009
30.80962,75.16315,36.8,218.5,0.019
30.81342,75.16877,18.6,104.9,0.004
30.82455,75.16174,13.4,333.1,0.002
30.81188,75.17922,42.9,198.7,0.017
30.82319,75.18511,16.8,284.6,0.015
30.80746,75.18496,29.5,77.2,0.017
30.82074,75.18139,28.6,123.9,0.018
30.82803,75.17002,5.5,314.8,0.016
30.79673,75.16868,25.9,18.0,0.021
30.81012,75.15823,31.6,184.4,0.016
30.82112,75.18789,30.8,173.4,0.005
30.81488,75.17535,35.2,270.4,0.002
30.81947,75.16766,24.9,101.5,0.034
30.81167,75.18222,33.7,78.9,0.015
30.81719,75.16382,22.5,333.4,0.025
30.81525,75.17485,16.7,205.8,0.012
30.82584,75.17022,17.6,37.7,0.014
30.81854,75.17671,16.3,69.5,0.01
30.8192,75.17109,36.1,359.6,0.04
30.8132,75.15999,15.9,70.4,0.018
30.8126,75.1722,30.2,219.8,0.01
30.81304,75.17999,25.9,151.2,0.002
30.81966,75.17137,27.2,318.8,0.035
30.81313,75.1778,38.9,271.9,0.013
30.81882,75.16324,24.5,214.9,0.022
30.8331,75.17139,32.9,3.9,0.024
30.82347,75.1666,28.3,316.7,0.01
30.81389,75.17758,26.8,160.1,0.022
30.82611,75.17185,46.4,335.4,0.009
30.81324,75.17712,16.5,178.4,0.005
30.8002,75.1803,38.3,249.9,0.027
30.80844,75.17713,33.3,24.9,0.013
30.80153,75.17378,24.2,268.3,0.02
30.81369,75.16361,41.0,121.7,0.019
30.81665,75.17158,13.2,126.5,0.021
30.82991,75.16734,23.8,42.7,0.001
30.81912,75.16885,18.3,52.9,0.009
30.81475,75.1686,31.3,66.9,0.012
30.82314,75.16376,19.1,118.2,0.007
30.79881,75.15594,31.5,321.1,0.019
30.81838,75.16625,26.5,132.6,0.027
30.82267,75.17315,24.2,260.8,0.028
30.80467,75.16081,31.1,29.8,0.012
30.82565,75.17173,25.9,212.8,0.018
30.81921,75.1868,19.3,173.5,0.019
30.81318,75.17978,50.0,352.1,0.021
30.82156,75.18475,24.1,304.6,0.006
30.83467,75.17473,10.3,163.7,0.033
30.81795,75.18094,21.3,279.1,0.024
30.81849,75.16581,17.9,69.5,0.025
30.81283,75.16645,34.6,202.4,0.027
30.8097,75.14969,30.6,26.9,0.02
30.84904,75.05453,0.0,125.3,0.612
30.80965,75.18392,25.0,81.3,0.014
30.81707,75.16717,25.8,258.8,0.002
30.81268,75.16957,25.0,176.4,0.019
30.82033,75.16557,27.4,270.4,0.013
30.81917,75.17466,34.7,185.5,0.015
30.8248,75.1806,30.7,31.1,0.027
30.69701,75.2602,85.0,264.7,1.176
30.81434,75.17488,32.0,300.0,0.012
30.80867,75.16939,35.1,325.3,0.015
30.81295,75.17251,30.3,205.9,0.003
30.81952,75.17527,30.9,271.3,0.012
30.82256,75.17009,37.5,270.7,0.01
30.80912,75.17077,22.7,56.1,0.009
30.82346,75.16989,21.2,59.1,0.024
30.82735,75.17936,18.5,25.5,0.019
30.81981,75.17495,29.5,115.2,0.009
30.83151,75.17336,13.2,170.5,0.015
30.81031,75.16143,31.7,359.2,0.004
30.80654,75.16857,27.1,155.2,0.015
30.80227,75.17879,37.1,261.4,0.044
30.82847,75.1719,22.6,249.6,0.033
30.82173,75.17688,26.4,73.6,0.016
30.81606,75.18573,37.0,21.1,0.017
30.81874,75.17991,39.1,196.6,0.005
30.8075,75.17235,22.6,252.1,0.007
30.83607,75.16751,29.5,359.4,0.019
30.81753,75.15117,30.4,129.1,0.01
30.81738,75.17025,31.0,322.7,0.024
30.82231,75.16899,25.9,137.5,0.031
30.82035,75.17472,38.3,248.2,0.018
30.81829,75.17037,12.9,215.4,0.016
30.81018,75.16904,24.6,19.1,0.002
30.82027,75.15736,31.6,28.2,0.022
30.83156,75.16408,31.7,7.5,0.004
30.82726,75.17541,38.8,133.5,0.011
30.82925,75.18533,37.6,268.5,0.025
30.81241,75.17082,25.7,62.2,0.025
30.80858,75.17422,38.4,218.1,0.01
30.81549,75.17922,22.3,104.0,0.011
30.81695,75.16511,35.4,286.9,0.008
30.82525,75.17453,42.5,287.4,0.003
30.80296,75.16568,37.7,279.1,0.009
30.82874,75.17852,28.8,188.9,0.001
30.81524,75.17281,25.3,102.4,0.022
30.81308,75.17399,15.8,291.4,0.019
30.8084,75.16534,30.5,67.0,0.021
30.92067,75.25453,110.0,104.3,0.947
30.82309,75.18828,21.7,66.2,0.003
30.81709,75.16354,18.5,242.7,0.016
30.80618,75.16888,24.3,247.0,0.016
30.80614,75.17345,27.8,234.9,0.014
30.81381,75.17789,30.2,149.6,0.012
30.82985,75.16712,23.2,36.1,0.032
30.81442,75.14894,36.6,328.0,0.019
30.80447,75.18247,26.3,182.8,0.035
30.81453,75.17768,21.7,146.5,0.028
30.81432,75.15766,29.8,212.0,0.032
30.79492,75.16674,43.7,69.4,0.004
30.81607,75.18415,30.7,47.7,0.021
30.81465,75.18318,25.1,146.0,0.011
30.82207,75.17911,15.8,81.8,0.002
30.83129,75.17019,26.2,87.9,0.03
30.82551,75.17226,29.9,321.3,0.012
30.81435,75.17055,24.9,191.1,0.004
30.80765,75.18063,14.7,174.0,0.011
30.83709,75.16459,21.2,248.2,0.007
30.81697,75.16515,39.6,342.6,0.008
30.81661,75.17968,39.5,40.4,0.013
30.81631,75.17125,20.9,300.1,0.032
30.81808,75.18263,33.4,210.2,0.008
30.81535,75.16623,18.6,52.6,0.032
30.81191,75.17116,39.2,107.0,0.023
30.81213,75.16422,30.0,173.7,0.019
30.81624,75.17166,35.6,248.8,0.022
30.81215,75.15977,14.3,87.3,0.015
30.8108,75.1677,33.4,192.6,0.028
30.81735,75.16011,27.9,246.5,0.021
30.81446,75.17715,34.8,161.5,0.002
30.82853,75.17733,35.3,310.7,0.018
30.79529,75.15776,28.5,313.0,0.023
30.82523,75.18227,23.2,169.4,0.012
30.82647,75.19158,34.2,350.3,0.016
30.79991,75.17197,27.5,27.2,0.009
30.81376,75.16647,21.0,1.2,0.001
30.81353,75.19419,20.6,137.0,0.001
30.80524,75.16105,16.2,216.4,0.0
30.81028,75.17176,23.9,226.5,0.022
30.80762,75.17304,36.8,171.5,0.01
30.83052,75.18236,29.4,45.0,0.008
30.82399,75.17448,23.8,61.4,0.007
30.82667,75.16761,34.4,306.8,0.012
30.82227,75.16399,21.3,312.4,0.004
30.80747,75.16887,28.8,242.6,0.019
30.8123,75.16354,26.6,239.1,0.002
30.82041,75.17198,34.2,215.2,0.026
30.80672,75.16709,15.4,73.1,0.009
30.8222,75.15965,21.2,154.2,0.014
30.81458,75.18164,14.9,250.5,0.015
30.8135,75.16762,25.9,193.4,0.017
30.77428,75.24366,95.0,6.7,1.239
30.82005,75.17025,24.0,343.3,0.011
30.81361,75.17215,23.9,304.1,0.018
30.82577,75.15763,35.0,93.8,0.02
30.70008,75.17066,110.0,221.9,0.451
30.82143,75.16322,27.3,332.4,0.019
30.82124,75.18529,33.5,34.6,0.027
30.81402,75.17579,19.4,181.1,0.022
30.81911,75.1684,39.0,164.2,0.024
30.80649,75.16564,45.2,147.7,0.017
30.82389,75.17076,32.2,300.8,0.006
30.81502,75.1765,11.3,137.0,0.007
30.81232,75.1714,23.5,22.9,0.018
30.82489,75.16986,32.9,23.7,0.024
30.81087,75.17207,24.6,15.4,0.043
30.80523,75.16677,38.2,147.3,0.025
30.80405,75.16885,32.7,258.6,0.003
30.82135,75.15491,22.3,73.3,0.007
30.80626,75.17939,28.3,232.7,0.038
30.83054,75.17399,20.8,247.4,0.013
30.79984,75.16541,26.5,91.9,0.015
30.83007,75.18679,23.6,216.2,0.005
30.81819,75.1723,37.4,246.6,0.031
30.81573,75.16331,44.9,168.0,0.02
30.81214,75.17845,16.6,121.2,0.007
30.81969,75.17478,12.6,222.9,0.005
30.8162,75.17476,26.0,352.0,0.018
30.82533,75.16819,15.9,153.7,0.015
30.81741,75.1752,28.4,141.0,0.023
30.8177,75.16951,34.0,167.1,0.02
30.81359,75.17605,40.0,27.4,0.012
30.81604,75.15636,29.6,199.1,0.01
30.81896,75.16813,26.5,118.3,0.013
30.80282,75.18538,12.2,43.7,0.009
30.95495,75.17181,95.0,167.9,1.197
30.82245,75.16677,28.6,1.2,0.015
30.81787,75.16802,33.1,144.6,0.006
30.81503,75.16188,22.3,38.1,0.021
30.81665,75.15393,24.5,8.7,0.011
30.81928,75.16976,16.2,296.8,0.007
30.81218,75.17269,9.7,329.8,0.011
30.81027,75.17118,19.1,74.8,0.017
30.81807,75.17044,15.4,194.1,0.016
30.77316,75.13991,85.0,100.1,0.392
30.81977,75.17978,23.9,177.7,0.024
30.80288,75.17008,23.7,157.2,0.028
30.82473,75.16701,20.1,96.9,0.018
30.82028,75.16935,2.1,252.1,0.004
30.81855,75.17623,40.1,45.5,0.012
30.82436,75.1829,20.0,19.1,0.005
30.82982,75.16657,24.7,276.4,0.032
30.82461,75.17239,16.4,239.7,0.035
30.80177,75.17431,35.8,179.5,0.022
30.80626,75.16366,29.1,168.4,0.024
30.8115,75.17176,21.4,179.1,0.018
30.81671,75.15987,24.9,157.3,0.019
30.82064,75.15745,41.4,141.4,0.001
30.81069,75.17453,27.4,179.9,0.014
30.81799,75.16853,26.5,190.3,0.006
30.81046,75.17322,20.5,249.1,0.018
30.81161,75.17146,12.8,256.0,0.014
30.80525,75.16379,26.7,135.9,0.034
30.80911,75.17124,30.6,148.9,0.024
30.80569,75.16174,36.8,134.5,0.018
30.80869,75.18273,10.0,193.2,0.012
30.82493,75.16075,19.0,163.2,0.032
30.8089,75.17003,23.4,320.3,0.015
30.83756,75.16326,28.0,250.7,0.018
30.82045,75.17616,26.8,323.5,0.015
30.81798,75.16895,27.0,255.3,0.011
30.80963,75.16745,31.3,349.6,0.015
30.76564,75.04571,110.0,228.9,1.231
30.81189,75.17184,35.5,346.9,0.0
30.81748,75.17573,31.5,56.9,0.018
30.83698,75.16375,25.4,18.9,0.031
30.81573,75.16036,40.8,208.5,0.018
30.83297,75.33669,85.0,354.1,0.744
30.81087,75.16905,35.5,150.3,0.001
30.81622,75.17661,3.9,76.3,0.023
30.83067,75.17096,40.6,187.8,0.009
30.81148,75.17324,34.4,233.6,0.021
30.831,75.15861,44.1,113.5,0.019
30.82216,75.18671,37.9,257.3,0.02
30.812,75.17029,40.6,351.0,0.015
30.82156,75.17718,35.0,322.9,0.019
30.82428,75.16491,38.8,105.0,0.014
30.82147,75.17406,44.0,117.6,0.009
30.80394,75.16118,29.7,133.8,0.005
30.8935,75.13666,110.0,142.0,0.775
30.81452,75.16875,25.5,36.1,0.013
30.8159,75.17183,31.1,274.3,0.03
30.82147,75.17718,28.6,131.5,0.022
30.81792,75.16174,18.0,316.7,0.017
30.80582,75.16612,15.0,333.7,0.008
30.81954,75.17526,22.1,8.8,0.025
30.82138,75.18839,34.5,355.9,0.014
30.82098,75.1705,40.6,255.6,0.031
30.82515,75.17633,35.3,187.3,0.005
30.82317,75.17074,36.5,140.2,0.008
30.82017,75.18714,27.4,186.7,0.007
30.80879,75.17805,95.0,116.9,1.251
30.80321,75.17236,24.4,224.2,0.006
30.81994,75.1586,25.9,33.5,0.016
30.81816,75.15155,24.0,223.6,0.008
30.81867,75.17398,28.4,99.1,0.024
30.80629,75.17272,31.5,6.3,0.026
30.80785,75.16932,34.8,199.0,0.002
30.82493,75.17075,25.8,208.2,0.021
30.81618,75.19639,12.8,153.6,0.015
30.82195,75.16953,24.1,26.0,0.036
30.81673,75.17568,28.3,321.6,0.025
30.81674,75.16641,37.8,220.1,0.01
30.82401,75.17396,23.5,41.7,0.008
30.81237,75.16969,32.1,183.9,0.03
30.81727,75.16832,30.3,179.0,0.0
30.8128,75.18615,28.4,21.7,0.017
30.81302,75.18102,35.4,218.5,0.014
30.81403,75.17269,22.7,291.0,0.012
30.81828,75.15317,23.4,269.6,0.019
30.81267,75.16871,27.9,73.1,0.017
30.82655,75.19322,22.9,310.4,0.02
30.80934,75.16975,32.1,123.3,0.016
30.81501,75.18043,22.3,340.7,0.019
30.81298,75.18314,29.8,25.8,0.016
30.82808,75.17335,27.2,175.0,0.008
30.81807,75.16487,29.7,215.0,0.015
30.82475,75.15212,24.3,89.2,0.008
30.80462,75.17707,25.3,277.7,0.007
30.81864,75.16508,28.8,225.7,0.012
30.82362,75.17301,29.6,6.5,0.014
30.81772,75.22628,0.0,219.0,1.033
30.82502,75.16948,41.6,176.9,0.024
30.81236,75.17187,20.1,70.6,0.01
30.82777,75.17375,27.5,358.5,0.017
30.83489,75.16268,15.4,323.0,0.016
30.8136,75.18118,31.0,105.3,0.009
30.81294,75.16682,19.1,194.8,0.016
30.82813,75.1582,25.8,113.9,0.025
30.82914,75.17073,25.0,279.2,0.017
30.81232,75.17188,30.2,334.9,0.017
30.81314,75.17288,23.6,129.2,0.008
30.81425,75.1825,23.2,290.0,0.035
30.80574,75.16971,39.5,179.4,0.009
30.80915,75.17064,30.3,142.8,0.002
30.80847,75.16277,23.5,337.8,0.024
30.81036,75.17816,26.0,183.7,0.014
30.81622,75.17307,41.2,168.3,0.012
30.81837,75.16824,26.1,242.1,0.01
30.8289,75.15636,22.5,94.0,0.034
30.80851,75.18316,22.5,116.9,0.019
30.82437,75.16178,23.6,335.5,0.02
30.81479,75.16687,23.2,244.3,0.017
30.8161,75.17447,17.8,297.6,0.018
30.8219,75.16203,19.0,97.6,0.029
30.80752,75.15965,21.4,195.8,0.012
30.81956,75.15461,32.7,349.7,0.0
30.81783,75.17737,25.0,114.7,0.024
30.88821,75.13794,85.0,57.8,1.139
30.81881,75.19502,38.2,183.9,0.016
30.83614,75.16365,38.4,139.6,0.02
30.8114,75.16423,25.7,57.4,0.011
30.81225,75.16708,23.0,319.9,0.015
30.81151,75.17355,21.1,356.7,0.014
30.81206,75.16784,33.5,204.7,0.009
30.8114,75.1765,26.4,278.9,0.027
30.82601,75.16377,24.9,309.3,0.001
30.82786,75.16055,21.5,252.4,0.039
30.81193,75.15721,21.8,15.9,0.024
30.80984,75.15381,30.6,56.7,0.003
30.82027,75.16746,17.5,25.6,0.013
30.81208,75.16919,36.0,3.6,0.013
30.82156,75.16655,23.7,110.2,0.019
30.81812,75.18155,26.8,141.2,0.005
30.80437,75.18142,17.3,86.8,0.015
30.82888,75.16892,27.9,23.3,0.014
30.84051,75.12783,95.0,190.8,1.261
30.8116,75.16707,27.6,98.4,0.006
30.8134,75.1668,39.8,286.6,0.024
30.81879,75.16634,29.4,2.9,0.002
30.81918,75.16602,21.6,303.3,0.02
30.82177,75.16637,22.3,343.7,0.023
30.83258,75.16851,32.8,257.8,0.013
30.81508,75.16652,38.4,264.1,0.016
30.81011,75.17327,30.3,336.1,0.027
30.80547,75.17448,33.5,75.3,0.008
30.81065,75.16431,32.9,358.0,0.009
30.81623,75.18177,39.4,278.5,0.01
30.83086,75.16376,12.4,261.6,0.027
30.81236,75.15866,33.3,130.0,0.028
30.81829,75.17465,35.9,196.5,0.001
30.81637,75.16506,17.3,235.4,0.025
30.82601,75.17417,20.9,223.3,0.023
30.83672,75.15237,21.2,253.8,0.031
30.81225,75.18274,22.2,29.7,0.019
30.81258,75.17698,24.1,128.0,0.015
30.82485,75.1596,29.9,156.2,0.026
30.82196,75.15977,34.9,93.8,0.022
30.83127,75.18498,36.7,62.1,0.037
30.82117,75.1657,21.3,50.0,0.025
30.81363,75.16493,21.2,131.9,0.017
30.75676,75.14697,95.0,177.6,1.222
30.82537,75.16879,33.2,22.7,0.009
30.82306,75.16978,28.7,340.7,0.001
30.82056,75.17732,31.8,275.5,0.013
30.82503,75.16041,27.8,263.1,0.024
30.82585,75.15944,32.2,62.2,0.015
30.82756,75.17521,25.3,217.4,0.025
30.82169,75.17965,30.2,190.7,0.018
30.81516,75.15903,15.9,353.7,0.011
30.81767,75.18025,22.5,269.2,0.016
30.83105,75.19177,95.0,207.3,0.642
30.80996,75.18033,25.0,306.3,0.016
30.81945,75.17104,20.6,55.8,0.017
30.87166,75.15351,110.0,5.5,0.546
30.81673,75.17038,15.9,248.5,0.011
30.91873,75.06661,95.0,35.4,1.035
30.81803,75.16445,27.3,41.6,0.027
30.81687,75.1685,14.4,268.1,0.0
30.80562,75.17019,21.3,97.4,0.009
30.82247,75.1484,30.7,226.3,0.016
30.82166,75.18497,23.7,330.3,0.024
30.83381,75.16439,22.4,113.9,0.01
30.81404,75.17565,27.4,78.2,0.025
30.81825,75.17091,30.7,38.4,0.016
30.8185,75.18166,16.5,47.0,0.013
30.82912,75.17485,32.4,22.4,0.023
30.81574,75.16972,21.6,31.6,0.01
30.81873,75.16445,27.9,155.5,0.012
30.82136,75.17798,27.7,115.5,0.022
30.81799,75.15661,23.8,254.4,0.015
30.81293,75.17677,19.8,313.3,0.034
30.81805,75.16281,25.7,282.5,0.022
30.82509,75.18162,41.0,191.0,0.021
30.80829,75.17289,17.1,36.9,0.015
30.81756,75.17675,41.5,255.5,0.024
30.8109,75.17226,25.9,130.6,0.012
30.82606,75.15758,28.3,30.8,0.018
30.80431,75.16471,19.3,303.3,0.006
30.81203,75.17698,21.8,121.8,0.025
30.81952,75.17293,24.0,78.6,0.018
30.82902,75.18105,19.6,313.7,0.035
30.81597,75.17483,26.3,324.8,0.039
30.81206,75.16387,24.7,122.0,0.023
30.83155,75.16523,42.8,127.7,0.016
30.80492,75.17242,18.7,208.7,0.006
30.7415,75.19154,85.0,264.0,0.789
30.82002,75.18499,30.0,22.7,0.017
30.81248,75.17513,19.4,213.6,0.02
30.64924,75.35223,110.0,343.0,1.213
30.82217,75.15896,24.8,94.4,0.007
30.81845,75.18156,8.1,327.2,0.006
30.81199,75.18945,33.3,342.1,0.013
30.80626,75.16103,19.1,96.9,0.023
30.82348,75.17777,19.6,271.5,0.021
30.8217,75.17161,33.5,86.0,0.006
30.81571,75.15924,25.2,265.5,0.023
30.83127,75.17554,35.3,287.1,0.003
30.80794,75.17827,37.7,89.0,0.007
30.8043,75.16679,22.8,257.7,0.014
30.81096,75.18093,34.3,292.4,0.009
30.81614,75.15827,22.0,129.1,0.024
30.8828,75.13201,0.0,60.4,0.698
30.81457,75.17269,22.5,33.1,0.033
30.81932,75.1718,36.2,207.1,0.013
30.91137,75.08165,95.0,352.1,0.764
30.82805,75.17808,30.5,296.3,0.027
30.81584,75.17585,22.6,156.9,0.014
30.82544,75.17847,26.8,193.2,0.03
30.74034,75.14086,85.0,100.6,1.332
30.82015,75.17642,29.8,58.7,0.009
30.82106,75.16803,30.8,173.5,0.027
30.82008,75.18803,29.1,166.9,0.024
30.82164,75.1651,4.2,187.9,0.025
30.82713,75.18844,17.9,343.0,0.004
30.81807,75.17188,22.0,217.4,0.008
30.82217,75.1606,30.3,218.1,0.009
30.81578,75.18254,30.3,46.1,0.007
30.82802,75.17261,26.6,358.7,0.032
30.81109,75.17841,33.1,278.2,0.015
30.83091,75.18139,19.8,315.8,0.015
30.81618,75.1743,32.9,149.1,0.021
30.80505,75.16686,31.8,180.8,0.021
30.81752,75.17941,31.0,188.0,0.018
30.79133,75.22543,85.0,69.9,0.346
30.82323,75.17709,42.6,248.2,0.001
30.81128,75.15437,31.9,325.1,0.019
30.81293,75.17518,20.3,58.9,0.012
30.80138,75.16649,30.0,31.1,0.015
30.81288,75.18483,34.0,265.8,0.006
30.79711,75.17658,23.3,98.4,0.012
30.80383,75.17352,36.7,224.6,0.026
30.82258,75.17549,31.1,250.5,0.029
30.82279,75.16361,9.3,115.9,0.022
30.8199,75.18459,30.4,293.5,0.002
30.80876,75.18753,24.8,198.0,0.028
30.86817,75.32535,110.0,312.8,1.142
30.81647,75.18432,35.6,274.8,0.014
30.80723,75.16705,29.6,312.7,0.005
30.82853,75.16522,41.3,7.3,0.025
30.82352,75.17193,26.6,87.7,0.009
30.81473,75.17508,33.0,32.4,0.018
30.81672,75.16845,34.4,159.1,0.016
30.81817,75.1759,27.2,320.4,0.03
30.80017,75.17405,34.2,168.3,0.014
30.81452,75.16361,23.2,305.9,0.015
30.81104,75.17575,24.6,117.8,0.031
30.87061,75.13768,95.0,122.2,0.882
30.81425,75.17297,29.9,322.4,0.023
30.83088,75.18082,30.6,153.3,0.013
30.82163,75.16186,37.4,284.3,0.005
30.81193,75.17534,34.3,85.2,0.015
30.82108,75.16224,25.7,341.6,0.022
30.82769,75.16269,18.6,206.8,0.029
30.8239,75.16655,31.5,273.4,0.03
30.81698,75.16406,36.9,32.2,0.012
30.81132,75.16722,34.0,177.4,0.005
30.82209,75.16989,36.7,324.4,0.012
30.81965,75.1783,26.3,315.7,0.003
30.82366,75.16903,24.3,16.9,0.013
30.82158,75.15891,22.1,109.3,0.012
30.8249,75.18072,27.6,159.6,0.022
30.81222,75.1649,27.4,62.0,0.007
30.82704,75.17113,29.7,262.8,0.008
30.81808,75.17517,27.0,66.4,0.008
30.8331,75.1732,26.9,124.8,0.027
30.81099,75.18035,21.8,238.8,0.004
30.83039,75.17543,35.5,173.6,0.017
30.81808,75.16471,28.6,265.9,0.014
30.81129,75.18903,26.6,346.0,0.025
30.81263,75.17315,22.0,42.0,0.021
30.81394,75.17042,17.3,255.4,0.016
30.81989,75.17931,38.5,82.9,0.009
30.82068,75.1736,32.4,149.2,0.004
30.81191,75.17479,15.0,11.8,0.017
30.81631,75.19154,34.1,48.9,0.02
30.83364,75.1694,35.4,115.1,0.001
30.83032,75.16906,29.0,123.1,0.003
30.81999,75.17253,40.8,323.9,0.018
30.8168,75.18017,29.7,267.1,0.018
30.81746,75.15955,16.7,350.0,0.005
30.82141,75.15588,30.9,215.7,0.009
30.80832,75.1669,30.0,87.0,0.003
30.81444,75.15853,23.2,118.0,0.029
30.80315,75.1682,32.6,115.1,0.002
30.81969,75.17562,14.7,117.5,0.02
30.82168,75.16447,35.9,242.3,0.015
30.81263,75.16019,21.0,191.1,0.028
30.82909,75.17215,20.1,138.8,0.007
30.80669,75.1785,27.1,53.7,0.016
30.80479,75.15804,31.5,8.0,0.002
30.83066,75.18423,0.0,78.8,0.468
30.82488,75.17814,22.1,38.7,0.021
30.82997,75.17923,24.0,282.8,0.003
30.81283,75.18135,18.9,40.5,0.013
30.82513,75.18922,26.2,260.7,0.025
30.81619,75.16875,36.6,138.8,0.022
30.81512,75.17248,28.0,26.4,0.008
30.82357,75.16827,34.9,292.6,0.001
30.82172,75.17162,39.6,208.7,0.02
30.80389,75.18386,23.3,84.9,0.028
30.82831,75.16084,26.5,322.1,0.008
30.82754,75.16471,45.4,16.3,0.007
30.8115,75.18262,39.6,72.7,0.01
30.81967,75.17976,14.6,270.7,0.021
30.82045,75.16869,31.1,255.4,0.027
30.81859,75.17844,28.0,104.1,0.003
30.8121,75.17433,34.6,22.3,0.0
30.81113,75.1836,22.0,308.9,0.038
30.8163,75.1722,21.3,112.9,0.013
30.82588,75.17981,22.6,70.5,0.018
30.82085,75.19274,23.4,185.8,0.008
30.81354,75.17638,34.5,327.7,0.02
30.82267,75.17199,18.6,15.7,0.025
30.79371,75.17738,23.0,275.7,0.018
30.82569,75.16868,13.7,206.1,0.032
30.85664,75.15524,85.0,153.2,0.874
30.8136,75.17304,38.2,267.9,0.012
30.70159,75.14825,0.0,347.7,0.904
30.80614,75.16491,25.6,82.5,0.02
30.82579,75.18038,31.6,51.7,0.017
30.81276,75.17854,39.8,328.6,0.002
30.81927,75.16762,31.3,240.8,0.018
30.81612,75.17621,22.4,157.7,0.011
30.82032,75.15953,15.0,206.4,0.009
30.81711,75.17308,19.1,268.4,0.015
30.73556,75.26695,110.0,278.3,0.594
30.82447,75.18526,22.8,331.2,0.004
30.81255,75.16543,29.6,153.7,0.011
30.80405,75.16137,23.6,105.6,0.032
30.81308,75.16444,19.5,230.3,0.021
30.82851,75.16091,18.6,149.7,0.014
30.8233,75.18229,40.5,214.1,0.008
30.81371,75.18399,35.1,151.2,0.014
30.81371,75.17416,41.8,55.1,0.008
30.81393,75.18137,32.3,169.0,0.022
30.83311,75.17267,24.6,248.7,0.024
30.81956,75.17084,38.6,287.7,0.021
30.81994,75.16894,27.7,177.6,0.017
30.82474,75.16912,29.8,59.5,0.028
30.81841,75.15922,27.7,149.3,0.012
30.81443,75.17371,4.4,283.1,0.026
30.81493,75.17128,40.8,148.6,0.011
30.81593,75.17756,31.9,250.8,0.006
30.8162,75.17235,30.6,182.6,0.005
30.82232,75.1703,27.5,86.8,0.004
30.7465,75.08507,110.0,286.6,0.766
30.82236,75.17218,23.2,30.3,0.008
30.81585,75.17751,32.9,189.0,0.005
30.81713,75.16245,17.5,75.2,0.022
30.80051,75.1723,29.5,24.1,0.018
30.82383,75.17346,32.5,181.1,0.025
30.81927,75.16586,26.4,179.8,0.02
30.82448,75.1669,31.0,254.5,0.007
30.79333,75.17344,20.1,268.1,0.016
30.83321,75.16253,20.3,262.0,0.016
30.81538,75.1744,29.9,147.4,0.006
30.82537,75.16444,33.4,227.4,0.004
30.82772,75.12625,110.0,207.7,0.835
30.8214,75.1903,32.2,151.8,0.035
30.80807,75.16471,23.7,215.0,0.011
30.79501,75.20507,95.0,341.0,0.638
30.83181,75.16579,17.3,69.4,0.01
30.81497,75.17993,21.2,326.1,0.024
30.81824,75.16148,35.7,19.2,0.024
30.82346,75.17544,28.3,111.0,0.025
30.82047,75.16462,24.9,103.7,0.019
30.8177,75.16994,27.1,225.5,0.029
30.81942,75.16335,31.9,47.2,0.019
30.83573,75.17818,31.5,317.6,0.032
30.81604,75.1649,27.4,298.3,0.001
30.81811,75.17602,36.7,234.7,0.018
30.82491,75.16885,35.8,165.0,0.018
30.82534,75.17068,31.3,335.9,0.006
30.826,75.17278,28.4,299.1,0.021
30.82161,75.16551,33.3,179.8,0.0
30.80736,75.17328,30.5,252.7,0.008
30.82957,75.18384,36.5,204.1,0.005
30.80733,75.16538,35.2,211.7,0.031
30.81892,75.18097,19.9,119.2,0.013
30.81047,75.18358,19.3,166.4,0.037
30.81599,75.16507,22.4,28.1,0.023
30.81913,75.15996,35.8,128.6,0.019
30.7904,75.14498,85.0,250.5,1.174
30.81988,75.16722,31.2,343.2,0.005
30.82941,75.18655,30.9,346.7,0.02
30.82013,75.17188,37.3,200.1,0.014
30.81455,75.16518,29.4,218.4,0.002
30.82421,75.16242,17.3,66.9,0.0
30.82602,75.18032,20.3,250.3,0.005
30.80668,75.16703,18.5,25.4,0.033
30.82128,75.17195,23.7,102.5,0.037
30.82211,75.17925,26.5,240.6,0.017
30.81412,75.16773,18.7,111.7,0.016
30.82751,75.17123,39.8,17.9,0.012
30.8153,75.17147,17.4,299.5,0.006
30.8175,75.17707,38.8,111.7,0.029
30.81512,75.17633,37.5,22.7,0.034
30.81662,75.16984,35.2,26.9,0.006
30.86813,75.18438,110.0,90.6,0.445
30.80498,75.16863,30.7,64.1,0.011
30.82926,75.15978,17.8,278.7,0.011
30.80972,75.17366,35.3,115.8,0.027
30.80857,75.18674,27.4,289.7,0.002
30.79927,75.16453,24.7,62.6,0.02
30.81139,75.16542,18.2,177.4,0.022
30.80592,75.16463,8.2,247.7,0.014
30.82964,75.1774,19.7,234.7,0.024
30.82458,75.17519,36.9,216.4,0.016
30.81099,75.17033,24.8,332.9,0.027
30.83452,75.16426,26.6,82.3,0.0
30.82435,75.17234,33.2,177.7,0.012
30.8139,75.15908,42.4,318.2,0.014
30.7965,75.17275,38.6,28.0,0.012
30.83483,75.17857,20.2,20.1,0.004
30.80538,75.16159,12.5,84.0,0.007
30.80334,75.15934,46.9,227.9,0.024
30.82468,75.18424,46.2,93.6,0.008
30.83602,75.16671,29.5,68.5,0.007
30.82757,75.18069,17.8,165.2,0.023
30.82101,75.17037,35.7,220.9,0.001
30.82126,75.1703,27.1,89.5,0.006
30.82333,75.17511,27.1,108.2,0.011
30.96273,75.3217,95.0,220.9,0.405
30.81875,75.17266,30.7,340.5,0.001
30.81733,75.16855,18.5,242.9,0.021
30.816,75.16104,25.4,281.8,0.024
30.81047,75.1743,33.3,132.1,0.023
30.84362,75.24702,0.0,98.0,0.797
30.80296,75.17034,30.1,163.5,0.027
30.81571,75.16192,35.5,290.6,0.006
30.80859,75.18433,25.1,164.3,0.02
30.80767,75.17861,29.4,304.8,0.01
30.81794,75.17931,1.0,356.0,0.008
30.82764,75.16916,24.4,25.9,0.021
30.82385,75.15777,34.1,16.3,0.002
30.80394,75.18722,24.9,53.9,0.003
30.80858,75.17111,24.3,138.4,0.021
30.82403,75.16561,19.7,47.2,0.02
30.80864,75.17493,36.0,313.4,0.016
30.8147,75.18094,32.4,8.3,0.006
30.8209,75.17142,34.6,113.7,0.022
30.80875,75.18183,14.2,66.5,0.022
30.81734,75.18026,26.7,335.4,0.016
30.80583,75.16299,25.8,241.0,0.003
30.81169,75.16621,25.8,328.3,0.011
30.81906,75.17926,23.1,350.0,0.023
30.80376,75.1499,25.2,179.0,0.028
30.82002,75.1704,34.8,84.4,0.012
30.63748,75.14371,85.0,69.7,0.78
30.82092,75.16779,42.2,80.3,0.013
30.81829,75.16921,31.9,255.1,0.018
30.82741,75.16873,27.7,14.6,0.009
30.8175,75.16718,35.3,18.5,0.014
30.81306,75.16282,16.4,218.9,0.027
30.81748,75.18994,22.7,231.1,0.033
30.82085,75.18654,27.0,239.5,0.009
30.81689,75.1623,38.9,133.9,0.004
30.81682,75.18426,27.6,290.1,0.014
30.81088,75.1684,31.6,192.1,0.013
30.8112,75.17263,23.3,38.0,0.025
30.80528,75.17109,31.9,287.0,0.016
30.8305,75.16632,41.4,343.1,0.007
30.80655,75.17947,36.0,21.6,0.002
30.81096,75.17261,27.3,140.9,0.024
30.81075,75.16779,33.4,175.5,0.021
30.82366,75.16116,32.6,52.7,0.026
30.81414,75.16445,32.1,312.4,0.005
30.82648,75.15847,36.9,102.3,0.033
30.81111,75.1717,36.8,281.9,0.002
30.81873,75.16203,27.0,241.6,0.022
30.80982,75.16948,33.1,215.3,0.004
30.83366,75.18256,24.9,69.2,0.007
30.807,75.18119,20.6,79.5,0.031
30.81898,75.17134,25.8,17.0,0.023
30.82157,75.1709,27.4,86.7,0.01
30.81981,75.18664,14.7,124.4,0.01
30.81502,75.17577,34.9,299.9,0.016
30.81546,75.16898,5.9,131.9,0.02
30.81685,75.16019,49.7,271.7,0.028
30.81532,75.17475,40.0,158.2,0.01
30.82421,75.17823,25.9,282.6,0.001
30.83418,75.16655,28.1,351.5,0.017
30.81204,75.17393,30.4,86.3,0.01
30.80554,75.16869,23.3,310.4,0.002
30.81579,75.17013,29.5,223.9,0.018
30.83714,75.1517,26.8,294.2,0.013
30.81007,75.16983,27.2,234.6,0.018
30.82961,75.17935,29.5,152.6,0.006
30.82992,75.16655,17.5,82.1,0.02
30.81207,75.17202,28.3,25.2,0.002
30.82105,75.16555,29.3,192.8,0.007
30.82953,75.17448,29.0,356.5,0.013
30.81347,75.16987,26.3,265.7,0.032
30.81487,75.16409,37.1,117.8,0.023
30.81185,75.18226,25.2,297.8,0.026
30.80838,75.17903,29.8,276.8,0.029
30.81131,75.16676,38.4,101.4,0.051
30.80671,75.17558,27.4,5.2,0.015
30.81677,75.1759,29.7,42.5,0.029
30.81034,75.17674,27.2,315.8,0.025
30.81837,75.15805,37.9,301.2,0.025
30.80405,75.17965,25.9,106.3,0.033
30.81915,75.16704,38.3,102.7,0.011
30.82317,75.16874,27.2,285.4,0.01
30.80055,75.1927,21.1,337.6,0.018
30.81949,75.17401,33.4,280.5,0.013
30.82632,75.16851,25.6,218.0,0.018
30.80682,75.15396,33.0,87.4,0.031
30.82988,75.18272,6.2,189.3,0.01
30.81985,75.16084,28.0,84.1,0.012
30.81086,75.16357,24.3,290.9,0.017
30.81605,75.16895,19.5,139.3,0.013
30.82097,75.18293,23.6,300.1,0.004
30.81711,75.17779,23.4,137.4,0.009
30.82081,75.17034,27.6,296.7,0.022
30.80913,75.17407,17.1,120.0,0.029
30.81785,75.1668,30.5,158.4,0.003
30.80519,75.17272,38.9,221.6,0.003
30.81561,75.17219,30.2,25.3,0.015
30.80927,75.17935,34.5,341.4,0.006
30.81062,75.17934,36.8,206.5,0.011
30.82639,75.17555,37.9,182.8,0.002
30.82523,75.1687,43.0,302.2,0.029
30.82137,75.17753,24.0,311.7,0.007
30.80776,75.17086,22.3,188.0,0.032
30.81397,75.16294,34.3,333.8,0.026
30.8262,75.16837,33.7,23.3,0.009
30.81763,75.17228,34.2,40.8,0.004
30.83505,75.17888,43.1,214.8,0.013
30.81965,75.17013,28.1,127.5,0.014
30.81804,75.16193,31.4,167.1,0.018
30.81403,75.17205,20.2,118.1,0.007
30.81757,75.17251,45.1,145.7,0.022
30.81528,75.17309,25.3,296.2,0.018
30.82216,75.17896,25.5,213.7,0.012
30.82415,75.17975,25.2,359.0,0.008
30.81021,75.16685,22.8,283.3,0.013
30.80585,75.16667,22.2,98.5,0.007
30.80181,75.16328,23.8,95.2,0.016
30.82056,75.17719,17.1,120.9,0.016
30.80767,75.18319,21.7,303.6,0.018
30.79928,75.16908,43.6,9.8,0.033
30.81961,75.16967,33.9,82.9,0.014
30.83644,75.18333,35.4,325.8,0.025
30.81645,75.17564,37.4,230.4,0.017
30.82321,75.17509,42.7,81.7,0.013
30.81715,75.16207,13.8,78.9,0.014
30.81571,75.17703,18.2,310.5,0.014
30.82385,75.16417,21.6,321.8,0.018
30.81418,75.16253,24.2,92.2,0.005
30.81864,75.16883,25.6,151.4,0.0
30.81907,75.16691,24.4,300.5,0.022
30.81116,75.16983,29.8,277.6,0.024
30.82444,75.16007,28.3,293.0,0.022
30.8151,75.17927,22.2,186.6,0.017
30.81045,75.18062,10.6,328.2,0.023
30.82079,75.15602,20.1,117.3,0.022
30.80931,75.17943,23.6,56.4,0.023
30.81673,75.16512,26.0,255.1,0.006
30.81643,75.17846,19.0,194.2,0.004
30.82519,75.17105,24.1,307.7,0.011
30.8203,75.17183,19.0,29.2,0.015
30.8163,75.17012,27.0,303.7,0.013
30.82304,75.1813,19.4,105.6,0.004
30.82762,75.16168,21.2,235.7,0.032
30.82096,75.17646,17.5,14.4,0.012
30.81658,75.18041,26.8,219.4,0.017
30.80601,75.17733,21.1,258.2,0.027
30.80798,75.1902,35.3,132.8,0.008
30.81406,75.16737,31.2,77.5,0.01
30.81162,75.17926,27.4,193.5,0.011
30.815,75.17075,21.6,299.9,0.012
30.81695,75.18147,31.0,116.5,0.013
30.82074,75.17154,33.5,90.9,0.029
30.81594,75.1685,29.1,100.4,0.022
30.82039,75.18205,40.8,341.7,0.025
30.81702,75.16767,31.7,129.3,0.015
30.8007,75.1603,35.3,1.3,0.001
30.80899,75.16747,29.1,281.4,0.006
30.81535,75.17655,33.4,251.7,0.0
30.80682,75.18274,21.6,46.3,0.019
30.8213,75.17249,24.3,354.6,0.015
30.82875,75.18215,30.8,218.9,0.013
30.82625,75.16073,30.7,180.3,0.011
30.81479,75.16805,32.1,137.6,0.035
30.82843,75.16929,36.8,323.5,0.007
30.81769,75.17068,16.6,87.8,0.024
30.8138,75.17227,20.2,102.9,0.015
30.81159,75.17713,29.8,44.1,0.014
30.81408,75.16804,22.2,273.3,0.027
30.81339,75.17271,50.0,214.4,0.03
30.81786,75.17124,32.1,219.3,0.013
30.81778,75.16419,27.4,78.6,0.023
30.81652,75.17069,23.9,234.4,0.019
30.82,75.17045,24.2,275.6,0.015
30.82603,75.17028,28.2,128.8,0.017
30.8241,75.17185,28.9,288.5,0.008
30.80462,75.17221,24.3,125.6,0.012
30.79607,75.16814,25.8,272.9,0.009
30.82397,75.18178,38.8,12.1,0.024
30.81394,75.29779,0.0,198.4,0.538
30.8147,75.16583,30.0,349.0,0.002
30.80714,75.19384,17.3,353.2,0.008
30.80208,75.1633,32.3,101.4,0.017
30.82083,75.16077,40.4,158.9,0.01
30.82257,75.17748,39.0,22.7,0.015
30.81189,75.15498,33.9,314.4,0.014
30.79577,75.16972,39.4,204.7,0.035
30.81213,75.18877,28.4,138.6,0.021
30.81963,75.15924,33.0,40.6,0.02
30.80467,75.15574,22.6,340.8,0.001
30.71791,75.11808,85.0,190.9,0.919
30.81638,75.17879,38.6,101.9,0.01
30.82113,75.1806,23.3,126.1,0.007
30.81746,75.1675,21.1,97.5,0.007
30.73235,75.23448,85.0,216.7,1.132
30.82607,75.18272,26.2,334.8,0.002
30.81523,75.1859,33.2,308.4,0.024
30.81628,75.16963,24.4,165.7,0.014
30.80903,75.15319,41.7,297.5,0.01
30.81295,75.16503,17.7,152.3,0.015
30.80942,75.16819,38.0,90.8,0.027
30.81512,75.16953,21.9,354.0,0.015
30.83019,75.1701,13.6,109.4,0.02
30.80552,75.18055,29.9,116.5,0.007
30.80359,75.1818,26.0,356.3,0.009
30.82827,75.17023,19.1,48.2,0.019
30.81483,75.18039,14.5,273.8,0.034
30.81115,75.17446,27.9,336.9,0.029
30.82482,75.17212,35.8,184.2,0.021
30.81166,75.17885,32.7,0.9,0.017
30.83111,75.17218,28.5,135.0,0.029
30.82192,75.18806,31.8,40.2,0.023
30.8126,75.16009,27.8,149.8,0.008
30.83376,75.16748,16.6,284.4,0.004
30.81165,75.17059,16.6,157.9,0.018
30.82244,75.17512,26.4,155.5,0.003
30.81889,75.18174,26.7,200.4,0.006
30.82691,75.1714,34.8,209.4,0.008
30.82899,75.16022,34.1,308.3,0.012
30.81676,75.17834,32.8,111.0,0.012
30.81047,75.17764,25.8,295.8,0.012
30.82018,75.15607,17.0,203.7,0.023
30.81108,75.17157,31.3,108.2,0.012
30.83261,75.15888,32.2,106.2,0.011
30.81759,75.16628,8.9,130.0,0.002
30.81358,75.16438,21.3,224.2,0.025
30.81798,75.17807,22.5,83.1,0.008
30.80572,75.17253,28.9,331.3,0.004
30.80873,75.16132,21.6,207.0,0.017
30.8261,75.17864,27.7,331.2,0.007
30.81124,75.16013,26.3,16.7,0.01
30.80812,75.17424,26.7,123.3,0.018
30.82079,75.16509,22.3,8.2,0.012
30.82599,75.16867,22.9,98.0,0.038
30.82225,75.17563,19.4,310.3,0.014
30.82447,75.17577,31.0,13.2,0.021
30.81045,75.1823,32.6,157.0,0.004
30.80513,75.17094,21.8,42.3,0.006
30.82851,75.17405,40.2,150.1,0.004
30.81392,75.1681,25.5,302.0,0.005
30.81449,75.17306,40.2,224.3,0.019
30.82713,75.17512,22.9,265.2,0.025
30.82095,75.17081,11.8,125.7,0.018
30.82015,75.15717,31.2,340.0,0.013
30.83382,75.17425,30.0,255.3,0.009
30.81135,75.17452,28.3,151.8,0.026
30.82392,75.16616,22.9,153.5,0.036
30.81696,75.16132,27.7,330.7,0.016
30.81865,75.18341,23.9,207.5,0.024
30.82873,75.17553,25.6,254.3,0.018
30.82056,75.16977,34.7,150.1,0.023
30.82081,75.1625,29.5,80.5,0.003
30.82508,75.16503,32.9,260.5,0.01
30.81358,75.18202,26.1,218.8,0.019
30.80979,75.1727,25.3,180.5,0.027
30.80814,75.1672,18.8,224.6,0.007
30.80077,75.17568,25.0,75.0,0.005
30.83295,75.16508,1.4,285.8,0.01
30.80767,75.18361,23.3,341.3,0.025
30.81473,75.18242,27.3,320.8,0.001
30.81429,75.16787,32.5,115.7,0.003
30.81896,75.16657,25.9,146.2,0.017
30.82303,75.15065,30.8,291.0,0.014
30.82338,75.15975,10.6,214.2,0.021
30.81184,75.16088,27.5,197.2,0.003
30.81516,75.17268,14.6,333.6,0.012
30.73305,75.1919,95.0,193.0,0.586
30.81451,75.16084,26.5,185.4,0.003
30.82936,75.16935,38.2,15.1,0.03
30.82043,75.17564,31.0,25.0,0.004
30.82238,75.17582,28.1,2.7,0.023
30.8218,75.1564,27.8,328.8,0.011
30.82589,75.17057,22.3,147.0,0.004
30.81795,75.16053,23.6,168.7,0.01
30.80613,75.17881,31.4,304.3,0.02
30.8197,75.17787,16.9,219.3,0.015
30.81129,75.16442,32.7,219.4,0.026
30.81227,75.16547,24.9,106.8,0.029
30.82119,75.16791,34.6,300.2,0.003
30.82641,75.15358,35.7,59.7,0.002
30.81667,75.17429,14.6,19.1,0.002
30.81897,75.16942,23.3,69.0,0.006
30.83012,75.17936,21.2,96.4,0.026
30.81843,75.16281,13.5,101.6,0.021
30.83731,75.16665,19.7,241.4,0.01
30.83903,75.16147,95.0,78.4,1.372
30.80241,75.16357,32.9,243.6,0.029
30.82253,75.16214,43.3,32.8,0.034
30.81955,75.17957,34.6,53.0,0.018
30.82682,75.16601,22.1,183.2,0.012
30.82189,75.17259,24.9,331.9,0.018
30.81539,75.16855,32.7,309.4,0.024
30.80671,75.16144,31.5,348.8,0.017
30.81483,75.17025,23.4,234.2,0.022
30.8097,75.17639,15.9,243.3,0.019
30.81186,75.16194,50.0,225.0,0.003
30.82121,75.17807,26.9,224.2,0.006
30.82986,75.1648,25.4,53.0,0.012
30.81966,75.16774,28.9,195.7,0.026
30.80693,75.17585,26.1,139.0,0.007
30.82006,75.16629,29.0,159.3,0.02
30.82607,75.1719,38.3,188.5,0.018
30.81162,75.16908,27.0,46.2,0.031
30.81543,75.17263,18.7,129.4,0.015
30.84668,75.30418,110.0,22.8,1.049
30.81022,75.15696,24.3,352.7,0.021
30.82169,75.17653,39.4,42.7,0.036
30.81553,75.1799,37.4,93.1,0.022
30.81986,75.16432,28.9,320.9,0.007
30.8094,75.16965,17.8,173.8,0.004
30.813,75.17396,18.2,48.8,0.005
30.82228,75.17715,28.1,138.3,0.035
30.90493,75.07718,95.0,41.7,0.36
30.83032,75.16451,25.0,72.1,0.008
30.8133,75.16894,24.2,18.7,0.013
30.8183,75.17723,23.3,157.8,0.012
30.82396,75.19159,27.8,290.4,0.031
30.80515,75.16978,8.9,210.9,0.005
30.80241,75.16034,19.2,218.3,0.027
30.80429,75.17482,23.0,72.2,0.016
30.8266,75.18217,37.7,123.8,0.027
30.81209,75.17246,21.5,304.3,0.031
30.83697,75.16435,29.4,31.6,0.016
30.81199,75.17926,29.8,308.9,0.012
30.81798,75.17691,38.4,174.1,0.016
30.82884,75.16339,38.1,301.4,0.014
30.83255,75.17465,27.5,114.5,0.002
30.83299,75.17958,24.2,122.0,0.031
30.82617,75.18106,22.7,270.6,0.017
30.82469,75.17107,26.1,282.6,0.003
30.82124,75.16874,24.5,82.7,0.006
30.82273,75.18142,32.4,350.2,0.008
30.81209,75.16192,31.4,30.4,0.023
30.80995,75.17511,32.7,24.7,0.009
30.81647,75.16064,38.1,214.4,0.01
30.81514,75.18012,42.9,260.2,0.02
30.81287,75.16954,29.0,345.9,0.01
30.82207,75.18175,36.8,145.8,0.02
30.82414,75.17553,25.2,9.1,0.016
30.81721,75.16181,37.5,217.0,0.014
30.82832,75.183,36.5,104.3,0.001
30.80737,75.18401,36.1,155.9,0.007
30.81495,75.17866,28.8,175.8,0.021
30.81077,75.16551,22.7,23.2,0.008
30.80157,75.16915,16.8,175.0,0.027
30.81584,75.17276,27.7,153.5,0.038
30.81553,75.16597,40.3,256.5,0.022
30.82861,75.18514,25.5,232.4,0.03
30.82155,75.17275,34.3,66.7,0.022
30.80831,75.14997,34.8,74.2,0.01
30.83133,75.17431,25.7,90.4,0.017
30.82627,75.16881,38.5,64.4,0.035
30.82116,75.171,4.7,236.6,0.01
30.81469,75.16865,18.2,358.0,0.005
30.80882,75.17806,20.7,234.8,0.004
30.81352,75.18056,21.4,218.4,0.013
30.82521,75.17386,30.7,147.6,0.005
30.83158,75.16889,30.3,112.5,0.032
30.82885,75.17127,31.2,328.0,0.017
30.81259,75.17176,32.8,348.8,0.025
30.80754,75.16518,20.4,178.8,0.012
30.81763,75.17623,18.3,104.5,0.004
30.80235,75.17528,31.2,277.2,0.002
30.81909,75.18392,23.0,47.7,0.006
30.81532,75.18164,15.4,275.6,0.018
30.81277,75.16611,35.8,294.8,0.02
30.80374,75.17816,39.2,45.0,0.021
30.82061,75.16399,40.5,351.7,0.0
30.81224,75.17717,29.5,354.8,0.015
30.80714,75.16747,33.0,337.2,0.005
30.79352,75.16341,39.0,178.6,0.019
30.81628,75.17384,22.9,88.6,0.02
30.83068,75.1502,36.9,209.5,0.003
30.82979,75.15759,30.2,151.2,0.025
30.80177,75.08098,0.0,74.1,0.909
30.81168,75.17226,29.5,152.5,0.023
30.82025,75.16865,38.4,239.0,0.013
30.88388,75.10686,95.0,25.5,0.427
30.81891,75.16506,16.1,120.0,0.013
30.82263,75.17473,39.6,6.4,0.007
30.82632,75.17625,20.4,269.8,0.018
30.8157,75.17147,38.0,230.6,0.004
30.81487,75.18085,27.3,22.6,0.004
30.80948,75.17478,37.4,347.3,0.017
30.80988,75.16562,37.1,8.1,0.015
30.81469,75.16936,31.4,212.4,0.009
30.81944,75.16038,32.1,279.5,0.002
30.82381,75.17073,31.4,283.6,0.018
30.81007,75.1805,11.9,12.3,0.005
30.82844,75.17708,28.9,326.3,0.014
30.81433,75.18282,19.1,330.6,0.033
30.81633,75.16918,29.4,202.1,0.022
30.81052,75.18237,18.9,173.5,0.001
30.79711,75.17005,18.5,16.2,0.002
30.82357,75.18337,40.8,202.3,0.017
30.82239,75.17143,36.6,147.4,0.001
30.81425,75.17726,28.0,278.2,0.005
30.81704,75.1834,29.5,145.4,0.02
30.81967,75.05803,110.0,246.1,0.508
30.804,75.17335,32.6,36.5,0.02
30.81227,75.18191,22.6,47.9,0.018
30.82285,75.17054,35.9,50.3,0.014
30.80647,75.16103,26.0,16.4,0.008
30.81885,75.18874,24.6,194.9,0.02
30.80565,75.16784,28.2,285.8,0.03
30.82023,75.17287,23.3,219.7,0.01
30.81621,75.18085,30.6,207.0,0.005
30.80358,75.16673,23.7,245.0,0.004
30.82582,75.16354,31.7,122.3,0.006
30.81062,75.17363,37.7,130.3,0.017
30.81002,75.15726,22.2,113.1,0.006
30.8181,75.1693,27.0,256.4,0.019
30.82569,75.17356,31.7,58.2,0.021
30.80837,75.16944,24.5,4.7,0.003
30.81699,75.15925,31.7,214.6,0.005
30.81993,75.18435,32.4,339.3,0.016
30.82204,75.17243,36.7,219.4,0.014
30.81791,75.18305,23.2,281.9,0.02
30.81356,75.16952,20.5,242.2,0.014
30.80988,75.16456,25.5,179.1,0.028
30.81719,75.17375,20.3,258.6,0.012
30.80792,75.16987,32.5,296.7,0.005
30.79313,75.16218,18.7,80.9,0.004
30.81999,75.18336,46.7,121.0,0.022
30.78804,75.27069,95.0,80.5,1.41
30.7976,75.15688,28.1,162.8,0.021
30.80842,75.18223,34.9,318.6,0.021
30.82145,75.16757,14.9,124.3,0.005
30.83296,75.16674,48.2,134.8,0.004
30.81667,75.15748,23.3,309.7,0.005
30.81068,75.18553,27.0,185.5,0.007
30.81504,75.16128,13.2,192.8,0.011
30.8275,75.17207,31.9,309.9,0.025
30.81133,75.1789,19.1,176.6,0.027
30.81011,75.17497,28.8,245.4,0.012
30.81264,75.17112,23.6,30.8,0.012
30.80887,75.15799,19.4,64.3,0.008
30.81748,75.16512,21.6,145.6,0.016
30.8295,75.1731,29.8,178.1,0.017
30.81908,75.1653,17.7,347.7,0.023
30.81448,75.17323,22.0,349.4,0.023
30.81417,75.17705,33.3,306.4,0.008
30.92465,75.124,85.0,113.6,1.089
30.82356,75.16179,31.8,347.1,0.029
30.81588,75.18917,20.7,248.2,0.011
30.80235,75.1943,0.0,141.5,0.406
30.84204,75.17159,28.3,252.6,0.012
30.81889,75.18032,25.2,5.9,0.017
30.81049,75.19052,35.2,52.6,0.004
30.81309,75.16009,29.7,298.7,0.004
30.82569,75.1698,35.3,232.4,0.022
30.82224,75.0642,110.0,131.1,1.398
30.80499,75.17314,38.6,180.2,0.015
30.82385,75.17452,26.7,325.9,0.003
30.81115,75.17129,20.2,227.4,0.015
30.82245,75.14059,95.0,143.3,1.484
30.82514,75.1552,13.4,43.3,0.032
30.81292,75.17459,22.1,105.7,0.012
30.82675,75.18324,23.0,352.2,0.002
30.81704,75.16687,48.1,157.5,0.023
30.82332,75.17512,42.5,169.9,0.012
30.82038,75.15905,40.0,179.5,0.024
30.80973,75.17526,25.4,318.3,0.018
30.81135,75.16845,47.4,217.4,0.006
30.82474,75.1655,30.9,249.7,0.016
30.81382,75.16552,35.8,140.2,0.028
30.81327,75.16845,29.4,10.5,0.014
30.80886,75.17466,27.6,335.2,0.005
30.81989,75.1611,26.0,341.7,0.001
30.833,75.16842,26.3,341.7,0.007
30.80796,75.17127,32.9,339.7,0.011
30.81669,75.16281,30.9,293.5,0.023
30.8278,75.18597,27.7,246.5,0.004
30.81586,75.16477,40.1,304.0,0.031
30.82012,75.16624,4.3,216.2,0.002
30.808,75.16377,32.1,48.4,0.038
30.81993,75.18599,33.7,140.8,0.032
30.815,75.17602,37.2,349.7,0.016
30.82439,75.16411,27.5,126.4,0.001
30.842,75.2116,95.0,312.4,0.749
30.82547,75.12931,0.0,33.6,0.337
30.82114,75.17366,39.9,120.3,0.002
30.81911,75.16884,25.6,126.3,0.018
30.81806,75.1656,30.1,18.6,0.007
30.81367,75.1743,41.4,42.9,0.008
30.81921,75.16724,11.0,69.5,0.013
30.75219,75.23303,95.0,301.6,1.152
30.81785,75.16145,39.7,22.8,0.036
30.82704,75.18389,36.7,107.5,0.01
30.80845,75.17071,32.2,3.7,0.019
30.82562,75.17399,24.4,250.4,0.016
30.82704,75.17827,20.9,223.3,0.019
30.81556,75.16656,23.3,232.2,0.019
30.79953,75.17851,40.4,134.8,0.024
30.81164,75.14994,23.0,75.0,0.018
30.82688,75.16584,28.8,259.3,0.017
30.81632,75.16421,22.0,292.0,0.016
30.80851,75.16157,34.7,49.9,0.014
30.81246,75.16988,23.7,175.3,0.006
30.82322,75.17469,27.2,89.5,0.014
30.82087,75.17722,14.5,60.5,0.017
30.81459,75.17353,15.1,264.4,0.019
30.81357,75.16627,28.1,193.7,0.017
30.81337,75.17455,17.4,77.8,0.013
30.80912,75.17259,44.8,111.6,0.014
30.82942,75.17909,11.5,348.0,0.009
30.81392,75.17782,21.6,305.5,0.018
30.82624,75.17184,28.1,316.8,0.013
30.88252,75.07429,95.0,165.6,1.319
30.82449,75.16638,19.2,224.6,0.025
30.81305,75.1672,20.3,135.6,0.008
30.81973,75.16908,20.1,28.0,0.021
30.81631,75.17374,25.7,144.4,0.015
30.80927,75.17732,43.6,213.8,0.035
30.81909,75.17119,28.6,103.4,0.013
30.80707,75.17173,37.5,305.3,0.022
30.826,75.17275,32.1,54.4,0.015
30.81278,75.16747,36.9,132.2,0.001
30.81811,75.1642,5.6,45.0,0.01
30.81877,75.15756,25.6,145.7,0.024
30.81443,75.16604,38.5,14.3,0.011
30.82119,75.17539,23.4,98.1,0.007
30.8127,75.16598,42.1,144.3,0.015
30.82347,75.1697,39.9,172.1,0.004
30.80573,75.17533,24.2,195.7,0.016
30.81751,75.17577,24.0,99.0,0.031
30.83201,75.16296,19.9,188.3,0.023
30.8085,75.17958,23.0,183.2,0.03
30.81108,75.18062,18.1,113.8,0.009
30.82061,75.16256,31.4,298.9,0.014
30.81794,75.16501,16.4,196.4,0.005
30.81931,75.18113,32.8,119.6,0.008
30.82041,75.17043,33.0,341.0,0.006
30.82158,75.15384,14.7,304.2,0.002
30.82538,75.1604,40.4,353.7,0.029
30.81978,75.16961,32.1,249.2,0.006
30.81457,75.1623,34.0,136.2,0.029
30.82188,75.16829,21.9,101.1,0.027
30.8317,75.17186,33.0,238.8,0.02
30.81544,75.1833,37.0,353.1,0.004
30.8087,75.16928,27.2,225.6,0.001
30.7458,75.1569,95.0,317.4,1.442
30.81554,75.18303,28.4,118.5,0.021
30.79912,75.18307,37.1,146.5,0.015
30.82328,75.17388,30.3,326.3,0.005
30.81222,75.15589,32.7,272.5,0.026
30.81578,75.17529,14.6,353.3,0.032
30.73643,75.25063,95.0,278.9,0.461
30.81802,75.17095,22.1,161.5,0.016
30.82218,75.18556,21.2,191.2,0.0
30.81302,75.17848,42.0,324.2,0.011
30.8206,75.17615,26.3,198.6,0.02
30.81442,75.18029,20.0,91.9,0.019
30.82241,75.17427,25.1,156.8,0.01
30.82142,75.15166,17.6,185.9,0.012
30.80902,75.16761,39.5,34.8,0.011
30.82519,75.18118,22.4,267.8,0.012
30.81221,75.16514,32.2,39.4,0.019
30.82296,75.16981,38.8,145.8,0.005
30.81944,75.16324,24.0,289.7,0.014
30.83121,75.18587,32.3,168.3,0.018
30.81471,75.18505,19.8,303.1,0.009
30.81371,75.16453,47.6,123.1,0.01
30.81634,75.17278,35.5,344.7,0.01
30.81407,75.16616,26.5,75.4,0.01
30.72496,75.23304,110.0,13.8,0.982
30.80357,75.17568,27.1,314.1,0.016
30.80807,75.17809,25.3,270.8,0.006
30.80796,75.17426,43.6,83.5,0.022
30.8241,75.19508,18.2,354.5,0.012
30.83018,75.16338,29.1,180.8,0.034
30.86234,75.05308,0.0,342.4,1.119
30.69768,75.16548,95.0,181.8,1.133
30.81706,75.15906,27.1,169.9,0.013
30.8258,75.15966,27.1,161.7,0.019
30.76655,75.0727,85.0,120.6,1.454
30.81841,75.16422,32.9,192.1,0.007
30.8243,75.16396,31.4,162.9,0.021
30.82051,75.17575,3.7,13.2,0.006
30.76001,75.1484,85.0,93.8,1.302
30.82451,75.17016,14.8,76.7,0.01
30.79487,75.17875,33.2,312.3,0.006
30.82192,75.16547,39.8,215.6,0.021
30.81127,75.16948,20.6,274.9,0.031
30.80185,75.17453,25.9,344.5,0.019
30.82059,75.15607,23.2,231.9,0.028
30.82749,75.15252,37.9,353.7,0.032
30.8154,75.17437,28.8,112.2,0.006
30.82412,75.17554,41.8,67.1,0.024
30.8294,75.18811,31.3,145.2,0.0
30.82702,75.17286,29.9,169.5,0.019
30.82962,75.17816,28.5,322.3,0.014
30.82244,75.17004,34.5,201.6,0.027
30.8171,75.17398,14.1,105.2,0.027
30.80368,75.18494,28.7,267.3,0.021
30.81453,75.15461,27.4,182.1,0.018
30.80975,75.17491,33.8,58.4,0.02
30.83387,75.18868,26.5,207.7,0.016
30.81509,75.17386,19.7,328.1,0.014
30.81749,75.1848,28.1,303.3,0.029
30.82091,75.16657,19.3,211.3,0.031
30.81685,75.17134,12.6,135.7,0.014
30.83006,75.17187,33.8,31.3,0.017
30.81152,75.15386,32.6,169.1,0.016
30.81806,75.16225,31.7,270.7,0.001
30.81056,75.16282,38.4,129.7,0.012
30.80594,75.17818,22.7,84.8,0.031
30.81161,75.17858,16.6,335.3,0.008
30.8162,75.17419,27.4,295.8,0.036
30.81307,75.17819,25.2,229.8,0.027
30.81096,75.17029,21.3,49.2,0.019
30.80525,75.18122,27.4,52.2,0.021
30.81584,75.17167,23.1,37.2,0.006
30.80446,75.17206,13.3,221.9,0.012
30.82258,75.16948,24.5,41.6,0.029
30.81716,75.17708,18.9,303.3,0.009
30.80484,75.16823,29.9,357.5,0.026
30.81403,75.17941,22.8,131.9,0.001
30.81048,75.16254,36.9,163.3,0.003
30.81905,75.16281,40.8,256.2,0.034
30.82722,75.1771,33.4,337.4,0.015
30.8015,75.17089,15.6,321.9,0.01
30.82863,75.18382,0.0,20.7,1.432
30.81522,75.17872,40.6,60.9,0.027
30.82187,75.16674,28.2,271.7,0.024
30.81821,75.17,38.6,248.0,0.009
30.81048,75.18279,23.6,48.0,0.012
30.81395,75.18391,13.1,180.7,0.018
30.90084,75.07019,110.0,281.1,1.169
30.78693,75.25272,110.0,78.8,0.622
30.81667,75.18145,16.1,313.7,0.017
30.83171,75.16401,28.0,19.1,0.018
30.81601,75.16434,28.3,281.6,0.028
30.81083,75.1528,23.9,221.7,0.023
30.80439,75.18498,24.5,113.5,0.0
30.80207,75.16469,28.6,259.5,0.013
30.80383,75.17059,23.5,281.7,0.006
30.81864,75.16432,16.6,336.2,0.021
30.82057,75.17716,29.7,132.4,0.024
30.80385,75.16859,36.6,247.0,0.016
30.82366,75.16116,35.0,216.9,0.012
30.81264,75.17513,21.5,189.1,0.016
30.81767,75.16013,18.0,320.5,0.017
30.8294,75.1649,25.7,1.1,0.009
30.82367,75.15474,40.5,101.6,0.003
30.81435,75.16021,33.2,193.8,0.006
30.80937,75.17303,33.6,64.2,0.028
30.79929,75.15588,35.1,326.8,0.02
30.81075,75.15975,31.4,233.1,0.019
30.81481,75.17158,29.0,172.0,0.028
30.8086,75.16725,33.3,293.3,0.002
30.81545,75.18754,23.6,162.3,0.002
30.81711,75.18627,16.7,201.1,0.019
30.8147,75.16466,33.8,1.0,0.018
30.8113,75.17606,37.9,131.7,0.002
30.81785,75.17759,19.1,50.0,0.019
30.82004,75.16682,34.6,248.3,0.011
30.80778,75.15964,41.4,172.4,0.007
30.82779,75.1715,28.0,108.6,0.012
30.81571,75.17022,21.5,168.4,0.009
30.81665,75.16811,29.0,75.5,0.009
30.82217,75.17514,23.6,333.0,0.008
30.81837,75.16559,23.1,19.4,0.021
30.82413,75.16238,31.5,311.6,0.013
30.8188,75.17247,15.2,184.1,0.021
30.8116,75.17469,16.4,222.8,0.01
30.81939,75.16219,28.2,108.9,0.007
30.80735,75.17902,27.8,348.0,0.021
30.81737,75.15744,30.7,101.5,0.012
30.81623,75.16698,43.0,212.0,0.023
30.81484,75.16954,28.8,357.6,0.003
30.81547,75.16651,32.8,317.2,0.022
30.80145,75.16708,20.2,193.1,0.009
30.81211,75.18657,34.1,356.5,0.008
30.81724,75.16479,23.8,252.5,0.025
30.81778,75.19113,28.6,75.1,0.027
30.80828,75.1751,27.1,146.0,0.025
30.82663,75.17234,36.3,120.4,0.035
30.80957,75.17541,17.5,123.8,0.028
30.82426,75.19184,9.7,273.8,0.007
30.78002,75.07106,85.0,210.3,1.074
30.81133,75.16264,31.7,13.7,0.011
30.8307,75.16556,29.2,315.9,0.035
30.80695,75.17186,37.9,106.8,0.026
30.82385,75.15779,31.5,358.9,0.013
30.8245,75.17178,23.5,343.5,0.024
30.81114,75.18515,9.4,338.6,0.003
30.82764,75.17281,26.1,292.0,0.018
30.8145,75.16926,36.2,79.4,0.006
30.81881,75.16665,24.9,191.7,0.002
30.81858,75.17879,28.2,80.7,0.023
30.81543,75.16499,31.4,93.5,0.024
30.82299,75.18637,19.9,219.9,0.02
30.82285,75.18707,33.0,14.7,0.013
30.80251,75.17365,41.1,349.0,0.002
30.82693,75.17151,26.6,330.7,0.003
30.8032,75.17985,19.0,137.1,0.005
30.82476,75.18036,27.5,185.6,0.013
30.6757,75.03262,110.0,167.8,0.675
30.80777,75.16739,30.7,317.6,0.026
30.81321,75.16102,31.6,247.9,0.001
30.80765,75.17487,41.4,100.1,0.008
30.8157,75.13447,95.0,160.9,0.567
30.81404,75.1608,31.3,154.4,0.01
30.82274,75.16796,21.1,345.4,0.021
30.8157,75.06839,110.0,63.1,0.957
30.82767,75.16441,15.8,32.2,0.014
30.812,75.17601,26.4,317.0,0.028
30.81483,75.16573,25.6,322.8,0.016
30.80303,75.16919,30.4,313.8,0.011
30.81005,75.15858,23.0,184.0,0.021
30.82422,75.1731,28.7,237.5,0.026
30.82942,75.17125,25.3,202.8,0.018
30.80663,75.16577,25.3,25.0,0.022
30.81176,75.17009,28.6,214.5,0.014
30.81629,75.17304,28.3,4.9,0.014
30.81874,75.16508,34.1,117.0,0.016
30.81002,75.15979,27.0,335.6,0.007
30.81989,75.18604,25.2,109.5,0.009
30.81271,75.16653,26.6,338.3,0.029
30.79104,75.09483,0.0,90.0,0.407
30.82087,75.17969,25.1,113.2,0.031
30.7316,75.25114,85.0,226.2,0.568
30.81301,75.16164,20.7,274.2,0.001
30.85368,75.19434,95.0,180.5,0.322
30.81579,75.16594,24.9,317.6,0.016
30.81354,75.16729,26.0,14.5,0.013
30.92688,75.1913,85.0,332.0,1.194
30.82929,75.16259,30.2,70.7,0.029
30.82099,75.17127,14.3,318.3,0.025
30.81414,75.1598,36.3,144.3,0.01
30.82208,75.17917,33.1,299.8,0.011
30.81383,75.17204,18.1,241.8,0.021
30.82588,75.17498,9.8,63.3,0.024
30.79877,75.24084,0.0,330.5,0.656
30.81564,75.16866,26.1,88.4,0.013
30.82008,75.1739,48.6,87.9,0.009
30.80393,75.16229,32.3,293.1,0.002
30.80749,75.16874,13.5,38.1,0.013
30.80695,75.16472,22.5,79.9,0.012
30.81764,75.16448,27.6,181.3,0.002
30.83036,75.15472,30.0,299.0,0.021
30.83435,75.18231,17.5,53.1,0.02
30.8216,75.16611,26.9,197.2,0.022
30.8634,75.13627,85.0,256.0,1.361
30.80209,75.18015,19.2,309.8,0.005
30.90522,75.1952,95.0,336.8,1.194
30.8102,75.16289,34.2,282.5,0.008
30.81153,75.19208,34.7,235.0,0.006
30.81515,75.18561,32.6,156.1,0.002
30.81272,75.17135,24.0,40.4,0.012
30.80067,75.17366,33.7,255.5,0.031
30.82248,75.16655,30.5,357.4,0.01
30.80792,75.17506,29.1,265.2,0.004
30.81841,75.16586,23.1,6.0,0.022
30.83309,75.15534,24.0,178.7,0.017
30.80914,75.16103,28.6,221.3,0.006
30.79626,75.17177,47.5,248.3,0.022
30.81585,75.25019,95.0,259.1,0.937
30.82531,75.17106,23.1,200.9,0.011
30.83217,75.163,21.3,80.4,0.003
30.80666,75.16534,24.1,339.2,0.013
30.82047,75.17843,45.4,250.8,0.014
30.81278,75.17358,24.8,85.3,0.025
30.81565,75.17152,35.3,116.0,0.016
30.83765,75.17863,25.0,331.9,0.029
30.80448,75.17544,30.1,319.5,0.023
30.81853,75.18317,34.3,145.9,0.032
30.82024,75.16792,23.4,13.8,0.027
30.82519,75.16816,22.9,17.5,0.011
30.81728,75.16119,41.3,102.2,0.016
30.81896,75.16817,35.9,226.5,0.006
30.81337,75.17932,34.3,210.3,0.013
30.81865,75.182,34.3,228.2,0.016
30.81375,75.17928,31.7,258.2,0.014
30.82147,75.15725,44.1,6.9,0.028
30.81354,75.18027,28.4,37.8,0.012
30.81952,75.15689,32.6,129.4,0.006
30.81627,75.17878,16.4,55.7,0.006
30.82551,75.16866,21.4,27.1,0.022
30.81609,75.17722,18.4,230.7,0.001
30.80232,75.16094,38.2,293.5,0.013
30.8266,75.18097,7.6,270.9,0.028
30.80925,75.15988,24.8,294.1,0.018
30.81127,75.16625,4.1,239.7,0.014
30.81173,75.16362,21.3,264.7,0.015
30.8275,75.15757,24.1,97.8,0.005
30.79941,75.17236,39.1,357.5,0.006
30.8416,75.18605,31.2,65.9,0.013
30.82495,75.19294,21.3,77.2,0.018
30.81829,75.17238,36.5,104.0,0.024
30.81606,75.18053,28.1,351.1,0.016
30.81878,75.17346,28.3,355.8,0.029
30.82067,75.17559,18.4,286.2,0.031
30.82166,75.16886,20.1,226.5,0.023
30.82094,75.17316,21.4,187.2,0.027
30.63538,75.07461,85.0,349.4,1.393
30.81492,75.16697,28.6,250.4,0.004
30.81529,75.17098,40.4,340.1,0.02
30.81494,75.17113,31.1,114.0,0.002
30.82557,75.17821,6.3,120.2,0.012
30.82125,75.16307,30.1,307.7,0.023
30.79298,75.17119,16.4,53.9,0.029
30.82175,75.1869,20.3,340.5,0.012
30.81806,75.18091,21.5,182.7,0.009
30.81635,75.18239,22.7,333.5,0.018
30.81339,75.1718,17.0,121.2,0.004
30.82549,75.17417,29.6,257.7,0.013
30.82408,75.17962,16.7,173.8,0.015
30.81032,75.18408,30.9,225.6,0.015
30.81976,75.15599,45.9,181.6,0.016
30.80873,75.16108,17.4,348.2,0.007
30.80546,75.18208,25.7,249.2,0.008
30.81149,75.16938,7.8,90.5,0.008
30.8234,75.16623,25.6,327.5,0.001
30.82413,75.16157,33.1,105.9,0.018
30.8206,75.16716,33.8,133.8,0.024
30.8223,75.16038,28.6,36.8,0.023
30.82063,75.18833,35.1,324.0,0.012
30.81137,75.17142,48.4,103.0,0.007
30.81996,75.17114,41.7,93.2,0.022
30.8229,75.1763,23.8,331.3,0.021
30.82253,75.1793,16.4,290.0,0.017
30.82601,75.17917,24.8,50.8,0.032
30.82217,75.18019,20.4,277.0,0.015
30.81931,75.16655,31.6,328.7,0.012
30.82506,75.16922,18.6,28.3,0.011
30.80645,75.17016,85.0,297.1,1.31
30.80945,75.16738,34.7,197.1,0.022
30.8152,75.17156,27.2,240.9,0.014
30.81054,75.17479,20.4,177.4,0.02
30.8111,75.17788,37.4,251.2,0.033
30.84544,75.07624,110.0,12.3,0.7
30.81016,75.17732,25.4,274.6,0.008
30.81404,75.16973,27.7,12.0,0.02
30.80135,75.17726,28.1,163.9,0.017
30.81821,75.17782,29.4,54.3,0.008
30.81651,75.18446,32.9,296.5,0.019
30.80996,75.18243,27.7,112.9,0.023
30.82177,75.18237,25.1,163.5,0.006
30.824,75.18315,24.7,154.4,0.012
30.80364,75.17393,23.1,278.1,0.03
30.76232,75.1956,110.0,173.2,1.123
30.81035,75.17858,22.8,284.0,0.016
30.86229,75.05303,0.0,26.5,0.429
30.8609,75.07682,95.0,69.0,0.818
30.81495,75.17484,23.8,198.6,0.017
30.81438,75.17132,32.9,341.0,0.027
30.80047,75.16477,22.2,26.9,0.001
30.82158,75.18192,33.1,15.5,0.016
30.80659,75.17204,29.7,56.4,0.011
30.81698,75.18799,23.2,230.8,0.025
30.81872,75.1586,32.2,143.6,0.003
30.82739,75.16715,32.4,297.2,0.019
30.80603,75.17186,37.3,25.9,0.008
30.79234,75.1807,35.7,70.7,0.017
30.81797,75.1748,31.9,108.0,0.016
30.8309,75.17408,19.0,225.6,0.012
30.82641,75.16258,47.6,246.7,0.02
30.81818,75.16234,16.8,44.7,0.015
30.81257,75.17418,35.6,339.8,0.014
30.82296,75.16069,31.5,122.8,0.011
30.80871,75.16734,18.6,256.7,0.016
30.82031,75.17561,27.0,188.7,0.017
30.82054,75.16374,27.4,80.2,0.005
30.82498,75.18444,38.4,304.6,0.012
30.83858,75.18139,22.3,294.6,0.004
30.81964,75.15903,25.9,142.6,0.015
30.81243,75.16414,9.3,211.9,0.009
30.8163,75.15331,41.9,92.8,0.023
30.80235,75.16534,19.4,248.3,0.022
30.81094,75.17773,30.6,111.2,0.006
30.81323,75.16829,27.2,303.9,0.015
30.81231,75.17529,27.2,78.3,0.021
30.81772,75.15942,34.5,5.3,0.013
30.80992,75.17798,41.4,96.7,0.008
30.82547,75.16716,30.0,68.8,0.004
30.8165,75.1717,33.2,183.0,0.024
30.81643,75.17086,30.6,73.3,0.024
30.81388,75.16143,36.1,274.7,0.013
30.81774,75.16238,24.3,86.9,0.023
30.8231,75.17934,36.6,254.5,0.015
30.80956,75.17479,36.9,208.2,0.028
30.81124,75.18,36.7,355.0,0.013
30.81407,75.1742,22.7,360.0,0.016
30.80573,75.17274,26.7,313.0,0.012
30.80995,75.15779,29.9,273.6,0.029
30.81269,75.16944,17.0,139.1,0.004
30.8235,75.17138,40.8,271.2,0.03
30.8186,75.18722,27.9,344.4,0.019
30.81805,75.1771,30.3,8.4,0.021
30.82331,75.18389,23.4,193.6,0.012
30.8154,75.17638,17.4,78.5,0.002
30.81962,75.16591,23.2,200.8,0.024
30.81567,75.17254,29.8,167.9,0.018
30.81862,75.17349,33.4,207.3,0.029
30.81184,75.16409,29.3,198.3,0.013
30.79699,75.16852,30.8,345.6,0.011
30.81543,75.16995,25.3,198.8,0.029
30.82788,75.18444,32.0,304.6,0.034
30.82391,75.15495,39.9,115.1,0.015
30.82422,75.18125,33.6,157.7,0.007
30.82639,75.16411,34.5,169.3,0.023
30.81721,75.16062,30.4,100.3,0.012
30.81808,75.18104,16.0,136.7,0.021
30.81156,75.17746,19.6,215.5,0.012
30.81397,75.18164,31.6,208.9,0.031
30.82143,75.17801,27.9,229.1,0.008
30.82613,75.18808,31.5,126.7,0.02
30.81538,75.17607,41.4,113.7,0.01
30.8129,75.17035,33.8,220.2,0.012
30.8165,75.17434,38.1,47.8,0.011
30.82131,75.18155,28.8,91.1,0.022
30.80495,75.16536,21.5,15.2,0.024
30.79813,75.16638,27.5,26.1,0.021
30.8121,75.16913,21.6,87.6,0.014
30.80673,75.15476,40.5,7.0,0.016
30.81243,75.1727,34.3,88.3,0.024
30.81532,75.15651,32.2,235.8,0.024
30.81287,75.17202,37.9,22.0,0.012
30.82812,75.17852,11.8,157.2,0.012
30.81911,75.16778,32.7,328.7,0.013
30.8189,75.18502,17.5,284.9,0.022
30.82148,75.15992,27.9,110.0,0.014
30.80739,75.18113,25.5,332.9,0.022
30.82481,75.177,33.3,118.7,0.004
30.81589,75.15787,29.8,26.1,0.018
30.82186,75.19329,38.8,357.9,0.024
30.80793,75.17109,23.2,313.2,0.0
30.80407,75.16458,33.7,167.7,0.04
30.82304,75.16034,29.3,239.9,0.027
30.81951,75.16984,14.9,241.6,0.015
30.80928,75.17058,20.7,70.0,0.007
30.80954,75.17242,26.8,72.0,0.013
30.8255,75.16922,36.9,169.0,0.016
30.80698,75.17667,31.7,328.2,0.019
30.82964,75.1685,18.7,3.6,0.03
30.8093,75.15612,26.9,281.7,0.01
30.82161,75.17041,44.1,20.7,0.021
30.81387,75.15266,28.9,172.2,0.002
30.82133,75.17443,25.4,229.6,0.011
30.81215,75.16377,31.9,247.2,0.019
30.8152,75.17291,34.1,21.1,0.022
30.81683,75.18211,24.4,150.7,0.007
30.80848,75.16401,32.0,210.2,0.011
30.87791,75.2425,95.0,23.8,0.368
30.81239,75.16813,33.8,48.6,0.027
30.81467,75.18563,29.4,238.9,0.017
30.80855,75.16868,31.9,187.8,0.007
30.796,75.16488,21.9,58.3,0.04
30.81497,75.1771,21.4,192.7,0.015
30.8358,75.16811,35.6,328.6,0.012
30.82278,75.16487,27.4,5.6,0.01
30.81635,75.16778,30.3,231.3,0.019
30.8144,75.17124,25.5,26.5,0.019
30.81668,75.18234,35.2,2.3,0.025
30.82088,75.15613,23.1,54.2,0.006
30.80705,75.17178,26.9,152.2,0.012
30.82541,75.1766,34.3,288.8,0.035
30.82222,75.17315,37.4,101.4,0.017
30.82225,75.18208,23.8,225.2,0.013
30.82001,75.17101,43.7,148.0,0.006
30.81666,75.17012,30.5,84.4,0.02
30.82188,75.17634,19.7,185.1,0.025
30.82123,75.17239,31.0,287.1,0.024
30.81367,75.16848,24.9,299.7,0.012
30.81191,75.17573,31.5,304.7,0.019
30.81731,75.16638,27.7,121.9,0.032
30.82889,75.16671,28.6,285.6,0.026
30.80659,75.16738,20.7,76.4,0.007
30.80476,75.18242,35.9,265.8,0.01
30.81782,75.14583,18.8,341.4,0.018
30.81691,75.17476,19.1,4.9,0.023
30.83383,75.13733,110.0,158.5,0.404
30.81845,75.15815,40.8,233.2,0.015
30.81471,75.17408,25.2,252.6,0.012
30.82842,75.17541,33.6,63.4,0.016
30.80369,75.17632,36.6,350.0,0.01
30.80987,75.15039,34.5,221.5,0.028
30.81567,75.18253,25.5,59.2,0.016
30.86727,75.22247,95.0,7.4,0.35
30.81509,75.17709,10.3,282.0,0.024
30.82979,75.17753,25.9,28.7,0.002
30.81667,75.16459,37.4,50.8,0.028
30.81835,75.17688,19.0,206.9,0.025
30.80642,75.16852,33.6,217.3,0.029
30.81157,75.15503,20.4,247.3,0.013
30.8135,75.18094,28.8,141.7,0.01
30.81396,75.1654,33.7,278.6,0.016
30.82675,75.16476,22.7,350.8,0.014
30.82096,75.16838,29.4,97.6,0.008
30.80761,75.17378,24.7,253.1,0.009
30.83725,75.1283,95.0,334.2,0.525
30.82049,75.17598,29.9,247.1,0.003
30.82562,75.16088,28.5,245.2,0.022
30.82914,75.16566,40.5,80.6,0.014
30.80838,75.17067,33.3,192.6,0.012
30.81001,75.18678,22.5,202.5,0.004
30.80644,75.17069,27.3,252.0,0.003
30.81463,75.18028,27.4,358.9,0.034
30.72539,75.10985,110.0,12.1,1.319
30.8244,75.16773,48.2,23.5,0.021
30.81589,75.16963,31.0,28.1,0.017
30.81394,75.17025,11.7,267.5,0.013
30.81771,75.17643,23.7,49.1,0.033
30.80982,75.1826,12.5,224.1,0.022
30.83322,75.17448,25.4,116.9,0.007
30.80364,75.1811,12.1,164.6,0.015
30.81798,75.16388,21.0,77.6,0.004
30.83269,75.16828,15.8,311.8,0.033
30.81655,75.16581,31.1,211.0,0.006
30.81498,75.17412,28.0,340.0,0.01
30.81364,75.16873,30.4,206.9,0.008
30.81506,75.17744,27.2,44.6,0.016
30.82748,75.16415,16.8,61.5,0.029
30.79881,75.17194,32.1,356.1,0.033
30.82877,75.17709,43.4,261.2,0.011
30.80511,75.15508,31.3,17.7,0.019
30.81437,75.18857,24.6,253.4,0.016
30.81307,75.16933,16.6,148.4,0.005
30.82121,75.1554,20.7,110.6,0.039
30.80372,75.17286,31.6,55.5,0.029
30.8202,75.17187,36.6,302.4,0.017
30.83269,75.17094,30.1,23.0,0.031
30.80559,75.17953,34.4,104.3,0.027
30.66823,75.21392,110.0,110.3,1.397
30.8112,75.17398,32.1,57.9,0.018
30.81991,75.1752,22.7,182.9,0.03
30.81665,75.17077,29.4,4.2,0.006
30.81137,75.1858,21.2,108.4,0.032
30.8204,75.15977,28.1,336.1,0.013
30.83093,75.17272,30.6,111.8,0.03
30.81497,75.17212,41.4,129.8,0.015
30.82226,75.17811,17.5,170.3,0.018
30.80615,75.16485,31.9,202.2,0.015
30.80885,75.15765,39.8,291.1,0.01
30.82028,75.17285,34.1,68.5,0.012
30.82837,75.17385,34.7,313.8,0.029
30.81934,75.18352,32.7,272.7,0.008
30.814,75.16144,38.4,260.2,0.003
30.81649,75.18084,19.3,31.2,0.008
30.8065,75.19054,16.9,7.8,0.004
30.82134,75.16858,27.9,213.8,0.03
30.82356,75.16127,10.7,310.7,0.028
30.81288,75.16834,37.8,210.4,0.021
30.77424,75.10687,110.0,76.8,0.489
30.81863,75.17611,24.5,32.6,0.028
30.81301,75.16687,25.0,251.9,0.001
30.81597,75.18404,27.4,259.8,0.036
30.8333,75.16268,28.4,62.1,0.008
30.81452,75.15769,29.0,10.1,0.012
30.81363,75.18045,32.5,147.0,0.011
30.81132,75.1534,26.6,209.8,0.004
30.82245,75.16997,35.5,254.2,0.034
30.81505,75.19654,31.6,291.6,0.023
30.81131,75.1715,23.1,219.8,0.027
30.82707,75.16263,38.7,39.9,0.003
30.82786,75.17114,17.1,245.7,0.017
30.8117,75.17119,27.3,354.3,0.02
30.80157,75.17289,35.7,326.0,0.018
30.82456,75.1769,22.2,313.8,0.003
30.81102,75.16329,30.5,108.8,0.026
30.82283,75.1851,32.3,270.3,0.016
30.80074,75.17356,21.1,306.4,0.005
30.82364,75.17741,27.4,244.2,0.004
30.80681,75.16657,26.7,90.2,0.021
30.82235,75.18189,23.6,343.4,0.04
30.81661,75.16954,46.4,162.3,0.005
30.80887,75.17382,21.9,46.7,0.017
30.81324,75.16414,36.0,39.5,0.026
30.82199,75.16362,24.9,233.1,0.002
30.81735,75.17711,19.3,157.6,0.01
30.82118,75.16805,28.8,34.0,0.006
30.83231,75.16477,33.2,266.5,0.025
30.80399,75.16645,35.4,287.8,0.028
30.82944,75.17719,40.5,261.1,0.017
30.81733,75.16657,50.0,72.8,0.007
30.80931,75.17066,30.0,248.3,0.011
30.80586,75.17172,22.7,3.9,0.009
30.81499,75.15626,31.6,109.8,0.005
30.82387,75.15983,25.9,143.6,0.014
30.81548,75.17429,35.4,300.7,0.021
30.82859,75.1657,17.6,140.5,0.02
30.80489,75.18005,46.9,4.1,0.015
30.8164,75.17933,34.8,126.8,0.016
30.80648,75.17735,14.5,179.6,0.014
30.81941,75.18616,22.3,341.6,0.002
30.8236,75.17094,34.5,338.8,0.017
30.81313,75.17679,37.4,65.1,0.009
30.79567,75.16692,17.8,66.7,0.002
30.81809,75.19122,33.7,58.8,0.019
30.81999,75.18747,12.4,284.0,0.009
30.81973,75.1717,27.3,2.2,0.017
30.82639,75.17469,36.9,45.8,0.023
30.80793,75.18247,23.6,193.7,0.005
30.82194,75.17042,15.9,89.1,0.016
30.82604,75.16635,29.2,33.2,0.003
30.80227,75.17859,23.2,129.6,0.03
30.81906,75.17223,33.0,98.7,0.001
30.81247,75.17306,20.9,184.0,0.01
30.81585,75.16493,21.8,352.5,0.028
30.81928,75.15786,11.8,44.7,0.013
30.8126,75.17349,29.4,134.2,0.003
30.81109,75.17884,26.7,335.5,0.022
30.81677,75.16979,18.5,315.7,0.022
30.8078,75.18309,29.6,141.9,0.009
30.80781,75.16597,36.2,251.6,0.01
30.82193,75.16316,26.3,31.6,0.011
30.80731,75.17106,30.1,256.5,0.013
30.91163,75.16574,110.0,350.2,1.037
30.8202,75.17776,18.4,193.5,0.013
30.95766,75.19751,0.0,179.5,0.493
30.81108,75.18254,24.2,67.4,0.006
30.82605,75.18734,33.2,228.2,0.009
30.80865,75.17129,34.2,212.6,0.003
30.81278,75.1816,26.9,234.7,0.021
30.8202,75.16315,32.9,9.4,0.027
30.82277,75.1802,30.0,197.5,0.027
30.81449,75.17998,16.7,214.2,0.003
30.76448,75.24419,110.0,74.7,1.218
30.82788,75.17148,23.1,75.0,0.029
30.83041,75.14797,24.3,99.4,0.02
30.82433,75.16647,17.6,256.2,0.02
30.81718,75.16659,37.0,218.3,0.01
30.81003,75.16377,40.8,304.5,0.017
30.80986,75.17258,35.8,106.4,0.027
30.82068,75.16825,38.2,328.3,0.018
30.81985,75.165,25.2,267.7,0.003
30.82771,75.16313,22.9,142.2,0.01
30.8217,75.16588,21.8,34.3,0.027
30.80448,75.18057,33.2,92.5,0.018
30.82492,75.16631,29.8,344.4,0.016
30.80852,75.16748,27.4,111.7,0.009
30.81343,75.16795,38.4,118.8,0.027
30.8185,75.17431,31.2,68.3,0.032
30.83247,75.17525,21.3,290.5,0.028
30.84138,75.14724,22.6,99.2,0.029
30.82135,75.17977,33.5,118.9,0.011
30.81503,75.18309,36.3,149.2,0.01
30.82078,75.1632,32.4,156.1,0.013
30.8236,75.16382,43.2,148.1,0.015
30.81393,75.168,41.1,181.3,0.029
30.83086,75.16555,31.5,293.2,0.027
30.81834,75.17339,21.3,294.9,0.02
30.82048,75.15603,17.5,287.4,0.001
30.82183,75.16266,24.9,36.4,0.002
30.81987,75.18391,34.0,287.9,0.017
30.82321,75.16417,42.6,43.3,0.024
30.81156,75.18155,31.3,44.9,0.014
30.81203,75.17444,37.3,341.2,0.034
30.8077,75.15713,26.0,295.0,0.004
30.82002,75.17668,33.0,198.9,0.003
30.82273,75.17066,34.6,315.0,0.008
30.82016,75.16796,12.2,356.2,0.008
30.8299,75.17356,24.7,219.8,0.02
30.81646,75.1754,35.6,220.6,0.011
30.82185,75.17726,30.2,271.6,0.0
30.80777,75.18103,18.4,83.6,0.024
30.8134,75.17487,8.6,60.2,0.003
30.82206,75.16059,25.1,273.4,0.004
30.82329,75.16781,27.4,124.2,0.001
30.81415,75.19514,20.9,48.6,0.017
30.81593,75.1774,29.1,113.4,0.017
30.80436,75.19055,32.1,129.1,0.034
30.81364,75.18276,33.4,347.5,0.024
30.82362,75.17353,9.2,251.3,0.029
30.8211,75.17401,17.5,191.1,0.018
30.82051,75.17131,25.6,348.8,0.005
30.8169,75.1577,32.6,325.1,0.016
30.81656,75.17174,31.9,184.3,0.021
30.81122,75.18129,31.8,326.0,0.022
30.82209,75.1668,24.9,145.5,0.01
30.81987,75.1749,25.4,83.0,0.02
30.82044,75.17841,22.2,83.8,0.006
30.76058,75.28063,0.0,238.4,1.153
30.79927,75.16799,20.6,180.4,0.004
30.82528,75.16346,34.8,237.2,0.015
30.81267,75.16502,29.7,247.0,0.003
30.8096,75.1613,27.6,8.0,0.011
30.82205,75.1644,22.7,19.5,0.024
30.81336,75.18296,17.2,191.8,0.005
30.82498,75.16428,22.8,68.8,0.01
30.82144,75.17261,25.4,227.7,0.016
30.82197,75.16758,9.0,198.8,0.017
30.80557,75.18103,26.4,210.9,0.01
30.8262,75.18209,35.4,108.9,0.023
30.81859,75.17851,32.5,230.3,0.021
30.81355,75.17405,24.0,298.6,0.026
30.81765,75.16975,28.4,359.3,0.014
30.80229,75.16207,23.6,301.8,0.01
30.81977,75.18715,29.2,200.7,0.008
30.80827,75.16552,40.3,69.6,0.018
30.80568,75.17691,35.7,245.3,0.011
30.80432,75.18008,32.2,337.6,0.009
30.75971,75.04267,85.0,76.3,0.592
30.81147,75.1799,34.0,92.2,0.008
30.82877,75.17771,14.5,53.6,0.017
30.81221,75.18542,26.0,265.2,0.001
30.80284,75.16785,32.7,146.4,0.018
30.80757,75.16131,33.9,22.6,0.022
30.82639,75.16756,33.4,315.0,0.009
30.81525,75.17327,30.4,200.8,0.034
30.81211,75.17207,26.4,119.2,0.015
30.81778,75.16845,32.3,123.8,0.001
30.82051,75.15633,20.4,104.5,0.012
30.82544,75.17536,21.2,164.0,0.016
30.82809,75.18738,28.5,121.3,0.019
30.81362,75.17531,29.4,197.3,0.012
30.80589,75.17647,13.4,278.5,0.005
30.81319,75.17618,31.6,242.8,0.004
30.81858,75.17478,34.2,106.0,0.008
30.80879,75.17905,27.4,190.3,0.009
30.80884,75.17476,47.0,302.4,0.004
30.81925,75.1691,22.5,24.6,0.008
30.81611,75.16523,25.1,28.2,0.022
30.81676,75.16961,24.8,200.2,0.031
30.81043,75.17411,27.4,230.1,0.023
30.81466,75.16907,25.4,76.1,0.028
30.80911,75.17411,16.7,268.3,0.025
30.82362,75.17511,23.6,232.7,0.023
30.82478,75.17827,27.2,332.4,0.012
30.80173,75.18186,37.8,60.8,0.016
30.80906,75.17222,45.6,270.5,0.011
30.80453,75.16114,38.7,30.1,0.013
30.8113,75.16884,21.8,203.5,0.016
30.81583,75.17195,22.4,198.7,0.022
30.8049,75.15691,26.7,139.8,0.019
30.80913,75.18271,42.3,304.0,0.013
30.80847,75.17274,26.7,1.6,0.016
30.81816,75.17465,17.4,187.3,0.019
30.81705,75.18252,24.0,78.2,0.022
30.81073,75.16656,34.1,267.7,0.0
30.81791,75.17619,33.5,15.5,0.004
30.81213,75.17072,26.4,299.4,0.026
30.81433,75.17013,33.5,301.7,0.014
30.82989,75.16542,9.8,299.8,0.011
30.82722,75.18492,28.8,54.9,0.012
30.8061,75.1686,34.9,226.9,0.012
30.82314,75.1772,21.3,5.2,0.021
30.82299,75.1566,21.3,305.3,0.004
30.80731,75.18104,13.1,260.3,0.015
30.82305,75.18002,40.7,191.2,0.017
30.8288,75.17238,22.2,263.0,0.019
30.80752,75.16978,29.9,34.0,0.017
30.80916,75.1748,32.8,190.3,0.02
30.82464,75.18991,40.1,104.9,0.009
30.81867,75.15749,26.8,350.1,0.006
30.82091,75.17786,23.7,308.6,0.04
30.81922,75.16431,29.4,264.0,0.012
30.81963,75.17144,38.3,336.1,0.013
30.80589,75.16962,26.6,124.9,0.022
30.82488,75.16817,20.4,324.3,0.031
30.82586,75.17152,15.7,117.1,0.01
30.81466,75.16253,18.2,263.8,0.005
30.81615,75.17983,34.9,265.1,0.003
30.80425,75.15725,25.4,6.6,0.031
30.82061,75.17592,23.1,130.0,0.005
30.82108,75.16899,22.3,7.0,0.015
30.816,75.16223,28.7,359.0,0.005
30.82549,75.17322,26.1,44.0,0.001
30.81383,75.15914,25.8,195.4,0.012
30.82102,75.17192,38.8,284.6,0.006
30.80834,75.16022,40.3,72.5,0.008
30.81631,75.17529,15.1,174.6,0.035
30.81511,75.16421,30.6,218.7,0.019
30.8183,75.16799,21.8,57.7,0.024
30.81354,75.17395,26.0,280.3,0.023
30.81545,75.16542,30.5,107.8,0.014
30.82311,75.17114,26.3,76.0,0.011
30.81301,75.15949,29.8,201.0,0.017
30.80365,75.17665,33.4,147.7,0.017
30.8305,75.18572,30.4,331.3,0.009
30.82755,75.19394,22.8,316.8,0.016
30.80616,75.17233,23.0,174.0,0.008
30.82202,75.17791,16.5,129.3,0.013
30.81248,75.15735,21.2,117.2,0.012
30.81861,75.18362,43.7,96.3,0.002
30.81885,75.17781,21.7,196.0,0.009
30.81462,75.16773,18.5,289.8,0.006
30.81023,75.1815,30.6,111.9,0.033
30.81098,75.16956,27.1,68.4,0.012
30.80917,75.16794,26.4,171.2,0.023
30.80985,75.1754,39.3,24.9,0.006
30.81596,75.16309,32.4,252.5,0.005
30.81077,75.17977,23.8,186.6,0.001
30.82196,75.16315,24.6,178.7,0.013
30.8284,75.1632,24.0,108.2,0.039
30.81186,75.16432,35.0,325.7,0.02
30.81842,75.17768,25.5,32.6,0.032
30.8205,75.16667,13.7,313.1,0.012
30.82028,75.16082,27.6,135.6,0.029
30.81711,75.16675,15.7,317.0,0.036
30.82244,75.17134,45.5,262.4,0.014
30.82036,75.16215,20.3,37.5,0.01
30.8066,75.16239,26.7,299.4,0.002
30.82345,75.18849,30.1,245.6,0.012
30.8236,75.16472,25.7,11.6,0.016
30.81039,75.16902,25.7,48.1,0.035
30.8168,75.16866,31.4,228.8,0.002
30.82197,75.16823,40.2,238.5,0.016
30.81483,75.17657,34.1,268.8,0.003
30.82508,75.17919,39.8,259.3,0.011
30.83541,75.16915,19.6,237.4,0.018
30.81021,75.16171,30.5,275.8,0.02
30.8342,75.21996,85.0,207.0,0.78
30.81893,75.17084,30.8,93.9,0.019
30.82227,75.18544,39.0,328.5,0.021
30.81465,75.15364,26.2,6.6,0.015
30.82813,75.17316,24.8,132.0,0.005
30.80579,75.18695,32.3,262.4,0.004
30.82204,75.16877,13.8,153.8,0.01
30.81165,75.1698,26.1,8.9,0.014
30.83026,75.17396,26.9,23.8,0.028
30.83244,75.16713,20.6,233.5,0.014
30.81037,75.1691,36.5,347.4,0.013
30.8121,75.1689,19.5,198.7,0.019
30.82338,75.16658,26.9,182.4,0.012
30.77537,75.14711,85.0,114.6,0.944
30.81614,75.17529,38.8,92.4,0.035
30.8167,75.17361,27.9,7.6,0.037
30.80114,75.17807,35.5,98.3,0.016
30.81639,75.16949,33.6,161.7,0.018
30.81098,75.16541,29.0,71.3,0.031
30.81256,75.16678,19.3,31.4,0.014
30.82805,75.17161,16.5,258.4,0.022
30.80645,75.16313,28.9,322.1,0.004
30.82301,75.1676,23.7,337.2,0.012
30.81427,75.16747,35.4,222.5,0.027
30.81426,75.1886,34.0,19.0,0.008
30.82282,75.14941,26.5,266.7,0.014
30.81922,75.17016,18.7,39.6,0.001
30.82106,75.18541,32.1,241.1,0.035
30.82425,75.17257,19.9,280.6,0.028
30.81385,75.17763,21.9,261.3,0.017
30.8116,75.1724,20.2,342.7,0.02
30.80782,75.16626,26.9,265.7,0.019
30.8099,75.15366,37.4,249.6,0.029
30.84009,75.17324,28.0,94.2,0.01
30.82646,75.1654,24.5,332.9,0.022
30.80569,75.1652,15.8,64.6,0.026
30.80592,75.16761,32.4,325.8,0.027
30.82035,75.18556,21.8,112.6,0.008
30.82088,75.19084,28.9,46.9,0.009
30.82089,75.17334,25.2,297.6,0.005
30.81446,75.16788,34.7,0.9,0.016
30.8155,75.16218,26.7,299.6,0.005
30.93843,75.1257,95.0,94.4,1.413
30.81719,75.18586,31.9,318.5,0.037
30.79875,75.16962,44.9,248.9,0.021
30.80574,75.05934,95.0,239.8,0.92
30.80969,75.17696,27.3,131.5,0.019
30.8179,75.17948,28.0,21.4,0.016
30.84038,75.15891,23.8,298.8,0.025
30.81944,75.17301,20.4,61.5,0.009
30.81399,75.17521,23.6,134.0,0.017
30.82387,75.17102,21.8,216.1,0.017
30.82036,75.16527,33.2,173.6,0.005
30.81986,75.17973,19.4,71.5,0.028
30.74779,75.25322,0.0,50.6,1.067
30.83295,75.15972,34.0,44.4,0.025
30.80745,75.1552,28.2,310.7,0.016
30.82029,75.18169,28.0,11.4,0.031
30.80909,75.17653,23.5,351.7,0.005
30.82094,75.1723,30.2,71.5,0.004
30.80915,75.16808,36.7,39.7,0.006
30.81316,75.16737,22.4,207.7,0.016
30.81414,75.16299,15.7,28.8,0.03
30.82431,75.16815,33.6,216.9,0.031
30.82385,75.15464,30.6,306.2,0.008
30.80653,75.16571,19.0,17.2,0.017
30.81694,75.16911,22.1,288.0,0.017
30.81082,75.17648,21.1,142.0,0.023
30.80643,75.17128,22.2,57.4,0.026
30.81476,75.17796,25.4,63.4,0.015
30.81403,75.18239,25.9,330.8,0.016
30.83591,75.18007,22.8,39.8,0.016
30.81996,75.17536,21.9,312.0,0.007
30.80548,75.17169,26.2,195.9,0.019
30.81198,75.16375,29.3,14.1,0.013
30.82467,75.17752,25.5,167.2,0.024
30.83321,75.18504,37.3,294.3,0.014
30.80381,75.17434,32.1,261.4,0.006
30.80146,75.18694,15.3,176.0,0.0
30.83147,75.1594,32.2,309.6,0.004
30.81962,75.16237,32.8,43.3,0.028
30.80955,75.17844,24.5,327.6,0.01
30.93775,75.24675,110.0,304.7,0.508
30.79541,75.18211,28.1,255.0,0.033
30.81653,75.17148,27.9,294.4,0.009
30.81912,75.16466,19.0,195.8,0.009
30.82389,75.16989,16.4,243.1,0.014
30.80839,75.15934,27.3,201.8,0.015
30.81719,75.16257,26.1,128.0,0.034
30.8091,75.17938,24.7,204.8,0.031
30.81854,75.17858,27.3,92.7,0.021
30.80934,75.1745,19.2,158.5,0.029
30.81324,75.15783,24.5,101.1,0.013
30.80853,75.16873,32.3,44.2,0.018
30.82171,75.1618,25.2,115.9,0.012
30.82337,75.18101,14.6,306.7,0.002
30.81462,75.16693,24.2,137.2,0.027
30.81681,75.16291,19.4,269.3,0.02
30.80491,75.17184,30.1,63.1,0.015
30.8141,75.16648,30.6,152.8,0.015
30.8161,75.18347,14.7,41.3,0.0
30.87887,75.25262,0.0,49.9,0.748
30.8076,75.16041,19.1,222.3,0.018
30.82821,75.15438,40.5,218.7,0.01
30.82447,75.17135,27.6,76.8,0.013
30.81875,75.1671,18.0,170.8,0.014
30.83057,75.16017,18.9,310.8,0.008
30.81948,75.18111,30.8,62.7,0.005
30.81961,75.17694,24.9,6.9,0.001
30.81608,75.17137,27.2,234.7,0.014
30.82629,75.18251,40.9,19.3,0.021
30.82527,75.1769,22.4,352.8,0.001
30.81149,75.16502,28.5,219.5,0.015
30.80595,75.16329,39.4,169.3,0.018
30.81488,75.17814,30.2,154.8,0.005
30.8101,75.17477,15.1,206.3,0.029
30.81599,75.17296,32.0,32.6,0.011
30.8264,75.16483,18.7,334.8,0.014
30.81284,75.17646,39.3,225.2,0.013
30.81616,75.16556,21.4,66.2,0.003
30.81696,75.17078,50.0,202.5,0.025
30.82329,75.18318,39.7,48.0,0.005
30.79852,75.16631,21.6,6.3,0.013
30.80641,75.26443,0.0,227.0,0.694
30.81819,75.16318,34.0,233.5,0.03
30.96436,75.12879,95.0,210.1,1.495
30.81256,75.17364,31.5,66.1,0.011
30.80149,75.17057,38.0,217.2,0.029
30.82146,75.16753,27.0,20.3,0.02
30.81142,75.17548,25.1,219.3,0.022
30.80698,75.16481,25.2,199.4,0.004
30.81151,75.17405,34.9,235.9,0.011
30.81502,75.16575,30.9,322.4,0.013
30.81166,75.16442,30.3,306.1,0.006
30.79886,75.1665,34.4,353.0,0.002
30.82368,75.1686,11.6,351.4,0.01
30.8267,75.17121,30.5,278.0,0.029
30.82171,75.17348,29.7,344.3,0.016
30.8074,75.14209,41.4,312.2,0.029
30.81489,75.16514,15.8,261.9,0.017
30.79655,75.2584,95.0,27.1,0.766
30.82129,75.18364,28.6,17.7,0.028
30.82185,75.16296,31.9,301.5,0.017
30.81063,75.1729,41.4,176.3,0.025
30.81716,75.18356,32.5,293.3,0.004
30.82016,75.1611,31.2,112.7,0.025
30.82815,75.17475,29.9,143.2,0.026
30.82214,75.16518,24.1,252.1,0.018
30.82281,75.16756,27.8,329.5,0.007
30.81717,75.16518,22.3,31.6,0.015
30.82778,75.16575,27.6,310.1,0.021
30.81978,75.19338,9.3,285.5,0.017
30.80961,75.17836,31.4,113.6,0.021
30.82773,75.18041,27.0,127.9,0.025
30.82208,75.17554,25.3,16.7,0.009
30.81296,75.15875,29.8,5.7,0.003
30.81266,75.17476,16.5,171.7,0.015
30.81887,75.18018,43.4,34.4,0.012
30.82021,75.16477,27.2,69.8,0.023
30.81808,75.17932,26.8,304.8,0.004
30.81899,75.17723,20.3,205.6,0.025
30.8301,75.18642,28.2,228.1,0.029
30.82507,75.16826,39.1,67.5,0.015
30.81803,75.16282,36.3,298.3,0.016
30.82403,75.16871,34.8,312.5,0.007
30.80824,75.18308,32.4,188.4,0.01
30.81968,75.15697,25.1,328.5,0.011
30.83097,75.15505,16.4,304.1,0.029
30.81476,75.17232,26.4,263.3,0.014
30.80972,75.16806,26.1,264.3,0.002
30.81128,75.17166,36.4,37.9,0.018
30.80778,75.17916,30.5,97.5,0.023
30.81022,75.16718,40.9,24.1,0.015
30.79529,75.09219,85.0,3.1,0.722
30.80526,75.18796,24.3,57.0,0.023
30.81662,75.16362,13.6,317.0,0.005
30.7726,75.05458,0.0,86.4,0.896
30.80924,75.18043,38.9,349.3,0.017
30.82865,75.16852,17.1,215.0,0.002
30.82059,75.17109,40.1,85.4,0.018
30.82474,75.17546,31.1,179.0,0.003
30.81124,75.18027,29.3,78.9,0.025
30.82334,75.16893,40.9,354.2,0.024
30.80776,75.18376,38.8,305.0,0.02
30.82362,75.15451,33.2,9.4,0.008
30.81787,75.17768,31.8,341.2,0.017
30.82093,75.16488,32.9,259.6,0.01
30.8071,75.18258,24.8,29.7,0.005
30.80934,75.17274,27.6,241.4,0.012
30.82128,75.16622,20.8,232.9,0.022
30.73269,75.2259,95.0,78.8,0.645
30.82021,75.17875,25.1,273.0,0.03
30.80556,75.17674,22.9,31.3,0.023
30.82329,75.16336,29.1,176.2,0.022
30.80664,75.16773,25.4,3.6,0.001
30.82092,75.17157,32.0,348.7,0.012
30.82151,75.17127,15.0,270.6,0.004
30.81093,75.1776,27.1,57.2,0.013
30.82116,75.15548,29.1,123.0,0.008
30.81858,75.17427,25.5,57.8,0.011
30.81219,75.16928,26.6,276.0,0.026
30.80843,75.16489,15.3,21.2,0.02
30.8008,75.16566,30.9,302.5,0.025
30.8193,75.16988,33.2,339.2,0.001
30.80398,75.14279,31.9,243.6,0.016
30.81726,75.16599,36.3,76.7,0.025
30.81439,75.16459,29.6,129.6,0.03
30.82193,75.17586,31.8,171.8,0.0
30.81408,75.16516,29.2,217.7,0.011
30.81386,75.16988,33.5,240.7,0.025
30.82235,75.18394,15.4,199.5,0.013
30.81918,75.17955,20.9,126.5,0.006
30.81903,75.17882,40.7,320.7,0.0
30.82025,75.1676,8.3,29.3,0.006
30.80422,75.17594,26.9,167.9,0.002
30.82255,75.16973,37.4,279.2,0.016
30.87817,75.26138,110.0,21.9,0.405
30.80837,75.17488,24.8,253.9,0.002
30.81455,75.16682,29.0,295.1,0.018
30.81619,75.18354,25.2,237.9,0.023
30.81542,75.17032,28.2,4.7,0.015
30.81917,75.17655,22.5,64.8,0.001
30.82795,75.18324,36.9,123.2,0.019
30.82515,75.17985,39.4,84.1,0.014
30.806,75.16033,26.9,346.6,0.013
30.82148,75.17516,16.9,234.6,0.01
30.82713,75.17841,23.8,106.9,0.016
30.81959,75.17873,26.5,334.7,0.02
30.82523,75.16269,32.0,266.6,0.039
30.8326,75.16634,19.9,102.5,0.016
30.82469,75.17956,21.8,136.4,0.03
30.81849,75.16551,32.1,71.8,0.019
30.82486,75.1692,35.5,349.6,0.014
30.81766,75.18421,23.0,186.2,0.016
30.81669,75.17122,17.3,322.6,0.003
30.81369,75.16579,50.0,124.7,0.018
30.82901,75.16458,34.3,309.9,0.005
30.80995,75.17426,25.9,19.4,0.006
30.82876,75.16093,35.0,353.6,0.016
30.8205,75.16962,27.0,328.3,0.027
30.80531,75.17427,34.9,130.8,0.029
30.81944,75.18199,29.3,278.9,0.013
30.7997,75.17694,28.7,270.8,0.017
30.8215,75.16589,27.1,324.5,0.025
30.82358,75.18103,16.4,110.6,0.002
30.81176,75.1692,43.5,167.6,0.019
30.81749,75.16171,20.5,311.4,0.007
30.83213,75.17022,17.1,280.3,0.013
30.81245,75.18311,26.3,141.6,0.01
30.80803,75.17292,20.3,304.5,0.019
30.82835,75.1717,27.6,16.9,0.021
30.8322,75.1847,33.5,281.5,0.024
30.81653,75.16015,36.0,74.4,0.018
30.82459,75.16132,34.5,103.0,0.017
30.82723,75.15867,25.6,177.6,0.034
30.81056,75.17458,28.4,161.9,0.0
30.81262,75.17293,31.3,187.4,0.032
30.82635,75.18394,13.9,196.1,0.012
30.82998,75.17355,32.6,119.3,0.021
30.821,75.16837,16.3,63.1,0.012
30.80946,75.17161,44.3,276.7,0.008
30.8324,75.17254,24.8,144.0,0.02
30.81225,75.15823,26.5,182.1,0.025
30.81382,75.19328,21.8,232.1,0.02
30.81924,75.17576,23.0,327.5,0.01
30.82893,75.17328,46.2,254.7,0.051
30.82333,75.17652,35.5,16.4,0.027
30.81982,75.17728,15.6,301.9,0.024
30.82021,75.17048,40.0,356.2,0.011
30.81685,75.16655,37.5,170.1,0.009
30.82097,75.1764,25.8,349.1,0.012
30.79626,75.17469,30.5,197.0,0.026
30.81413,75.16512,27.9,165.5,0.005
30.81843,75.18295,43.8,119.3,0.004
30.80729,75.17395,21.6,236.7,0.02
30.81959,75.17744,29.2,82.7,0.018
30.81486,75.18274,24.6,37.8,0.007
30.83054,75.17178,16.5,9.8,0.004
30.82908,75.17414,45.5,105.3,0.029
30.81277,75.17808,18.5,142.5,0.019
30.81529,75.1658,29.8,198.7,0.001
30.81591,75.17203,14.1,105.4,0.002
30.81289,75.1726,24.8,354.3,0.011
30.81806,75.16395,31.4,105.0,0.022
30.81043,75.19014,21.4,158.8,0.021
30.80746,75.16034,32.7,37.2,0.026
30.82148,75.16122,25.8,93.8,0.0
30.82154,75.18211,37.3,17.4,0.017
30.81007,75.17731,38.9,201.4,0.029
30.82366,75.16339,23.3,270.4,0.028
30.81145,75.17646,28.6,70.5,0.019
30.81853,75.18334,29.5,132.4,0.038
30.82306,75.17136,33.0,6.0,0.021
30.81641,75.29589,0.0,302.2,0.913
30.82014,75.15781,29.5,280.8,0.015
30.81237,75.17715,26.1,22.8,0.007
30.81493,75.18093,28.9,131.4,0.006
30.81485,75.17873,38.4,343.9,0.017
30.81053,75.16997,33.2,141.1,0.013
30.81509,75.16928,33.6,189.4,0.003
30.80411,75.17515,33.8,127.9,0.005
30.81257,75.17813,26.8,214.6,0.012
30.81422,75.17642,30.6,352.1,0.022
30.87859,75.26511,0.0,359.1,0.472
30.81457,75.16345,38.2,278.9,0.014
30.81601,75.16978,5.7,145.6,0.005
30.82034,75.16408,27.3,178.0,0.015
30.8235,75.16851,37.1,128.4,0.028
30.8113,75.17972,17.1,354.8,0.017
30.80687,75.17246,31.2,254.8,0.0
30.80816,75.19245,22.6,161.6,0.002
30.8126,75.17315,25.0,4.4,0.021
30.81368,75.17208,35.6,187.4,0.013
30.81034,75.17245,29.6,354.2,0.014
30.80613,75.1665,11.7,188.3,0.009
30.81285,75.17114,20.2,65.7,0.02
30.81795,75.18062,35.8,8.0,0.012
30.82126,75.17251,31.6,127.7,0.013
30.93928,75.16689,0.0,330.6,1.45
30.8132,75.1642,41.5,358.8,0.024
30.80909,75.168,25.3,340.3,0.013
30.81625,75.17219,48.0,262.6,0.021
30.80971,75.18115,28.2,200.9,0.003
30.82109,75.16088,20.3,212.6,0.032
30.80221,75.16904,22.9,194.0,0.028
30.81362,75.17275,9.9,254.5,0.004
30.81891,75.15693,40.9,150.8,0.007
30.81797,75.16493,40.8,240.9,0.02
30.83804,75.16616,19.9,43.8,0.002
30.8193,75.16523,26.2,95.7,0.014
30.80847,75.17314,28.8,301.0,0.019
30.81574,75.17032,20.3,325.3,0.013
30.80229,75.16716,14.0,194.0,0.02
30.81586,75.17502,26.3,11.4,0.008
30.80984,75.18538,25.4,333.7,0.007
30.82382,75.18471,24.9,252.7,0.025
30.8121,75.15622,29.8,149.1,0.025
30.81557,75.17622,39.4,215.4,0.04
30.81142,75.17018,25.6,154.7,0.007
30.83041,75.17284,29.4,167.5,0.023
30.81393,75.16841,33.8,319.3,0.005
30.83116,75.17254,32.4,58.0,0.033
30.82301,75.17281,23.1,37.3,0.02
30.69806,75.13961,85.0,1.0,1.135
30.81945,75.16443,32.4,113.0,0.023
30.81965,75.16801,19.0,53.1,0.009
30.80108,75.17347,38.1,79.2,0.018
30.81427,75.17639,39.5,4.0,0.017
30.82326,75.17843,22.2,81.8,0.032
30.81611,75.16765,29.5,119.8,0.033
30.80526,75.17387,33.1,11.4,0.009
30.81608,75.1793,23.6,218.8,0.026
30.83013,75.18092,31.9,204.8,0.019
30.82648,75.17113,29.3,34.9,0.001
30.816,75.16983,16.3,214.2,0.008
30.87793,75.08427,0.0,359.5,0.519
30.81357,75.1624,19.2,340.0,0.019
30.80287,75.17005,35.5,1.0,0.025
30.8091,75.17756,22.6,286.3,0.013
30.829,75.17674,26.7,127.3,0.01
30.81431,75.16944,39.0,22.9,0.015
30.81455,75.17334,32.0,106.6,0.012
30.8141,75.165,19.4,115.8,0.0
30.83173,75.17723,19.9,188.4,0.005
30.82951,75.17098,23.2,238.0,0.022
30.92666,75.21751,95.0,269.7,0.481
30.81523,75.16871,30.9,88.5,0.015
30.81886,75.1711,21.3,115.8,0.017
30.80437,75.16802,18.7,111.0,0.018
30.82832,75.17687,30.3,130.6,0.026
30.80716,75.16844,26.5,359.9,0.004
30.81823,75.18434,45.3,280.1,0.021
30.80772,75.18332,28.3,351.0,0.023
30.81179,75.16447,42.5,249.5,0.025
30.8098,75.17216,18.6,146.3,0.001
30.81164,75.16639,15.4,140.3,0.018
30.81219,75.16899,19.0,175.9,0.032
30.81211,75.18762,37.5,150.1,0.014
30.80577,75.16022,0.0,298.2,1.005
30.80766,75.17448,21.7,167.4,0.023
30.81826,75.17593,24.3,106.4,0.005
30.82624,75.16359,18.6,278.9,0.033
30.81239,75.16476,13.5,307.6,0.02
30.81076,75.16195,33.7,151.4,0.02
30.81466,75.16451,29.8,240.4,0.002
30.82594,75.1488,28.1,21.2,0.023
30.81805,75.17596,16.8,190.6,0.02
30.77243,75.04615,95.0,16.2,0.726
30.82037,75.17278,24.0,10.5,0.012
30.80768,75.16027,32.3,220.7,0.005
30.82195,75.16646,16.4,109.2,0.008
30.81977,75.16793,26.5,267.3,0.01
30.81404,75.16346,30.3,322.6,0.004
30.80979,75.17848,30.6,50.2,0.028
30.80941,75.17808,29.2,260.8,0.028
30.82078,75.16236,32.0,185.2,0.013
30.82633,75.1774,19.0,40.4,0.011
30.8114,75.18381,29.6,234.6,0.003
30.82017,75.18682,28.9,219.4,0.022
30.90708,75.06902,0.0,185.6,0.333
30.81182,75.16438,28.6,333.5,0.009
30.81625,75.19419,17.8,187.6,0.014
30.80922,75.16877,17.5,356.6,0.019
30.80901,75.16686,10.3,183.3,0.032
30.81116,75.17422,34.5,41.7,0.017
30.81884,75.16694,34.6,169.4,0.017
30.815,75.17479,34.7,65.6,0.017
31.02196,75.20557,85.0,215.0,1.009
30.79953,75.16969,10.9,249.5,0.001
30.81165,75.18188,19.8,168.6,0.007
30.82016,75.17114,29.4,35.2,0.025
30.79452,75.17273,29.1,168.7,0.012
30.8125,75.1754,26.2,29.3,0.01
30.81229,75.18097,31.0,245.6,0.01
30.82761,75.15836,28.1,284.5,0.014
30.81342,75.17628,29.0,346.5,0.032
30.81956,75.16945,22.9,53.6,0.013
30.81763,75.17293,35.9,191.7,0.007
30.79946,75.18008,24.6,204.3,0.015
30.82265,75.16205,17.4,332.1,0.033
30.81822,75.1635,21.8,225.8,0.01
30.82057,75.15612,25.2,52.4,0.003
30.84791,75.16721,36.0,157.1,0.01
30.79983,75.18224,27.7,235.7,0.016
30.8303,75.17064,26.5,252.1,0.022
30.8142,75.16088,18.0,310.7,0.025
30.8188,75.16771,34.3,65.0,0.005
30.8507,75.02828,0.0,342.6,1.251
30.81311,75.1626,27.2,21.3,0.012
30.81194,75.17471,39.8,354.2,0.022
30.81914,75.16221,32.1,308.8,0.002
30.90923,75.17592,85.0,237.7,1.399
30.8225,75.17103,13.8,264.6,0.009
30.81317,75.17228,27.5,26.2,0.024
30.80746,75.16937,18.3,14.9,0.02
30.8129,75.17778,33.2,36.6,0.024
30.82656,75.17787,28.3,31.4,0.028
30.81222,75.17428,29.3,197.1,0.012
30.81937,75.17612,22.3,77.6,0.003
30.81065,75.1699,41.9,309.7,0.003
30.82256,75.17594,50.0,160.5,0.003
30.82198,75.1689,25.8,250.4,0.01
30.83129,75.17162,30.8,235.0,0.011
30.8151,75.1694,28.8,115.1,0.023
30.82185,75.16794,25.9,87.5,0.015
30.81728,75.16609,21.3,123.3,0.01
30.82687,75.17534,19.3,286.8,0.014
30.81075,75.18208,18.9,211.1,0.005
30.86363,75.19957,85.0,91.3,1.241
30.81494,75.16155,23.8,294.4,0.007
30.81599,75.18191,7.4,19.7,0.004
30.81723,75.16905,31.6,251.7,0.023
30.81852,75.17641,27.7,158.1,0.021
30.81557,75.16435,38.8,263.3,0.002
30.81822,75.17274,31.0,333.9,0.024
30.82912,75.17411,16.2,270.0,0.008
30.82438,75.15972,10.2,159.1,0.011
30.82345,75.17647,22.2,54.4,0.017
30.81286,75.18237,23.0,290.3,0.021
30.80939,75.1702,35.5,165.9,0.019
30.82414,75.18248,27.9,27.1,0.015
30.82351,75.17008,37.1,258.9,0.011
30.82828,75.1784,17.4,105.1,0.019
30.81167,75.15385,35.7,17.6,0.014
30.81466,75.19095,33.8,325.0,0.033
30.80338,75.18356,11.9,173.9,0.021
30.81336,75.16932,38.6,101.1,0.006
30.82447,75.15582,28.7,257.9,0.01
30.81277,75.1739,31.1,318.9,0.015
30.82162,75.16005,21.1,0.1,0.028
30.81498,75.17516,38.2,247.6,0.029
30.81909,75.17489,18.5,276.1,0.011
30.80732,75.16407,34.7,75.6,0.006
30.81718,75.18057,34.6,176.3,0.004
30.79257,75.17804,20.2,32.1,0.018
30.815,75.17941,43.9,268.8,0.038
30.80346,75.17167,29.9,305.1,0.02
30.82615,75.16028,33.2,38.9,0.001
30.82272,75.17942,15.8,293.9,0.008
30.82023,75.16944,44.9,277.8,0.009
30.82867,75.16048,18.2,124.9,0.007
30.80891,75.18242,36.2,248.5,0.011
30.83048,75.1884,20.0,0.0,0.019
30.82396,75.17127,23.0,335.4,0.022
30.81461,75.18887,34.3,198.1,0.026
30.82558,75.17233,36.2,223.3,0.02
30.80765,75.16856,17.8,239.3,0.005
30.8099,75.16656,36.7,202.1,0.004
30.81163,75.1847,36.4,308.4,0.013
30.81227,75.16536,20.5,219.5,0.016
30.80805,75.17748,40.8,326.8,0.024
30.82628,75.16713,16.3,209.6,0.015
30.81443,75.16792,23.0,61.6,0.016
30.81932,75.17984,31.8,328.9,0.017
30.81194,75.16856,21.2,245.4,0.012
30.80194,75.16836,30.1,251.7,0.016
30.80423,75.16453,110.0,354.8,0.668
30.8012,75.18438,26.5,27.1,0.014
30.81595,75.17676,34.7,154.3,0.015
30.80555,75.16636,26.2,86.1,0.015
30.8324,75.16752,29.9,227.0,0.028
30.82379,75.17224,37.2,290.5,0.004
30.81735,75.17417,34.3,347.9,0.033
30.82661,75.1637,34.3,163.7,0.003
30.80973,75.17738,18.8,283.0,0.008
30.82085,75.17228,32.2,330.1,0.022
30.8176,75.2011,110.0,246.0,1.378
30.81861,75.16417,17.7,87.4,0.001
30.82668,75.16757,27.4,218.8,0.004
30.82236,75.17102,20.8,349.2,0.018
30.81881,75.18671,34.3,355.5,0.038
30.80326,75.17351,34.5,231.2,0.027
30.80882,75.16487,12.8,319.3,0.013
30.81552,75.17337,21.4,72.1,0.009
30.81725,75.16878,16.3,88.6,0.016
30.80746,75.1742,24.3,343.0,0.019
30.83579,75.17624,31.6,48.7,0.011
30.82863,75.18127,26.1,68.8,0.006
30.82132,75.17141,23.3,151.4,0.017
30.81708,75.18471,38.4,212.3,0.006
30.8148,75.17886,9.6,217.4,0.034
30.80888,75.16594,37.9,105.1,0.03
30.81712,75.18928,23.6,331.4,0.022
30.81856,75.17422,27.4,329.4,0.016
30.80657,75.16492,23.8,141.1,0.008
30.81917,75.18482,40.3,156.3,0.015
30.81526,75.18822,18.2,252.9,0.031
30.80124,75.17134,28.1,238.7,0.024
30.80962,75.16757,32.2,137.6,0.017
30.81319,75.17022,15.1,149.1,0.024
30.8316,75.17732,20.6,125.3,0.02
30.82095,75.18182,26.8,84.7,0.019
30.80582,75.17616,20.9,164.9,0.025
30.82039,75.17241,21.5,247.1,0.02
30.80412,75.18358,25.2,267.1,0.024
30.82516,75.1691,33.2,280.4,0.017
30.81273,75.17985,25.3,134.9,0.012
30.81575,75.1693,36.6,275.3,0.01
30.82711,75.17505,20.0,2.3,0.008
30.8062,75.17069,18.0,171.7,0.001
30.80569,75.11237,110.0,285.8,1.252
30.84818,75.15671,0.0,226.8,1.339
30.82481,75.18236,17.5,170.7,0.01
30.81006,75.13215,85.0,232.1,1.521
30.79384,75.16568,36.6,326.5,0.013
30.81289,75.18857,25.3,203.9,0.017
30.82091,75.17942,26.0,287.9,0.018
30.8261,75.15252,26.7,353.1,0.031
30.81279,75.16708,36.1,254.0,0.009
30.81321,75.1571,26.6,206.4,0.013
30.82573,75.16399,46.8,13.5,0.014
30.80154,75.14649,29.1,134.8,0.026
30.81339,75.1705,36.5,203.6,0.028
30.81802,75.16246,34.4,287.0,0.02
30.82009,75.17208,27.7,157.7,0.027
30.81242,75.1586,23.3,345.6,0.017
30.81678,75.17226,30.7,97.8,0.013
30.79659,75.16828,32.1,268.0,0.027
30.97181,75.13097,95.0,150.9,1.045
30.82013,75.18289,29.3,175.0,0.008
30.80864,75.17788,37.9,288.9,0.025
30.81697,75.16899,44.6,106.6,0.013
30.82007,75.18748,34.8,34.9,0.012
30.81376,75.15918,42.9,187.3,0.024
30.81786,75.16037,23.0,190.4,0.014
30.8088,75.17093,33.6,287.0,0.019
30.81485,75.18963,38.7,348.6,0.022
30.82138,75.16998,20.8,19.9,0.007
30.81776,75.17013,24.1,213.0,0.019
30.81181,75.16006,41.9,245.3,0.028
30.81829,75.17917,20.2,354.9,0.005
30.82222,75.17923,17.3,339.3,0.019
30.8001,75.17791,40.2,256.5,0.007
30.82577,75.16657,37.6,187.8,0.025
30.79628,75.1511,110.0,58.1,1.213
30.8199,75.16126,27.6,138.3,0.011
30.82608,75.17227,24.5,210.6,0.037
30.76279,75.1604,95.0,261.1,1.477
30.81082,75.16218,40.6,228.7,0.022
30.81419,75.16821,29.9,257.1,0.022
30.81023,75.16769,45.3,154.5,0.025
30.83038,75.1673,20.8,261.9,0.005
30.80965,75.17533,27.8,51.7,0.017
30.81206,75.17223,25.0,58.5,0.019
30.85944,75.07879,0.0,58.6,0.71
30.80688,75.17306,26.8,320.7,0.02
30.81333,75.16367,31.3,27.4,0.027
30.81904,75.17244,32.2,288.5,0.011
30.81384,75.1728,45.4,84.1,0.014
30.81575,75.15958,31.7,168.6,0.007
30.81227,75.17957,37.2,329.7,0.003
30.80438,75.16455,28.5,210.9,0.023
30.81907,75.17232,41.4,75.6,0.015
30.83054,75.18092,47.2,102.3,0.015
30.81665,75.17901,32.2,331.4,0.005
30.8183,75.17187,20.1,153.8,0.013
30.82204,75.1687,23.6,211.3,0.026
30.80635,75.17918,30.3,165.6,0.015
30.83012,75.177,31.7,136.2,0.015
30.81812,75.16665,33.6,80.4,0.017
30.82955,75.16524,31.7,247.0,0.003
30.81064,75.15502,28.1,258.6,0.021
30.83104,75.17283,22.9,99.0,0.002
30.8227,75.17094,31.2,284.0,0.006
30.82092,75.18069,42.8,307.6,0.005
30.81837,75.17447,36.2,331.4,0.013
30.90561,75.18161,95.0,58.0,1.351
31.06562,75.13064,95.0,109.4,0.325
30.81762,75.18071,25.0,309.7,0.006
30.80076,75.16737,23.9,71.5,0.025
30.80756,75.17782,22.0,1.2,0.023
30.81501,75.15993,27.0,313.5,0.013
30.81898,75.17348,24.6,117.5,0.01
30.81605,75.15572,37.7,149.2,0.009
30.91955,75.1038,0.0,160.7,1.487
30.80089,75.17512,21.6,305.4,0.001
30.81765,75.16743,43.5,121.6,0.005
30.80196,75.1632,24.4,321.2,0.024
30.82258,75.17837,29.2,222.1,0.018
30.81574,75.17077,31.6,189.8,0.031
30.81986,75.16768,18.9,117.2,0.012
30.80959,75.17194,37.9,87.7,0.011
30.82674,75.19269,33.1,224.7,0.011
30.82483,75.18083,40.5,160.9,0.012
30.82117,75.1809,22.6,327.8,0.008
30.81546,75.17508,28.8,177.0,0.018
30.82114,75.17293,28.3,184.2,0.015
30.81084,75.15243,30.1,150.0,0.01
30.82334,75.16617,16.4,284.1,0.028
30.8297,75.16776,28.9,152.9,0.034
30.82506,75.1566,16.6,97.0,0.027
30.81066,75.16234,30.9,310.3,0.021
30.81939,75.15575,11.0,214.9,0.023
30.80615,75.17129,13.2,212.9,0.034
30.82108,75.17815,34.5,219.9,0.023
30.8201,75.18045,23.6,258.8,0.009
30.80154,75.17492,20.1,112.7,0.019
30.80721,75.16389,38.2,12.2,0.021
30.76151,75.00494,0.0,291.8,0.423
30.81409,75.15755,35.0,46.4,0.012
30.80682,75.16145,26.7,259.9,0.026
30.81961,75.16449,49.4,29.6,0.003
30.81851,75.17032,23.2,135.1,0.002
30.81495,75.16349,42.0,22.7,0.013
30.81045,75.17431,27.5,188.0,0.019
30.82489,75.16974,14.8,235.1,0.001
30.82974,75.17168,31.9,61.7,0.014
30.81263,75.18072,30.5,133.8,0.027
30.8116,75.16216,19.6,334.9,0.016
30.82043,75.17495,20.6,159.3,0.024
30.81364,75.17149,27.8,288.9,0.009
30.81538,75.16893,30.8,333.8,0.007
30.82242,75.17868,8.2,350.8,0.023
30.80123,75.17863,36.4,323.4,0.019
30.82705,75.16403,24.0,114.3,0.003
30.81708,75.17014,17.3,346.5,0.007
30.81321,75.17385,35.5,292.5,0.031
30.81579,75.16942,27.8,301.4,0.006
30.8162,75.17628,37.7,5.5,0.024
30.80265,75.17385,31.5,343.5,0.01
30.82846,75.18626,28.0,280.1,0.015
30.81683,75.15936,26.8,276.5,0.018
30.82004,75.17062,31.9,29.3,0.006
30.82411,75.16433,24.7,83.7,0.0
30.80833,75.17643,21.2,346.4,0.016
30.82029,75.15866,32.9,180.2,0.008
30.81436,75.17437,26.8,143.2,0.025
30.82327,75.16656,28.3,302.4,0.001
30.79948,75.16573,36.7,31.4,0.021
30.81571,75.16003,27.1,150.1,0.001
30.81168,75.16788,28.1,135.3,0.011
30.81996,75.18028,23.2,125.9,0.004
30.82026,75.1714,31.4,110.8,0.034
30.81084,75.17662,30.8,75.6,0.002
30.8108,75.18492,35.2,62.2,0.014
30.81561,75.17371,23.4,230.5,0.002
30.80933,75.16713,24.3,331.0,0.031
30.82324,75.17534,34.3,183.2,0.019
30.81355,75.16725,30.0,107.3,0.016
30.79324,75.16756,20.8,57.3,0.03
30.8135,75.15944,38.5,298.9,0.016
30.80819,75.17901,14.4,349.7,0.017
30.80345,75.16851,34.3,125.7,0.016
30.8066,75.17306,17.9,104.7,0.021
30.81738,75.16331,43.1,216.5,0.01
30.82713,75.17509,15.6,279.1,0.013
30.81901,75.1655,37.2,163.9,0.023
30.81165,75.17047,27.3,226.8,0.018
30.82015,75.17862,25.1,258.0,0.014
30.81283,75.17793,29.5,345.8,0.001
30.81094,75.17142,33.1,59.4,0.03
30.80727,75.15745,20.8,359.1,0.008
30.80249,75.19554,21.5,141.2,0.025
30.81338,75.18557,33.2,260.4,0.017
30.81776,75.17738,14.3,206.1,0.002
30.81573,75.16557,23.3,175.2,0.028
30.81317,75.17069,50.0,251.3,0.018
30.80893,75.16725,20.3,142.5,0.028
30.82137,75.18171,37.2,45.4,0.013
30.73369,75.08485,0.0,176.0,0.346
30.82271,75.16533,32.1,187.9,0.003
30.80848,75.16783,33.2,72.7,0.01
30.81048,75.18057,37.0,336.8,0.002
30.80477,75.1844,26.4,81.9,0.011
30.81249,75.18383,43.9,147.3,0.02
30.8243,75.17766,23.3,55.8,0.009
30.82063,75.16958,29.9,192.9,0.024
30.82433,75.14567,30.0,110.7,0.006
30.82068,75.17398,19.0,176.1,0.024
30.80767,75.17159,25.7,80.9,0.028
30.81385,75.17272,29.3,19.4,0.025
30.81026,75.17203,24.5,280.5,0.012
30.82714,75.16099,47.5,230.8,0.006
30.80693,75.17606,21.3,122.7,0.021
30.82365,75.17666,37.4,17.1,0.014
30.82364,75.17706,34.9,311.6,0.005
30.83114,75.17917,27.9,61.1,0.009
30.81322,75.17643,21.1,335.1,0.029
30.8222,75.16832,21.9,172.3,0.004
30.83475,75.17103,23.9,122.5,0.02
30.81156,75.17233,13.7,267.0,0.017
30.80422,75.17246,20.0,315.7,0.011
30.80146,75.17959,16.1,133.5,0.021
30.8222,75.17675,38.8,146.6,0.031
30.80143,75.18822,32.9,155.9,0.012
30.87806,75.36149,0.0,332.0,0.685
30.82,75.17224,32.7,249.3,0.021
30.81798,75.14091,29.3,89.2,0.024
30.8199,75.18149,39.7,66.6,0.014
30.81828,75.16728,23.1,82.9,0.012
30.82673,75.16519,28.9,94.9,0.007
30.80888,75.16841,34.0,82.9,0.007
30.89123,75.2403,0.0,237.1,1.273
30.81032,75.1765,50.0,41.7,0.022
30.82314,75.15912,28.2,139.4,0.013
30.8237,75.16298,29.1,225.0,0.012
30.82011,75.17435,38.1,104.7,0.015
30.82597,75.17658,35.3,23.5,0.006
30.80708,75.17673,28.3,29.5,0.031
30.82984,75.1653,29.0,45.3,0.028
30.82869,75.16377,16.0,300.9,0.031
30.82238,75.16755,23.5,236.8,0.022
30.83075,75.17352,32.1,23.2,0.015
30.80325,75.18348,31.6,140.8,0.031
30.8123,75.15522,37.8,100.3,0.008
30.81062,75.16983,27.0,208.1,0.006
30.82227,75.16094,16.9,188.2,0.009
30.75683,75.15736,95.0,173.2,0.913
30.82256,75.17934,39.5,113.2,0.007
30.82746,75.17596,35.2,49.6,0.013
30.82206,75.1752,26.7,267.3,0.001
30.81877,75.17897,36.4,316.7,0.02
30.8086,75.16776,50.0,339.9,0.0
30.80973,75.16814,28.9,21.1,0.006
30.8265,75.18909,17.5,266.4,0.027
30.82273,75.16963,23.3,261.5,0.027
30.81619,75.17748,33.0,341.0,0.019
30.81316,75.17165,15.2,91.0,0.018
30.80029,75.15681,29.4,267.2,0.01
30.80793,75.15524,31.0,19.7,0.007
30.83179,75.16697,40.3,227.2,0.011
30.80626,75.18005,38.5,126.3,0.0
30.81802,75.17791,34.9,276.8,0.018
30.79736,75.19825,95.0,310.8,1.01
30.80646,75.1637,35.4,131.3,0.006
30.81798,75.18453,33.6,189.2,0.031
30.824,75.16388,30.0,42.3,0.021
30.8166,75.1733,14.2,150.1,0.022
30.83945,75.17152,21.8,129.9,0.01
30.80315,75.17021,18.7,65.9,0.015
30.82497,75.18231,11.9,322.0,0.021
30.81512,75.16596,28.0,53.3,0.017
30.82268,75.1608,21.6,228.9,0.031
30.82003,75.17176,49.0,320.5,0.013
30.81063,75.1684,26.6,328.3,0.01
30.81833,75.19862,38.4,285.6,0.021
30.80164,75.17701,15.4,63.4,0.002
30.82133,75.16833,23.8,294.3,0.024
30.81889,75.16315,28.8,99.6,0.002
30.82161,75.15656,20.7,332.1,0.021
30.82496,75.1634,24.6,255.3,0.009
30.81944,75.17252,26.3,282.7,0.02
30.81768,75.18302,26.1,30.6,0.024
30.80945,75.18057,42.8,209.8,0.017
30.8108,75.17343,31.0,295.6,0.003
30.82599,75.16901,31.8,310.2,0.006
30.82799,75.17375,32.3,10.3,0.008
30.62005,75.08064,0.0,338.1,0.945
30.81687,75.18535,27.3,15.6,0.026
30.80926,75.17009,25.4,221.2,0.016
30.82588,75.17091,29.3,249.6,0.004
30.82182,75.15387,37.3,38.6,0.03
30.83203,75.17004,37.0,17.3,0.008
30.80947,75.17829,26.1,282.6,0.018
30.81348,75.16306,34.1,138.5,0.007
30.81835,75.16559,26.4,38.6,0.005
30.82167,75.17794,28.3,274.6,0.001
30.81477,75.15979,24.2,305.7,0.011
30.80952,75.18006,26.5,211.5,0.024
30.82355,75.16734,38.7,58.0,0.018
30.82227,75.16849,28.7,5.5,0.016
30.80917,75.16261,29.1,252.3,0.005
30.82734,75.17462,16.4,198.1,0.028
30.82586,75.19128,25.5,234.3,0.017
30.81757,75.17785,26.1,292.7,0.014
30.81714,75.16469,21.4,156.3,0.026
30.82093,75.18068,28.2,44.8,0.027
30.80961,75.16907,24.6,338.4,0.027
30.8011,75.39923,95.0,196.3,1.278
30.79928,75.17805,29.0,221.5,0.005
30.82351,75.14805,20.4,336.0,0.025
30.80401,75.16357,24.8,335.4,0.001
30.82853,75.17916,28.6,206.0,0.034
30.81386,75.17281,37.5,107.1,0.015
30.81481,75.16341,30.1,359.0,0.004
30.81148,75.16653,22.7,245.1,0.003
30.8142,75.15635,31.2,147.0,0.002
30.82785,75.17089,41.7,201.5,0.016
30.7966,75.18929,35.3,149.7,0.015
30.82672,75.17804,32.4,319.8,0.003
30.8192,75.18912,33.8,173.7,0.011
30.80684,75.17866,39.5,296.5,0.001
30.8079,75.17982,36.6,302.5,0.021
30.82991,75.18739,32.5,296.8,0.014
30.80894,75.17462,36.5,260.0,0.011
30.86918,75.07211,0.0,307.8,0.743
30.8256,75.17986,16.0,139.4,0.012
30.81921,75.18323,29.3,41.3,0.011
30.809,75.16776,28.5,303.3,0.018
30.81823,75.16583,23.6,179.3,0.017
30.80829,75.17271,34.6,45.9,0.023
30.82531,75.17825,13.1,41.5,0.01
30.82499,75.17798,23.7,57.3,0.004
30.82076,75.16021,24.1,270.4,0.025
30.81939,75.18689,14.9,255.9,0.006
30.83059,75.16647,40.0,73.4,0.004
30.8165,75.16948,17.1,304.9,0.015
30.80705,75.16438,23.3,101.3,0.018
30.8201,75.19319,35.3,285.5,0.01
30.83319,75.17354,33.2,176.0,0.01
30.80838,75.16479,19.1,263.4,0.011
30.81361,75.17851,33.5,137.3,0.029
30.81983,75.17775,30.3,125.0,0.015
30.81607,75.1701,46.7,302.9,0.005
30.80864,75.17832,31.2,12.7,0.005
30.82547,75.165,26.9,350.9,0.012
30.83506,75.16766,21.1,233.3,0.017
30.81807,75.15552,22.0,155.7,0.02
30.80927,75.16101,21.4,226.1,0.016
30.80411,75.18606,39.0,44.2,0.007
30.81856,75.18473,28.1,185.1,0.011
30.82533,75.17213,32.5,354.6,0.022
30.8203,75.1849,40.1,84.7,0.004
30.81648,75.17032,9.1,260.0,0.01
30.81179,75.16965,38.2,156.6,0.021
30.80776,75.17205,28.4,234.9,0.024
30.82318,75.1706,31.5,73.8,0.013
30.82381,75.16988,21.4,169.4,0.011
30.80413,75.18075,22.0,352.8,0.002
30.82922,75.1728,31.9,70.3,0.02
30.82109,75.1773,47.1,229.1,0.028
30.8277,75.17985,36.0,207.2,0.041
30.80576,75.17471,38.1,203.4,0.019
30.80557,75.16384,26.5,221.4,0.014
30.81531,75.16078,23.2,180.8,0.006
30.82052,75.17279,21.8,6.1,0.004
30.83087,75.17023,24.1,324.0,0.017
30.82215,75.1723,11.6,297.7,0.039
30.81456,75.17147,22.2,62.7,0.028
30.80829,75.19227,23.5,148.8,0.026
30.82634,75.16096,26.6,277.4,0.017
30.80878,75.15568,29.1,352.8,0.019
30.82953,75.17426,30.9,342.4,0.009
30.81422,75.16859,27.9,323.8,0.023
30.82922,75.17413,23.3,57.0,0.009
30.82193,75.17627,12.3,329.2,0.008
30.8154,75.18187,23.4,316.2,0.012
30.81234,75.15954,20.2,135.7,0.011
30.81377,75.16715,31.7,142.0,0.008
30.81993,75.17503,35.3,165.6,0.015
30.81712,75.17776,35.5,236.2,0.009
30.81175,75.18915,34.1,93.9,0.016
30.81517,75.17925,26.9,8.3,0.0
30.81713,75.17115,23.8,50.8,0.013
30.79947,75.16448,22.0,158.4,0.004
30.82017,75.16709,15.9,101.5,0.009
30.74006,75.19539,110.0,275.2,1.504
30.80727,75.17684,26.6,38.4,0.001
30.803,75.17366,18.0,330.3,0.007
30.80215,75.16101,21.4,322.3,0.021
30.80566,75.16811,21.1,327.2,0.001
30.81083,75.17862,28.3,266.3,0.033
30.83213,75.17441,36.5,38.5,0.027
30.81229,75.17615,25.2,157.7,0.01
30.86049,75.0843,110.0,47.3,1.361
30.8197,75.18461,26.5,355.6,0.017
30.81755,75.17349,26.8,119.9,0.001
30.81588,75.16851,26.2,210.7,0.005
30.80694,75.16427,23.0,280.6,0.01
30.82811,75.1736,29.7,331.4,0.014
30.83096,75.15207,28.5,272.0,0.016
30.80304,75.17013,27.8,242.8,0.009
30.80831,75.16995,31.3,167.8,0.028
30.81426,75.16068,24.6,217.9,0.0
30.80878,75.16417,24.1,33.9,0.004
30.82055,75.17808,39.0,318.2,0.02
30.81067,75.17345,32.5,195.8,0.003
30.83382,75.17241,34.6,14.4,0.003
30.82602,75.17405,37.8,331.2,0.016
30.8182,75.17234,32.2,176.1,0.004
30.82472,75.18154,35.4,312.7,0.014
30.82535,75.17259,15.4,308.5,0.008
30.81199,75.15993,29.6,293.7,0.006
30.80997,75.18464,26.5,22.1,0.006
30.81713,75.17456,41.4,88.9,0.016
30.82339,75.16689,35.4,315.2,0.003
30.81761,75.16157,23.0,323.6,0.013
30.80388,75.17477,31.0,164.9,0.01
30.81008,75.17066,29.3,158.4,0.013
30.81591,75.18419,31.6,63.1,0.014
30.81589,75.16883,19.8,348.6,0.017
30.83228,75.1649,30.9,76.7,0.008
30.80541,75.17877,26.2,68.7,0.027
30.82054,75.179,30.3,237.9,0.003
30.82841,75.17295,22.2,87.4,0.013
30.83467,75.17701,23.3,338.0,0.023
30.81326,75.1713,37.4,3.9,0.02
30.82043,75.17347,19.6,2.1,0.005
30.82106,75.18092,20.2,181.8,0.007
30.81806,75.1766,27.6,175.7,0.005
30.81571,75.17025,21.8,58.8,0.021
30.81999,75.18242,20.9,178.0,0.008
30.79624,75.15268,28.8,148.2,0.018
30.82196,75.18802,16.0,320.5,0.018
30.81751,75.15795,19.9,3.3,0.039
30.81472,75.16658,44.4,351.5,0.018
30.83287,75.17127,31.7,224.8,0.007
30.8111,75.17043,22.0,54.7,0.0
30.81328,75.17965,31.3,16.8,0.012
30.83243,75.16314,32.5,193.7,0.014
30.80984,75.17369,36.0,84.6,0.007
30.8121,75.16697,27.0,108.4,0.008
30.81532,75.17396,35.8,88.2,0.018
30.82323,75.17108,11.7,234.1,0.01
30.81816,75.17234,19.5,199.3,0.025
30.80616,75.1672,29.3,28.1,0.001
30.81224,75.16752,30.6,189.5,0.022
30.81164,75.1739,20.7,284.8,0.024
30.79737,75.2823,0.0,29.2,1.319
30.81991,75.16681,23.0,320.3,0.001
30.81985,75.16465,25.8,208.2,0.018
30.80229,75.17651,36.2,342.2,0.008
30.82501,75.17134,35.3,53.3,0.001
30.81852,75.17824,20.0,357.7,0.011
30.82758,75.16435,19.5,231.9,0.006
30.82005,75.15736,24.7,204.3,0.024
30.82531,75.16734,27.8,185.5,0.02
30.82023,75.16547,22.7,8.5,0.003
30.82727,75.17097,36.3,338.3,0.008
30.82068,75.16651,30.8,231.8,0.011
30.81572,75.17753,31.2,33.0,0.014
30.83468,75.16929,17.9,7.5,0.025
30.82361,75.1728,37.3,18.3,0.022
30.82109,75.17286,5.4,219.4,0.016
30.80629,75.17316,34.7,221.0,0.012
30.80619,75.17141,35.5,179.9,0.003
30.81884,75.17568,24.5,110.4,0.028
30.81766,75.16523,38.2,191.4,0.011
30.81159,75.1828,27.5,185.9,0.031
30.81763,75.16971,28.5,7.0,0.017
30.82921,75.16111,30.7,101.7,0.035
30.82206,75.1731,50.0,19.1,0.021
30.80737,75.16479,38.8,324.1,0.001
30.69108,75.23777,85.0,261.1,0.828
30.81006,75.18928,20.7,358.6,0.013
30.8134,75.16531,29.1,108.8,0.006
30.81319,75.17426,21.5,316.3,0.011
30.81268,75.15756,34.6,217.1,0.001
30.80646,75.17523,29.1,163.1,0.015
30.81548,75.16451,19.0,80.1,0.017
30.81202,75.1666,28.6,265.8,0.005
30.79306,75.16279,21.2,325.5,0.034
30.83292,75.17746,29.2,84.7,0.016
30.82521,75.17966,21.1,63.1,0.007
30.81349,75.17179,28.2,250.6,0.001
30.81665,75.16468,34.0,351.7,0.016
30.80713,75.18432,27.6,270.0,0.012
30.83007,75.1656,24.9,102.4,0.023
30.83168,75.1543,29.6,151.2,0.014
30.81775,75.17527,33.6,138.4,0.003
30.82469,75.16276,19.1,306.8,0.032
30.8179,75.17951,30.1,277.7,0.019
30.80581,75.16855,38.5,212.0,0.012
30.81321,75.17643,32.6,99.0,0.017
30.81756,75.18281,28.5,337.7,0.02
30.81286,75.16193,33.1,235.2,0.001
30.81475,75.16707,31.6,349.4,0.017
30.91782,75.24579,95.0,208.8,1.503
30.81585,75.1839,11.8,295.6,0.02
30.81692,75.16633,15.6,292.7,0.008
30.80802,75.16684,36.0,121.4,0.009
30.81076,75.17543,16.0,347.0,0.032
30.80622,75.16698,31.2,7.9,0.027
30.82432,75.17282,25.2,276.7,0.018
30.79965,75.15919,20.0,347.6,0.027
30.82573,75.18931,30.8,122.0,0.014
30.82759,75.16082,29.6,233.3,0.008
30.81408,75.16903,44.9,202.4,0.005
30.79567,75.17134,23.0,274.1,0.006
30.81361,75.1869,39.5,311.8,0.008
30.81599,75.161,30.8,217.1,0.004
30.80842,75.18747,22.7,293.7,0.001
30.81238,75.17766,34.4,112.4,0.005
30.82874,75.17494,32.5,82.3,0.018
30.82182,75.16372,28.3,155.0,0.016
30.8091,75.17617,30.1,244.0,0.021
30.80372,75.16581,23.2,67.4,0.014
30.81388,75.18173,21.4,244.9,0.002
30.81479,75.16383,34.1,141.9,0.02
30.82047,75.17069,26.2,286.4,0.005
30.81222,75.16716,27.4,13.3,0.021
30.82059,75.1637,30.2,240.5,0.003
30.83198,75.17753,30.1,233.9,0.008
30.82302,75.17588,16.6,338.7,0.011
30.81612,75.18127,38.3,256.8,0.022
30.81503,75.15736,29.0,286.7,0.017
30.81365,75.18011,26.4,325.7,0.015
30.82595,75.19164,31.4,243.0,0.034
30.81148,75.16799,29.9,104.5,0.003
30.81686,75.18676,34.1,313.1,0.005
30.81691,75.16949,32.3,269.1,0.004
30.81249,75.16062,33.7,152.8,0.003
30.80552,75.16915,38.8,255.8,0.008
30.81908,75.17999,35.1,312.4,0.022
30.81601,75.16489,26.7,351.2,0.009
30.8205,75.1668,19.0,342.8,0.012
30.81223,75.17635,41.3,117.1,0.002
30.82627,75.17162,26.1,151.8,0.007
30.80949,75.17628,24.2,39.4,0.01
30.8302,75.1735,14.1,89.1,0.021
30.80252,75.17544,30.7,317.7,0.002
30.81998,75.16814,29.2,129.9,0.01
30.82357,75.23792,110.0,223.4,0.993
30.81014,75.16418,31.6,239.7,0.011
30.8199,75.18191,24.0,281.5,0.006
30.82674,75.16653,49.5,65.8,0.028
30.79877,75.18063,23.4,109.7,0.022
30.82052,75.16973,24.5,161.4,0.024
30.79655,75.17322,21.0,131.3,0.002
30.80877,75.16764,38.2,353.8,0.03
30.82953,75.16347,25.0,300.6,0.007
30.81185,75.15764,22.2,172.7,0.01
30.80711,75.16316,33.7,316.5,0.008
30.81492,75.16901,17.0,125.2,0.024
30.83304,75.1733,33.0,282.9,0.013
30.80185,75.17968,42.3,80.5,0.02
30.80809,75.16803,32.5,278.0,0.016
30.82848,75.16454,33.1,164.3,0.014
30.83136,75.16006,35.0,38.7,0.006
30.81567,75.17544,41.7,98.4,0.033
30.80659,75.18267,37.7,144.8,0.0
30.83327,75.18173,31.5,269.7,0.019
30.82926,75.17728,35.2,26.3,0.019
30.82193,75.17671,20.9,237.4,0.027
30.81,75.18518,34.2,257.8,0.029
30.81611,75.17426,20.0,235.4,0.014
30.81522,75.17677,25.1,273.8,0.02
30.81915,75.16903,3.3,64.1,0.033
30.82811,75.1607,31.2,211.4,0.014
30.82354,75.16613,22.8,338.8,0.004
30.80788,75.17153,36.9,219.9,0.011
30.89184,75.183,95.0,220.1,1.094
30.81901,75.18701,37.0,265.1,0.019
30.822,75.17225,19.3,120.0,0.026
30.82823,75.18103,36.3,252.2,0.014
30.80761,75.16812,44.8,329.8,0.001
30.81621,75.16911,34.1,3.9,0.025
30.81225,75.16097,34.3,313.2,0.003
30.80396,75.16566,29.4,78.7,0.0
30.81927,75.17582,23.8,164.1,0.013
30.83659,75.17166,34.1,306.8,0.018
30.76954,75.20672,0.0,296.6,0.953
30.81624,75.17305,24.7,321.1,0.014
30.82162,75.16878,13.8,338.6,0.033
30.81748,75.18879,22.4,161.0,0.016
30.81559,75.17085,33.1,236.3,0.025
30.72109,75.19508,110.0,140.6,0.446
30.81836,75.16839,28.4,126.3,0.002
30.81045,75.17728,29.4,155.4,0.013
30.79898,75.17902,12.9,267.5,0.036
30.82606,75.17327,25.0,180.5,0.01
30.82417,75.15276,22.5,293.1,0.008
30.81691,75.17175,22.7,268.3,0.017
30.81833,75.18144,32.8,7.4,0.01
30.82509,75.17582,21.1,226.9,0.007
30.81829,75.17517,23.2,157.2,0.01
30.82373,75.15782,11.3,164.4,0.029
30.81412,75.16584,25.6,294.6,0.014
30.827,75.17489,19.3,197.1,0.002
30.81907,75.17488,28.6,318.8,0.0
30.81805,75.18132,20.4,256.6,0.037
30.80634,75.17044,28.8,199.0,0.013
30.8188,75.17485,26.8,271.6,0.019
30.80984,75.17173,41.4,13.8,0.007
30.81139,75.1637,32.0,9.8,0.018
30.80998,75.15355,13.3,30.0,0.03
30.80797,75.17505,17.9,157.5,0.008
30.8335,75.17299,28.4,84.8,0.02
30.82715,75.16665,20.6,354.3,0.001
30.83186,75.15865,4.3,195.2,0.035
30.80672,75.17664,38.8,238.5,0.018
30.81707,75.16947,33.8,100.4,0.011
30.80615,75.17605,32.2,115.8,0.012
30.81093,75.18651,23.1,120.8,0.01
30.80915,75.15447,31.4,251.5,0.01
30.82642,75.166,22.4,170.5,0.009
30.81333,75.16992,29.6,186.4,0.014
30.82505,75.18324,20.6,213.1,0.014
30.82133,75.15851,40.1,276.8,0.02
30.83493,75.18709,15.4,32.5,0.01
30.80466,75.17269,37.9,279.7,0.007
30.82657,75.17083,28.3,202.8,0.015
30.82567,75.17002,24.1,240.9,0.001
30.80871,75.16811,29.3,117.9,0.016
30.82456,75.17998,33.9,147.4,0.004
30.81919,75.16305,38.9,83.2,0.026
30.81468,75.17436,30.5,352.5,0.022
30.80991,75.16853,20.9,178.9,0.006
30.81075,75.1655,28.4,358.6,0.022
30.8329,75.19229,42.5,176.3,0.016
30.81651,75.17495,38.8,79.1,0.005
30.82276,75.17651,35.3,182.7,0.005
30.81017,75.1807,34.4,14.3,0.018
30.81026,75.16023,33.6,325.7,0.007
30.82516,75.18562,37.3,294.7,0.026
30.8057,75.15153,24.3,261.3,0.015
30.81318,75.16545,17.2,219.5,0.008
30.81677,75.16793,28.6,208.7,0.033
30.81739,75.17625,21.5,358.8,0.021
30.81507,75.17335,19.6,100.1,0.022
30.84466,75.18171,85.0,280.7,0.781
30.82204,75.1715,47.9,209.3,0.001
30.82238,75.16378,29.1,351.3,0.007
30.80861,75.15962,30.9,298.0,0.014
30.81423,75.17741,18.2,359.5,0.019
30.82606,75.17715,13.2,211.8,0.018
30.82366,75.18428,21.4,73.6,0.026
30.80552,75.16528,39.5,181.3,0.021
30.81931,75.17714,30.7,256.0,0.021
30.80067,75.16933,32.8,278.8,0.017
30.81688,75.18112,33.9,0.2,0.028
30.83168,75.17978,23.3,181.8,0.012
30.80892,75.17329,39.1,84.7,0.012
30.80983,75.16888,22.9,315.0,0.004
30.82261,75.17929,39.2,55.0,0.026
30.80416,75.17678,31.5,239.9,0.014
30.81144,75.16612,13.7,95.8,0.044
30.82127,75.16098,22.0,128.4,0.011
30.81143,75.16929,13.7,338.6,0.016
30.81461,75.18372,37.3,86.6,0.02
30.82245,75.18077,27.8,34.2,0.004
30.81987,75.1627,10.2,24.9,0.019
30.81863,75.16226,31.0,181.7,0.015
30.81379,75.1818,23.7,231.0,0.012
30.81946,75.16251,16.1,117.8,0.027
30.81551,75.17567,41.4,248.5,0.006
30.83408,75.26091,0.0,22.0,1.161
30.81252,75.18454,25.7,308.6,0.03
30.81504,75.16544,24.8,294.0,0.008
30.80858,75.18075,15.9,354.8,0.012
30.81622,75.17308,17.6,337.1,0.038
30.81001,75.17362,38.3,128.2,0.02
30.80759,75.15584,24.2,143.7,0.01
30.93849,75.19106,95.0,268.5,0.726
30.8182,75.16984,11.6,48.3,0.009
30.82276,75.17358,17.5,113.0,0.001
30.81305,75.1626,32.9,42.7,0.029
30.81976,75.16289,31.0,163.8,0.004
30.82091,75.17609,42.0,198.7,0.04
30.79465,75.06231,110.0,76.0,0.574
30.80989,75.1705,26.2,9.6,0.036
30.81769,75.17784,31.8,259.0,0.001
30.81941,75.16221,25.5,7.2,0.025
30.81656,75.16875,44.4,350.4,0.02
30.79981,75.18478,37.2,79.8,0.023
30.81778,75.17215,29.4,239.0,0.025
30.66448,75.21643,85.0,156.5,0.634
30.81362,75.19005,39.6,21.5,0.002
30.81068,75.16041,32.6,170.0,0.014
30.81949,75.17797,40.5,186.0,0.017
30.819,75.18491,10.5,307.7,0.01
30.82604,75.169,31.7,263.6,0.018
30.80644,75.17848,23.9,28.5,0.018
30.82235,75.16374,42.1,75.3,0.006
30.82122,75.16611,40.4,112.3,0.019
30.81536,75.17468,28.3,41.9,0.012
30.81921,75.17799,40.3,164.5,0.008
30.83579,75.10915,85.0,354.4,0.952
30.82348,75.18416,28.6,185.3,0.007
30.80736,75.17106,47.8,267.1,0.01
30.82306,75.18115,27.7,245.9,0.016
30.81598,75.16886,26.3,306.0,0.029
30.81708,75.17882,34.9,77.7,0.017
30.81709,75.17326,25.2,271.4,0.02
30.8153,75.17517,28.7,317.3,0.012
30.82603,75.17499,39.3,61.7,0.014
30.81583,75.15876,28.2,124.8,0.015
30.80754,75.16261,14.4,349.2,0.018
30.81335,75.17242,30.9,281.1,0.012
30.81793,75.1581,22.4,101.7,0.028
30.82633,75.17825,34.9,203.0,0.011
30.82132,75.17857,33.6,145.6,0.002
30.8097,75.17422,39.8,176.4,0.042
30.83638,75.16263,35.3,127.9,0.012
30.81862,75.18264,36.7,100.6,0.028
30.8267,75.1879,22.6,242.9,0.029
30.81529,75.17278,34.4,280.3,0.024
30.82077,75.17568,43.7,314.6,0.013
30.82322,75.17321,22.5,55.9,0.018
30.82625,75.17584,42.4,296.2,0.002
30.82496,75.17064,23.6,91.7,0.035
30.82348,75.17132,21.2,153.8,0.006
30.81195,75.03023,110.0,324.5,1.247
30.81193,75.19036,33.7,163.6,0.016
30.81916,75.1604,35.3,70.9,0.014
30.82397,75.17077,20.3,57.6,0.008
30.81472,75.16216,31.5,170.3,0.029
30.82502,75.18434,22.5,274.6,0.025
30.82812,75.1669,16.1,359.0,0.018
30.80917,75.16005,20.6,283.5,0.011
30.8098,75.17671,22.0,315.7,0.026
30.81538,75.18555,32.2,269.2,0.01
30.81896,75.17691,37.2,322.4,0.031
30.8123,75.17324,16.2,27.5,0.016
30.82732,75.17487,30.8,334.8,0.027
30.81989,75.18292,18.6,142.7,0.014
30.81682,75.16461,33.0,331.8,0.016
30.80501,75.17071,23.0,27.3,0.027
30.80597,75.16798,19.6,257.5,0.037
30.81875,75.16226,34.4,264.8,0.031
30.79944,75.16897,23.3,358.9,0.024
30.8246,75.18046,25.5,276.8,0.021
30.81523,75.17613,10.2,137.7,0.01
30.84244,75.17675,35.6,200.6,0.018
30.83496,75.17277,34.6,132.0,0.006
30.81505,75.17579,28.0,70.6,0.019
30.81565,75.1652,15.8,89.5,0.019
30.82446,75.16912,37.7,79.9,0.005
30.83013,75.17314,22.7,197.6,0.015
30.8034,75.17382,24.4,326.2,0.019
30.80221,75.17416,46.5,328.6,0.014
30.81152,75.17049,22.4,19.7,0.019
30.82116,75.16858,33.9,28.8,0.002
30.82047,75.19686,32.5,88.2,0.007
30.82506,75.17885,31.1,91.8,0.025
30.8069,75.17491,30.3,34.2,0.015
30.79797,75.16973,31.0,139.8,0.018
30.82336,75.16799,30.2,211.6,0.01
30.80987,75.17055,27.6,208.1,0.015
30.80035,75.17394,40.1,195.6,0.008
30.81766,75.15656,17.5,121.9,0.023
30.82285,75.15904,36.2,254.3,0.033
30.81552,75.1665,34.6,297.5,0.004
30.81284,75.17326,33.6,124.7,0.006
30.81523,75.16969,36.9,30.8,0.019
30.81354,75.18342,27.3,106.7,0.03
30.80572,75.15974,13.0,49.5,0.015
30.81078,75.16559,27.4,168.2,0.003
30.82067,75.18376,20.1,56.1,0.013
30.81907,75.17265,22.1,166.6,0.005
30.81784,75.17868,18.1,79.6,0.008
30.80854,75.18801,24.2,265.9,0.012
30.81505,75.16605,23.2,9.9,0.006
30.79908,75.17081,9.0,199.7,0.007
30.81793,75.16942,33.6,61.0,0.016
30.82793,75.15596,45.8,0.4,0.017
30.80471,75.16912,32.8,312.9,0.001
30.81181,75.17865,26.4,241.8,0.019
30.81913,75.17592,27.6,35.6,0.011
30.82652,75.17655,24.6,239.1,0.022
30.81291,75.1686,28.7,220.2,0.023
30.81096,75.16635,27.7,170.4,0.01
30.80075,75.18175,21.3,150.9,0.021
30.81733,75.16762,41.5,319.3,0.007
30.83284,75.17395,16.1,88.3,0.028
30.81872,75.17291,33.7,143.4,0.007
30.81632,75.18329,27.2,118.5,0.019
30.81908,75.17937,43.2,277.6,0.013
30.81641,75.16124,30.7,329.9,0.005
30.81,75.1621,25.1,305.9,0.024
30.82309,75.17623,26.0,287.2,0.009
30.81831,75.17109,28.3,355.2,0.002
30.81664,75.16796,18.9,251.0,0.014
30.8087,75.17973,21.9,270.4,0.006
30.82693,75.1731,13.7,353.8,0.029
30.82182,75.17202,20.6,2.5,0.028
30.81208,75.17784,28.8,228.3,0.008
30.87065,75.04628,0.0,266.0,1.407
30.81252,75.18415,12.2,330.4,0.01
30.81024,75.1653,26.9,318.2,0.002
30.81042,75.17686,32.5,303.1,0.006
30.80233,75.18307,26.7,340.5,0.025
30.82027,75.16058,22.9,193.5,0.02
30.70509,75.16503,95.0,2.5,1.446
30.80667,75.18074,23.7,4.0,0.002
30.7999,75.18086,22.9,196.1,0.016
30.81581,75.17023,29.4,156.7,0.008
30.8153,75.16572,46.5,162.4,0.023
30.81389,75.17925,22.1,144.1,0.018
30.80816,75.18107,25.5,330.4,0.002
30.80712,75.16228,27.6,129.3,0.031
30.82021,75.16197,22.5,308.2,0.003
30.8121,75.1734,36.8,325.0,0.02
30.81903,75.17663,9.0,179.8,0.021
30.80942,75.16921,23.8,160.9,0.003
30.81795,75.17703,34.5,274.0,0.015
30.82693,75.16592,25.6,254.9,0.001
30.82119,75.15468,21.4,118.3,0.013
30.8132,75.16821,31.5,36.9,0.004
30.69224,75.18499,95.0,95.3,0.945
30.81457,75.16939,29.7,47.2,0.021
30.81656,75.16233,21.6,106.1,0.016
30.8139,75.15707,31.6,94.3,0.016
30.81519,75.16749,24.8,229.6,0.005
30.8182,75.17878,34.0,343.6,0.01
30.80855,75.18165,39.9,246.9,0.006
30.80837,75.1811,7.2,333.6,0.003
30.80539,75.16507,28.9,282.3,0.009
30.8037,75.16237,14.1,262.0,0.016
30.80676,75.17557,47.5,149.1,0.009
30.81778,75.17668,24.3,116.9,0.012
30.80936,75.1748,34.0,304.7,0.022
30.82061,75.15549,27.7,325.9,0.01
30.81678,75.16466,21.6,162.7,0.002
30.80075,75.17136,20.6,3.3,0.021
30.82174,75.1755,40.7,285.3,0.018
30.82299,75.17774,35.6,102.6,0.018
30.80855,75.17275,43.5,3.6,0.021
30.81986,75.17425,28.4,289.8,0.02
30.80965,75.17228,30.3,186.3,0.015
30.81728,75.17708,25.9,246.7,0.039
30.80638,75.1741,25.7,329.3,0.002
30.78816,75.14859,110.0,194.8,1.004
30.81344,75.16945,28.7,181.1,0.025
30.81551,75.17225,21.7,104.6,0.016
30.81332,75.17548,31.5,109.9,0.023
30.80703,75.17374,29.4,286.8,0.017
30.8133,75.17465,30.3,161.7,0.029
30.7507,74.94594,95.0,58.9,1.066
30.81614,75.17372,27.7,34.0,0.028
30.81796,75.16641,34.1,170.3,0.027
30.81114,75.17867,44.4,167.4,0.003
30.91465,75.22126,95.0,235.2,1.37
30.80709,75.16295,37.2,169.6,0.015
30.8204,75.17429,25.5,51.7,0.009
30.82596,75.17573,29.8,182.8,0.004
30.82035,75.16164,17.5,326.4,0.005
30.81488,75.16854,32.0,57.4,0.022
30.81227,75.16675,30.2,248.3,0.023
30.82479,75.16771,28.2,213.8,0.013
30.80512,75.17915,36.2,269.5,0.023
30.80874,75.17725,18.3,54.2,0.024
30.81332,75.17145,41.1,339.0,0.017
30.8264,75.16723,35.2,223.5,0.008
30.81954,75.1608,27.4,304.9,0.019
30.80876,75.18296,26.8,88.8,0.02
30.81402,75.17634,31.8,266.2,0.022
30.81159,75.16595,40.2,281.2,0.024
30.81082,75.17736,28.8,143.1,0.001
30.82433,75.17104,29.2,138.2,0.01
30.80553,75.1693,28.1,236.8,0.004
30.82937,75.17508,42.3,33.6,0.022
30.82313,75.16567,25.0,264.8,0.013
30.82523,75.16885,27.8,15.4,0.019
30.8128,75.17257,39.7,68.6,0.0
30.8153,75.1676,29.2,239.1,0.029
30.80503,75.17695,37.1,35.4,0.003
30.8123,75.18655,20.7,349.9,0.023
30.82045,75.16557,26.4,312.6,0.016
30.82687,75.15828,39.9,225.5,0.013
30.80764,75.15559,22.6,294.9,0.012
30.81358,75.1704,26.8,319.5,0.009
30.81529,75.16629,30.1,93.4,0.028
30.80533,75.17326,20.1,305.8,0.015
30.82123,75.17266,24.7,70.1,0.002
30.81071,75.15877,28.9,148.8,0.011
30.81494,75.15708,28.4,201.0,0.016
30.81288,75.17397,38.2,257.0,0.024
30.81019,75.17268,40.3,10.9,0.009
30.81644,75.16819,21.2,104.6,0.01
30.81478,75.15834,28.9,219.1,0.015
30.81353,75.17537,33.4,128.7,0.024
30.81067,75.18178,40.1,279.0,0.001
30.81906,75.17382,33.7,234.6,0.02
30.82973,75.16482,30.3,84.4,0.01
30.81762,75.17196,33.3,52.5,0.012
30.82447,75.16067,33.4,226.5,0.035
30.80538,75.18006,20.6,162.2,0.013
30.81776,75.17225,29.5,60.8,0.023
30.80772,75.15745,39.7,117.5,0.022
30.80468,75.16919,26.3,109.1,0.003
30.81059,75.17531,29.0,38.9,0.003
30.82604,75.16894,26.1,196.9,0.023
30.8241,75.16939,9.5,274.9,0.004
30.81844,75.1618,28.2,207.2,0.002
30.80424,75.17613,30.4,297.5,0.025
30.81493,75.16641,23.9,45.9,0.005
30.81891,75.15435,18.8,156.8,0.007
30.8179,75.16863,21.0,219.4,0.035
30.80175,75.17945,34.1,243.4,0.002
30.80938,75.1685,43.8,250.5,0.002
30.81599,75.1855,39.1,262.4,0.01
30.82079,75.17503,17.2,234.5,0.013
30.79893,75.17431,34.8,33.9,0.006
30.8152,75.17057,22.7,250.3,0.003
30.81764,75.17105,23.3,260.9,0.03
30.8233,75.16949,24.3,357.7,0.018
30.82204,75.16918,33.6,249.6,0.021
30.82116,75.17585,35.7,247.3,0.014
30.8101,75.16411,27.2,185.3,0.018
30.8051,75.13425,110.0,312.5,0.411
30.81336,75.16261,31.7,358.9,0.005
30.82451,75.18797,32.5,280.5,0.018
30.82765,75.17584,37.4,220.5,0.022
30.82218,75.17404,17.7,28.4,0.03
30.81993,75.16314,28.2,261.6,0.034
30.81954,75.17659,19.5,255.1,0.016
30.81205,75.17067,27.6,279.2,0.026
30.81546,75.17331,26.2,44.8,0.012
30.82985,75.16379,27.6,235.3,0.031
30.86025,75.22294,95.0,106.5,1.472
30.82942,75.16821,16.1,273.7,0.013
30.81392,75.16548,11.2,86.5,0.019
30.8271,75.17747,27.0,246.2,0.013
30.80525,75.1593,24.6,106.2,0.017
30.81557,75.3183,0.0,3.2,0.714
30.81061,75.17708,38.6,228.0,0.011
30.80518,75.16456,21.1,40.8,0.004
30.81825,75.16504,39.3,237.3,0.033
30.82458,75.16982,41.0,333.2,0.02
30.80974,75.17386,12.4,348.9,0.034
30.80451,75.17038,28.7,84.9,0.024
30.81577,75.17507,24.8,291.3,0.002
30.8158,75.1857,4.7,127.3,0.021
30.82089,75.16754,16.4,324.2,0.005
30.8241,75.15788,34.2,283.5,0.015
30.84833,75.27145,110.0,26.6,0.767
30.83134,75.18507,35.2,146.6,0.001
30.81829,75.17474,30.6,121.4,0.007
30.81373,75.1629,27.8,282.7,0.037
30.80361,75.17061,41.5,147.7,0.017
30.8144,75.16265,45.2,246.5,0.013
30.81381,75.17674,23.3,216.9,0.033
30.82418,75.16079,12.0,351.2,0.011
30.8202,75.1692,11.2,337.6,0.014
30.80707,75.16357,38.6,154.0,0.025
30.81788,75.17261,27.6,260.5,0.011
30.82187,75.16867,29.5,298.6,0.008
30.82872,75.17301,13.7,323.6,0.008
30.8236,75.17178,22.0,24.5,0.006
30.82259,75.16371,25.6,108.7,0.006
30.81698,75.17662,29.7,115.3,0.017
30.81961,75.17121,24.8,156.4,0.009
30.8265,75.16369,19.7,60.9,0.037
30.80584,75.18953,21.7,178.6,0.004
30.8137,75.17541,37.7,238.8,0.029
30.81032,75.17037,30.0,179.1,0.017
30.81953,75.18292,32.9,239.7,0.023
30.82634,75.18633,20.8,23.9,0.022
30.81172,75.17044,4.4,315.4,0.007
30.79738,75.17438,23.8,338.1,0.015
30.8132,75.1637,21.1,222.4,0.012
30.82381,75.17042,30.8,317.3,0.004
30.8208,75.17001,50.0,47.3,0.02
30.81993,75.17308,33.6,287.1,0.032
30.81426,75.17426,49.9,42.9,0.012
30.80627,75.17608,32.6,146.9,0.01
30.82062,75.1735,23.0,116.6,0.003
30.80983,75.16191,30.8,210.8,0.016
30.83397,75.16409,42.2,108.5,0.012
30.82106,75.16723,42.6,229.4,0.009
30.81185,75.16934,23.4,132.3,0.022
30.81161,75.18001,30.0,309.9,0.031
30.81576,75.1623,16.6,228.2,0.042
30.81458,75.16874,34.6,77.5,0.008
30.82543,75.17922,40.4,121.0,0.003
30.81799,75.1692,28.3,305.1,0.021
30.81065,75.17528,22.7,139.1,0.031
30.83162,75.17048,30.9,192.9,0.023
30.81689,75.17365,31.3,233.6,0.031
30.82265,75.16977,28.6,125.2,0.013
30.81163,75.17694,29.4,105.8,0.009
30.8194,75.15924,26.6,171.1,0.016
30.81899,75.16869,36.0,77.4,0.012
30.80138,75.17397,33.9,102.3,0.022
30.83262,75.17587,20.1,22.3,0.025
30.9116,75.13001,95.0,109.4,0.754
30.81332,75.16847,26.0,115.5,0.02
30.80768,75.18344,33.9,346.3,0.017
30.81928,75.16633,29.2,212.3,0.023
30.81719,75.18223,22.9,283.5,0.005
30.81935,75.17814,30.1,16.3,0.017
30.81803,75.16429,25.4,38.4,0.016
30.82055,75.17406,35.0,293.2,0.017
30.82808,75.17119,30.7,224.5,0.014
30.97679,75.24302,85.0,68.8,0.551
30.8081,75.16981,29.9,145.7,0.009
30.8274,75.16914,38.5,193.9,0.026
30.94922,75.27171,95.0,303.7,1.329
30.84172,75.17081,31.2,21.7,0.017
30.80751,75.17821,27.4,214.8,0.008
30.81844,75.1698,31.4,258.1,0.023
30.79984,75.18493,22.8,352.0,0.017
30.82093,75.16617,28.9,290.6,0.007
30.81211,75.16669,36.9,99.4,0.014
30.83189,75.1838,20.5,255.4,0.021
30.86897,75.1532,110.0,274.8,1.096
30.80299,75.18441,17.7,262.7,0.02
30.81273,75.17873,18.6,295.3,0.016
30.8007,75.17036,32.8,325.3,0.025
30.82251,75.15709,16.8,35.4,0.027
30.79998,75.17145,25.6,37.7,0.022
30.81673,75.17241,32.9,286.7,0.009
30.79988,75.18094,31.3,90.9,0.004
30.81394,75.18431,24.9,21.1,0.01
30.82965,75.16612,29.5,144.4,0.035
30.81939,75.17801,28.9,295.2,0.018
30.80959,75.17772,26.2,45.6,0.036
30.81625,75.18019,26.3,241.9,0.014
30.81664,75.17559,45.9,1.3,0.012
30.82028,75.15606,34.5,39.5,0.014
30.80557,75.17036,47.8,126.3,0.014
30.82124,75.16235,24.0,30.1,0.007
30.79486,75.16998,27.3,304.5,0.004
30.81146,75.17944,17.3,311.1,0.02
30.81259,75.17404,21.5,272.0,0.026
30.82157,75.18078,43.2,87.3,0.039
30.81668,75.17433,23.8,188.4,0.011
30.80526,75.16121,43.4,66.3,0.011
30.80862,75.15143,18.1,101.3,0.007
30.81809,75.17279,19.6,185.8,0.026
30.81587,75.16989,25.3,264.6,0.023
30.81187,75.16378,27.5,34.1,0.006
30.81265,75.15799,35.4,106.8,0.006
30.82207,75.16572,31.6,333.6,0.025
30.81236,75.17004,24.7,154.5,0.019
30.8158,75.17693,26.9,338.0,0.023
30.76493,75.12368,0.0,356.9,0.746
30.80511,75.18446,20.7,189.6,0.004
30.80169,75.16332,20.9,103.7,0.006
30.82277,75.17865,36.2,284.7,0.022
30.81107,75.17198,13.4,57.4,0.036
30.81395,75.17716,40.9,90.7,0.011
30.81025,75.16811,25.3,282.6,0.038
30.81442,75.18017,21.8,156.1,0.023
30.82929,75.17396,33.9,72.6,0.001
30.82292,75.16616,39.9,234.4,0.017
30.8234,75.1715,36.9,263.8,0.024
30.80517,75.16968,32.0,45.0,0.009
30.80729,75.17551,36.7,99.7,0.021
30.79379,75.16216,14.3,79.7,0.027
30.81002,75.17137,23.8,136.7,0.019
30.82415,75.17476,20.7,274.8,0.014
30.82064,75.17186,37.8,256.9,0.013
30.81473,75.18238,24.9,238.5,0.013
30.81632,75.17779,34.8,2.3,0.003
30.81099,75.17154,32.3,51.2,0.008
30.81814,75.17333,21.1,80.4,0.011
30.82263,75.17397,23.3,97.9,0.016
30.80357,75.17483,38.4,52.7,0.009
30.8189,75.15699,21.8,147.7,0.006
30.82396,75.16919,29.0,27.1,0.023
30.81318,75.15972,21.7,270.0,0.019
30.82211,75.18183,25.5,283.6,0.01
30.83902,75.17111,27.6,206.7,0.02
30.81567,75.17005,21.7,32.3,0.01
30.81965,75.17877,20.3,320.4,0.016
30.8106,75.17498,30.3,347.6,0.025
30.81795,75.16257,21.2,72.9,0.009
30.82018,75.17103,21.5,253.7,0.003
30.81806,75.16892,20.5,303.1,0.014
30.80834,75.15764,27.4,194.3,0.001
30.81815,75.16608,35.5,116.4,0.012
30.8282,75.17013,40.1,172.3,0.012
30.82009,75.17068,22.2,184.4,0.01
30.75206,75.10801,0.0,144.2,1.126
30.8146,75.18081,20.0,334.7,0.013
30.8225,75.17078,36.7,267.8,0.027
30.81873,75.1719,22.2,86.9,0.017
30.80889,75.17481,21.0,210.8,0.022
30.81905,75.1653,22.0,247.9,0.027
30.80857,75.17525,27.6,50.5,0.014
30.81144,75.16866,32.6,129.0,0.015
30.81801,75.16443,33.4,326.0,0.001
30.81888,75.17619,20.4,204.2,0.027
30.80699,75.18353,20.1,78.1,0.014
30.82493,75.1774,20.7,44.2,0.005
30.82108,75.17898,27.1,186.6,0.022
30.81086,75.16743,26.3,197.2,0.007
30.8042,75.15882,20.4,120.4,0.011
30.81534,75.18352,30.2,226.9,0.024
30.81293,75.18804,46.1,24.7,0.011
30.81741,75.18394,24.0,52.3,0.008
30.8136,75.16891,24.5,196.7,0.011
30.80044,75.16236,32.5,22.3,0.005
30.81339,75.16307,23.5,317.1,0.022
30.81406,75.15813,33.4,51.2,0.014
30.82157,75.17074,22.3,242.6,0.012
30.81091,75.18445,42.7,140.8,0.012
30.82993,75.17047,30.8,143.9,0.015
30.80121,75.17402,23.0,275.4,0.022
30.94558,75.1698,95.0,179.8,0.953
30.81471,75.16837,23.9,261.2,0.001
30.82338,75.18788,39.0,181.9,0.021
30.81714,75.18754,17.8,213.4,0.02
30.82562,75.17055,22.7,273.9,0.017
30.8134,75.16698,23.5,218.6,0.026
30.80771,75.17718,27.9,221.6,0.015
30.82786,75.16882,25.8,284.1,0.026
30.81559,75.16235,16.1,341.7,0.029
30.81827,75.18185,24.8,135.6,0.021
30.82638,75.18133,27.2,207.8,0.008
30.80824,75.17284,23.0,31.1,0.014
30.89787,75.084,110.0,129.2,0.732
30.81178,75.16176,35.4,148.3,0.0
30.81544,75.17246,27.4,300.7,0.011
30.81708,75.1676,29.8,184.8,0.012
30.8045,75.16887,10.7,263.2,0.006
30.81027,75.17978,24.6,6.8,0.024
30.82731,75.17747,36.0,167.2,0.019
30.82359,75.18263,24.6,324.5,0.008
30.816,75.16368,22.1,80.8,0.021
30.81844,75.16885,46.2,11.3,0.013
30.81415,75.17767,42.6,156.0,0.006
30.82735,75.17518,31.7,253.6,0.008
30.86306,75.20613,0.0,163.6,0.328
30.81835,75.17496,10.2,165.6,0.024
30.82567,75.18638,21.7,241.1,0.01
30.81028,75.17592,24.2,91.6,0.02
30.82897,75.1801,26.1,270.7,0.031
30.80426,75.16901,24.1,55.1,0.002
30.82954,75.17171,7.6,142.5,0.019
30.7939,75.21675,85.0,236.2,1.14
30.81456,75.1845,32.3,298.2,0.014
30.80138,75.17743,40.8,285.0,0.027
30.81286,75.17093,21.7,259.8,0.037
30.80818,75.18262,21.0,129.3,0.018
30.81164,75.15406,6.6,44.0,0.013
30.8154,75.16022,25.7,78.1,0.025
30.82416,75.17705,35.2,311.3,0.023
30.81816,75.17171,23.1,308.6,0.01
30.81896,75.17644,45.1,342.6,0.015
30.80774,75.17212,25.9,27.4,0.011
30.80945,75.17617,29.2,193.3,0.019
30.76832,75.34139,85.0,233.5,1.139
30.81062,75.17616,30.3,255.8,0.014
30.82975,75.17956,12.2,231.8,0.006
30.81456,75.18136,33.5,277.2,0.022
30.81652,75.18771,33.8,129.4,0.032
30.82506,75.17355,38.9,64.6,0.007
30.82668,75.17379,19.8,73.7,0.001
30.81561,75.15941,29.3,4.3,0.015
30.81339,75.16735,32.5,126.1,0.015
30.81605,75.17006,31.5,33.0,0.027
30.8192,75.18,21.1,115.7,0.003
30.82363,75.16671,8.9,226.2,0.01
30.81653,75.17797,30.8,322.0,0.006
30.82145,75.17159,26.8,302.3,0.029
30.82961,75.17018,23.5,91.0,0.018
30.81955,75.17359,34.1,48.3,0.01
30.81899,75.16847,27.6,69.5,0.002
30.80435,75.16817,17.4,349.6,0.003
30.79545,75.15796,12.5,197.8,0.019
30.81961,75.16962,19.0,65.7,0.004
30.81574,75.16776,47.1,302.7,0.016
30.81238,75.16747,33.8,142.3,0.035
30.81845,75.17493,29.5,323.7,0.012
30.81602,75.17687,26.5,93.8,0.005
30.82552,75.17346,26.0,141.6,0.019
30.81719,75.17956,37.3,181.8,0.003
30.81052,75.1762,24.1,321.3,0.032
30.82442,75.16924,32.6,312.8,0.029
30.81476,75.1679,25.2,206.8,0.013
30.82071,75.1741,43.5,79.8,0.006
30.81268,75.17619,33.9,145.2,0.011
30.8113,75.18278,38.0,351.2,0.012
30.81717,75.18113,23.3,218.8,0.019
30.8166,75.16727,36.5,281.2,0.025
30.82034,75.17078,25.5,162.0,0.005
30.81435,75.17697,28.9,191.5,0.025
30.80181,75.18014,41.1,154.4,0.021
30.81304,75.17911,19.7,253.1,0.01
30.82285,75.17109,29.6,306.5,0.004
30.81412,75.16157,31.5,182.7,0.016
30.81453,75.16361,32.2,173.1,0.004
30.82439,75.17378,24.4,122.5,0.025
30.8108,75.17434,44.7,63.8,0.004
30.80416,75.16281,17.6,338.1,0.02
30.84489,75.20339,95.0,113.8,0.9
30.85461,75.12334,0.0,288.2,0.924
30.80877,75.16239,43.2,257.5,0.014
30.8151,75.18044,15.3,284.7,0.026
30.82043,75.16858,21.0,337.2,0.003
30.81643,75.18166,39.9,224.4,0.011
30.81896,75.16733,13.0,323.3,0.007
30.83101,75.16339,15.1,60.4,0.015
30.81376,75.16793,24.1,225.6,0.008
30.81873,75.17084,29.5,278.0,0.003
30.81243,75.16849,40.7,97.8,0.004
30.80973,75.16987,26.5,266.7,0.031
30.81182,75.17427,23.1,280.3,0.017
30.9243,75.17869,110.0,299.2,1.207
30.81938,75.17107,31.8,112.6,0.012
30.83529,75.15793,31.5,245.4,0.014
30.81077,75.17473,26.6,109.5,0.011
30.81317,75.17089,12.4,266.1,0.02
30.816,75.18448,20.7,166.7,0.016
30.81967,75.16408,39.4,215.1,0.003
30.81861,75.15713,29.5,149.7,0.018
30.82677,75.17654,25.4,58.3,0.01
30.79709,75.17437,36.9,64.1,0.019
30.7974,75.16353,19.0,27.9,0.001
30.81253,75.15936,26.2,222.5,0.014
30.82528,75.1839,29.1,305.5,0.003
30.80397,75.18291,24.5,7.5,0.015
30.79244,75.1517,28.8,23.8,0.021
30.82107,75.16793,26.5,164.7,0.03
30.81845,75.18491,16.8,265.6,0.0
30.80778,75.16779,29.5,56.8,0.025
30.80862,75.16768,17.4,97.8,0.016
30.80874,75.16934,29.3,83.5,0.01
30.81738,75.16263,39.0,143.7,0.023
30.81149,75.15796,25.8,81.0,0.013
30.82045,75.18002,18.6,126.9,0.022
30.79366,75.15686,27.0,262.3,0.005
30.80965,75.17358,21.3,220.0,0.009
30.80749,75.17869,32.8,29.2,0.024
30.81445,75.15999,26.8,229.6,0.03
30.8122,75.16421,41.7,171.7,0.015
30.82288,75.18131,37.3,336.4,0.013
30.91917,75.25836,85.0,104.1,0.453
30.81686,75.16666,33.7,261.4,0.015
30.82097,75.18122,24.9,263.1,0.013
30.83135,75.18125,28.3,79.7,0.018
30.81265,75.17375,25.1,325.2,0.01
30.8191,75.1644,34.1,176.8,0.023
30.80207,75.16829,39.5,244.4,0.003
30.79736,75.17389,34.4,52.5,0.027
30.79521,75.08652,0.0,92.8,0.42
30.81646,75.17911,35.4,211.0,0.006
30.82593,75.15936,32.4,114.8,0.006
30.80551,75.15965,18.9,179.9,0.019
30.82066,75.17305,41.6,134.6,0.003
30.83145,75.16767,42.4,230.6,0.01
30.81986,75.16658,26.1,175.4,0.026
30.81871,75.15746,25.0,1.7,0.022
30.81657,75.17176,32.9,233.9,0.035
30.80393,75.17118,32.4,152.0,0.017
30.82734,75.17683,26.4,123.0,0.009
30.81161,75.17215,18.0,33.9,0.016
30.82054,75.17054,30.4,79.3,0.013
30.804,75.18102,32.4,80.6,0.014
30.80706,75.1611,33.8,336.7,0.015
30.82798,75.17589,30.8,155.7,0.006
30.81372,75.15823,25.8,15.1,0.018
30.82813,75.16489,36.0,50.0,0.001
30.81587,75.1619,28.5,28.5,0.008
30.80176,75.17786,24.3,212.0,0.014
30.82364,75.17108,26.6,67.2,0.008
30.81178,75.17149,14.0,179.5,0.023
30.82209,75.16275,26.5,133.2,0.006
30.8167,75.1692,33.5,289.4,0.022
30.64478,74.97085,95.0,115.4,0.872
30.81781,75.17467,40.2,165.0,0.011
30.83407,75.16367,25.9,259.7,0.02
30.82044,75.18224,31.9,156.0,0.037
30.92698,75.14598,110.0,285.6,0.806
30.8251,75.16515,46.7,238.2,0.005
30.81819,75.18502,29.2,147.8,0.025
30.81818,75.16812,19.6,181.4,0.013
30.80777,75.16108,34.8,348.2,0.016
30.81837,75.17335,42.9,238.2,0.021
30.82478,75.1678,25.4,325.8,0.007
30.80981,75.16491,34.7,64.4,0.015
30.8279,75.16283,37.8,174.0,0.011
30.78194,75.28585,110.0,327.1,0.343
30.8094,75.16959,29.0,116.1,0.022
30.82448,75.1562,22.4,348.4,0.001
30.81421,75.18355,27.3,34.9,0.028
30.82258,75.17649,31.7,325.0,0.019
30.81417,75.16547,35.3,160.3,0.0
30.74747,75.12199,95.0,26.5,1.14
30.82045,75.17699,25.0,316.6,0.025
30.81883,75.16962,32.4,90.7,0.003
30.80054,75.15619,34.9,8.0,0.029
30.80753,75.1859,31.0,48.9,0.0
30.82394,75.16813,21.3,237.3,0.007
30.81544,75.18356,26.5,352.0,0.006
30.81231,75.18183,35.6,40.1,0.029
30.80563,75.16359,16.9,166.3,0.01
30.80786,75.17987,11.3,65.0,0.003
30.80033,75.16639,40.1,268.2,0.019
30.81569,75.15667,32.1,42.5,0.022
30.81171,75.1682,32.9,86.3,0.022
30.80877,75.17478,19.4,70.7,0.012
30.81596,75.1679,33.9,198.9,0.018
30.81941,75.16914,30.2,314.3,0.008
30.83325,75.18075,15.3,184.0,0.032
30.8044,75.17245,39.4,21.0,0.026
30.82578,75.16485,29.3,202.8,0.026
30.82428,75.17722,24.8,287.1,0.023
30.81027,75.17318,25.0,47.6,0.02
30.81813,75.15143,11.9,26.2,0.003
30.81284,75.17503,32.7,67.6,0.021
30.81799,75.17473,30.1,268.6,0.016
30.82857,75.17176,26.4,213.0,0.028
30.82134,75.17873,38.2,194.6,0.023
30.82057,75.16622,16.9,89.8,0.021
30.81306,75.17429,23.2,119.6,0.002
30.80463,75.15906,21.2,347.7,0.014
30.81483,75.17486,25.8,86.6,0.009
30.82615,75.18722,28.5,324.6,0.018
30.80428,75.16364,31.4,209.0,0.011
30.80806,75.16552,25.2,44.4,0.012
30.81751,75.16592,21.0,168.2,0.02
30.80862,75.17264,41.5,341.5,0.011
30.81016,75.1631,47.3,150.7,0.016
30.81311,75.17497,29.1,310.8,0.0
30.80558,75.17837,21.9,92.3,0.007
30.80871,75.17587,39.8,205.5,0.022
30.82213,75.15745,16.4,303.8,0.003
30.80604,75.17956,25.3,331.4,0.027
30.80372,75.1791,22.4,174.9,0.025
30.81146,75.17824,18.7,230.3,0.012
30.82236,75.17458,25.8,1.1,0.045
30.81492,75.17336,21.1,91.2,0.027
30.81278,75.17986,28.1,100.3,0.006
30.81685,75.18699,28.2,33.7,0.022
30.80253,75.16398,23.0,100.7,0.016
30.82046,75.18023,25.0,115.6,0.007
30.81957,75.17091,26.2,348.8,0.004
30.81323,75.17056,34.5,240.7,0.025
30.82455,75.15931,26.8,153.4,0.009
30.80748,75.16932,34.6,355.7,0.014
30.82552,75.16362,32.7,55.2,0.006
30.93532,75.14909,0.0,171.4,0.718
30.81381,75.16281,39.1,232.9,0.014
30.81634,75.16801,19.0,20.0,0.019
30.81564,75.16835,24.2,258.1,0.011
30.82626,75.17237,42.1,36.0,0.015
30.80789,75.15868,25.9,50.5,0.008
30.8104,75.16004,5.5,57.5,0.029
30.88452,75.21042,0.0,334.4,1.318
30.81174,75.16522,29.1,246.0,0.011
30.8237,75.1802,7.1,236.0,0.002
30.8301,75.1734,38.7,200.0,0.016
30.81329,75.17645,22.3,105.4,0.013
30.82195,75.18289,30.6,223.5,0.035
30.80727,75.16912,26.2,147.7,0.032
30.82254,75.167,17.7,52.3,0.024
30.8181,75.17857,19.4,248.3,0.009
30.85687,75.17153,0.0,46.6,1.433
30.81134,75.1701,36.7,68.6,0.018
30.80321,75.18273,26.8,294.4,0.017
30.82053,75.1699,23.8,237.6,0.001
30.79999,75.17186,20.5,227.2,0.026
30.81396,75.17177,37.6,150.6,0.016
30.82403,75.16412,39.7,142.7,0.014
30.81804,75.17222,37.5,248.5,0.009
30.83209,75.18277,31.9,266.4,0.007
30.8247,75.17516,30.3,183.7,0.018
30.81127,75.17185,18.3,348.9,0.002
30.81672,75.17031,26.0,344.1,0.023
30.81612,75.17425,22.5,148.5,0.004
30.80384,75.1776,13.4,295.4,0.006
30.80898,75.17647,36.5,195.6,0.033
30.81201,75.16895,22.4,184.2,0.006
30.80021,75.1742,37.6,19.8,0.008
30.81688,75.17544,35.1,206.6,0.026
30.81451,75.16354,32.5,324.2,0.034
30.80312,75.17295,32.9,280.8,0.0
30.81973,75.15431,23.1,283.1,0.005
30.82223,75.17546,42.9,57.6,0.006
30.81832,75.17688,28.3,129.0,0.024
30.81391,75.17758,30.4,84.0,0.031
30.82123,75.16844,22.8,113.7,0.004
30.82194,75.17407,20.6,208.6,0.029
30.81896,75.18299,31.8,131.3,0.008
30.8099,75.18291,29.7,201.9,0.018
30.81871,75.17137,21.7,157.9,0.002
30.82606,75.17271,16.5,103.2,0.014
30.81173,75.18049,17.8,34.3,0.014
30.83328,75.15959,37.6,321.1,0.012
30.81229,75.16902,23.1,4.1,0.019
30.81676,75.18228,25.3,0.6,0.005
30.81112,75.1794,39.6,297.6,0.006
30.81829,75.17455,19.0,358.9,0.019
30.80256,75.15955,22.2,261.8,0.028
30.81213,75.1712,21.8,5.5,0.015
30.80776,75.16688,40.9,81.6,0.02
30.81758,75.17425,43.9,349.9,0.023
30.82446,75.16513,34.0,291.1,0.023
30.82167,75.16339,34.3,204.0,0.005
30.79753,75.15508,23.4,85.3,0.007
30.83284,75.18137,43.6,5.2,0.008
30.81886,75.1684,30.1,7.5,0.034
30.81029,75.17286,34.8,220.3,0.02
30.81776,75.17158,27.2,7.9,0.02
30.81791,75.16306,25.9,357.7,0.019
30.81117,75.16153,41.3,66.0,0.002
30.81808,75.16356,32.3,255.9,0.034
30.81164,75.16581,39.6,55.8,0.02
30.81327,75.17453,30.0,194.4,0.022
30.81101,75.16523,21.2,29.0,0.003
30.80504,75.18557,23.3,276.0,0.023
30.81767,75.17982,28.8,210.6,0.011
30.82118,75.17807,23.0,31.0,0.002
30.82062,75.17064,19.1,305.5,0.005
30.82306,75.18371,37.6,196.9,0.002
30.81909,75.16986,23.6,331.8,0.002
30.81224,75.17135,29.1,330.0,0.016
30.98074,75.04702,110.0,331.4,1.432
30.80564,75.17721,23.3,28.0,0.018
30.80929,75.1767,39.6,43.5,0.032
30.80879,75.1678,19.1,355.6,0.014
30.82514,75.16734,30.1,175.5,0.007
30.82404,75.17672,30.0,85.8,0.013
30.8204,75.17732,27.6,277.1,0.027
30.82508,75.16845,17.6,95.1,0.014
30.80947,75.1589,35.0,261.8,0.03
30.81929,75.16994,33.9,301.4,0.02
30.8155,75.17659,22.6,282.3,0.003
30.82328,75.18604,33.7,98.7,0.016
30.81558,75.16202,31.0,144.6,0.018
30.81342,75.16819,17.8,148.8,0.026
30.82083,75.16848,21.2,176.9,0.033
30.82351,75.18245,37.1,60.3,0.024
30.80041,75.20484,110.0,162.9,0.912
30.80289,75.33294,85.0,183.9,0.397
30.80803,75.17607,21.1,191.4,0.013
30.79652,75.16836,23.9,295.2,0.0
30.8181,75.1618,24.4,186.2,0.015
30.82137,75.16446,21.2,83.1,0.019
30.8186,75.18547,14.1,238.7,0.003
30.8009,75.17467,37.1,287.0,0.028
30.81369,75.17246,35.8,115.0,0.025
30.79875,75.1696,17.8,232.3,0.001
30.82746,75.17394,29.1,52.9,0.029
30.80781,75.17384,20.8,123.1,0.012
30.82654,75.17394,25.9,327.3,0.007
30.82407,75.17252,25.2,328.1,0.026
30.8093,75.17855,24.6,207.1,0.014
30.80744,75.17178,44.0,252.8,0.034
30.8193,75.16378,24.5,307.4,0.006
30.80975,75.1667,21.5,345.1,0.002
30.81732,75.15577,21.9,176.4,0.012
30.81264,75.18781,36.4,202.2,0.023
30.80225,75.1785,14.8,149.6,0.006
30.79866,75.16496,21.9,25.9,0.002
30.81831,75.16935,39.6,152.2,0.017
30.81201,75.1665,30.0,284.6,0.0
30.81208,75.18394,29.5,289.8,0.018
30.82207,75.16024,45.1,321.3,0.012
30.82589,75.17252,30.0,18.5,0.02
30.81432,75.17073,22.3,189.8,0.001
30.81378,75.17821,25.7,38.7,0.028
30.8205,75.17077,18.9,72.3,0.013
30.80564,75.15753,38.0,324.1,0.023
30.81829,75.16959,32.6,178.8,0.025
30.82092,75.16382,37.0,273.1,0.003
30.82194,75.17224,37.7,23.2,0.024
30.80101,75.18307,24.7,150.1,0.001
30.81041,75.15768,20.4,242.7,0.001
30.80947,75.1652,27.6,48.0,0.035
30.8173,75.16718,21.0,117.3,0.026
30.82035,75.16855,29.3,23.2,0.036
30.82847,75.17752,37.1,234.5,0.011
30.81254,75.17021,26.7,349.5,0.016
30.81252,75.17493,29.2,297.7,0.02
30.8257,75.16659,27.2,350.9,0.015
30.81887,75.17344,34.4,304.4,0.008
30.82664,75.17782,22.7,307.9,0.006
30.81881,75.16574,10.4,207.8,0.017
30.80724,75.17785,31.8,186.6,0.004
30.80583,75.17202,35.9,146.3,0.004
30.80409,75.17996,31.6,294.5,0.019
30.8218,75.16999,22.9,65.5,0.014
30.82601,75.17465,18.9,20.2,0.024
30.83129,75.17128,32.0,341.2,0.011
30.82324,75.17083,29.1,1.4,0.009
30.8258,75.17367,27.0,351.7,0.019
30.81186,75.17589,42.6,262.4,0.007
30.80725,75.1616,20.4,118.3,0.008
30.8233,75.18307,42.2,251.2,0.009
30.81984,75.15672,28.3,294.4,0.013
30.81736,75.16612,13.3,88.3,0.033
30.8196,75.17085,26.6,277.5,0.001
30.81909,75.1749,35.7,289.6,0.028
30.82677,75.18421,25.1,89.8,0.022
30.82686,75.15673,16.2,15.1,0.031
30.82085,75.16754,26.7,73.5,0.046
30.82327,75.15459,21.1,72.2,0.029
30.82061,75.17185,31.9,23.5,0.024
30.81281,75.17377,34.2,261.4,0.002
30.82619,75.1502,95.0,136.8,0.729
30.80534,75.17257,22.4,318.4,0.019
30.82493,75.17995,34.1,90.8,0.002
30.80694,75.17627,21.1,163.2,0.021
30.81879,75.16812,19.3,230.0,0.006
30.80974,75.16033,18.6,315.9,0.027
30.82093,75.1738,30.8,188.9,0.012
30.81623,75.15966,30.5,134.5,0.016
30.80374,75.18196,22.5,312.1,0.008
30.81987,75.1703,28.0,111.7,0.004
30.81188,75.18116,40.2,28.6,0.027
30.82355,75.16776,20.2,160.2,0.028
30.81651,75.17375,12.4,282.6,0.011
30.81966,75.17327,31.6,11.1,0.022
30.80884,75.17124,27.1,210.9,0.011
30.81179,75.16814,22.3,214.0,0.018
30.81283,75.17474,33.2,334.3,0.023
30.82335,75.16419,34.7,103.1,0.021
30.82992,75.16192,10.3,100.4,0.028
30.81006,75.18154,22.8,158.6,0.02
30.82511,75.17742,46.5,128.5,0.015
30.79914,75.17213,32.7,265.1,0.007
30.80695,75.18492,33.4,231.0,0.01
30.80883,75.16946,37.4,273.2,0.023
30.80568,75.18218,28.1,295.2,0.0
30.80383,75.173,34.4,332.3,0.026
30.8198,75.1634,33.7,155.1,0.012
30.81479,75.18638,32.3,354.5,0.007
30.81954,75.17953,25.4,77.6,0.004
30.82202,75.17063,29.4,257.2,0.022
30.81862,75.17742,23.3,192.2,0.015
30.82176,75.16837,28.1,294.1,0.031
30.81594,75.17823,18.7,171.6,0.002
30.807,75.15247,21.7,282.2,0.009
30.82496,75.16344,25.7,334.9,0.014
30.81179,75.17943,20.5,263.6,0.007
30.80902,75.1696,24.0,279.4,0.015
30.81508,75.17326,26.7,24.2,0.018
30.8092,75.16083,31.2,73.8,0.02
30.81316,75.18638,35.6,350.7,0.03
30.81925,75.18112,24.3,249.5,0.002
30.81929,75.16999,38.7,202.1,0.018
30.80932,75.16836,35.5,132.1,0.009
30.8126,75.17984,32.0,16.0,0.019
30.82509,75.18746,29.2,132.9,0.019
30.82047,75.17923,30.6,179.6,0.005
30.8331,75.18897,37.5,76.1,0.006
30.82594,75.16422,37.8,62.3,0.02
30.82565,75.16504,38.7,183.0,0.015
30.8054,75.16209,28.3,210.9,0.013
30.82261,75.17513,32.4,86.4,0.022
30.81608,75.173,38.7,211.5,0.022
30.81209,75.17038,23.0,324.1,0.01
30.81784,75.17807,25.5,170.3,0.006
30.82406,75.18146,28.1,308.7,0.002
30.82051,75.15939,35.2,333.8,0.015
30.80947,75.16682,35.3,33.3,0.001
30.82244,75.17816,26.2,34.5,0.016
30.8114,75.16786,15.9,171.4,0.027
30.81823,75.16521,30.0,211.7,0.011
30.81407,75.17975,20.7,153.3,0.01
30.85731,75.10638,85.0,117.5,1.16
30.82263,75.16919,17.9,230.8,0.03
30.80818,75.17423,30.6,0.7,0.007
30.83206,75.16701,38.9,348.5,0.016
30.80193,75.17787,28.3,83.5,0.018
30.81172,75.16705,29.7,330.2,0.017
30.81946,75.18287,37.5,39.2,0.033
30.82117,75.17059,15.6,85.7,0.016
30.78881,75.14038,110.0,84.6,0.843
30.81604,75.17757,27.9,358.6,0.022
30.81978,75.16658,32.5,1.7,0.027
30.81465,75.15517,24.1,230.3,0.024
30.82765,75.17449,21.5,313.1,0.02
30.82321,75.17218,29.1,242.0,0.001
30.82348,75.17605,41.2,130.6,0.01
30.80877,75.16979,34.9,345.0,0.023
30.81586,75.16816,23.9,321.7,0.018
30.8141,75.18767,17.3,156.2,0.023
30.80846,75.15982,14.5,206.4,0.034
30.81938,75.17747,38.5,348.3,0.003
30.8122,75.167,20.4,353.7,0.026
30.82174,75.16891,25.4,161.9,0.012
30.80794,75.16906,38.6,305.0,0.024
30.83025,75.16517,15.1,108.7,0.015
30.80933,75.17617,39.9,133.9,0.036
30.81825,75.18273,26.0,59.3,0.016
30.82283,75.17536,18.8,75.3,0.009
30.81193,75.17243,26.0,236.5,0.019
30.82332,75.16371,22.2,183.9,0.018
30.80667,75.17573,31.5,83.2,0.026
30.82812,75.18885,22.8,145.0,0.019
30.81661,75.16855,12.7,134.3,0.04
30.81173,75.16859,26.2,355.4,0.014
30.77947,75.22397,85.0,307.3,0.471
30.82297,75.16768,29.6,139.7,0.009
30.81182,75.14964,18.5,329.0,0.016
30.81051,75.17484,24.1,123.3,0.017
30.81473,75.16484,29.5,240.4,0.018
30.80708,75.15872,26.3,348.0,0.016
30.83106,75.17763,30.0,140.5,0.009
30.81197,75.16294,33.4,244.8,0.006
30.82315,75.16889,18.7,106.5,0.011
30.7643,75.15664,85.0,95.9,0.823
30.80862,75.16033,1.4,206.7,0.029
30.81645,75.15934,30.0,352.5,0.014
30.82277,75.17375,25.6,163.1,0.006
30.81499,75.1808,20.1,337.5,0.014
30.82604,75.15901,30.5,329.2,0.036
30.82467,75.17486,37.4,91.4,0.025
30.82385,75.17625,24.2,144.7,0.021
30.81282,75.15513,20.4,231.6,0.025
30.80786,75.17799,29.3,186.5,0.03
30.81159,75.17861,17.3,34.5,0.003
30.81807,75.16911,22.7,357.7,0.011
30.82087,75.18162,37.8,271.0,0.01
30.79913,75.18069,28.5,157.6,0.021
30.81644,75.17242,13.0,222.5,0.017
30.81776,75.16799,13.6,31.5,0.023
30.81428,75.16382,29.3,178.3,0.01
30.82683,75.1713,34.9,335.1,0.029
30.81987,75.17616,15.1,322.8,0.014
30.82698,75.16901,31.6,121.5,0.022
30.81477,75.15402,38.6,191.3,0.027
30.824,75.18175,43.1,251.1,0.026
30.82958,75.17312,30.6,122.4,0.019
30.82699,75.16856,32.1,23.4,0.023
30.80776,75.17846,10.9,182.0,0.032
30.73841,75.17179,110.0,216.6,0.448
30.81374,75.14918,23.4,2.1,0.008
30.82041,75.17507,20.5,34.4,0.021
30.82199,75.16019,26.0,74.6,0.015
30.80979,75.17559,40.1,125.3,0.008
30.81704,75.17262,45.7,194.8,0.02
30.80034,75.17669,29.0,105.8,0.016
30.82804,75.16761,36.0,99.4,0.027
30.708,75.18716,110.0,313.0,0.352
30.81695,75.168,19.7,52.2,0.0
30.81402,75.17485,39.8,178.4,0.017
30.82567,75.17972,23.0,343.0,0.019
30.7938,75.16223,40.3,225.0,0.016
30.81637,75.17982,38.4,258.2,0.015
30.81565,75.16642,32.9,155.2,0.004
30.81287,75.1745,42.6,7.2,0.014
30.83031,75.16752,45.9,232.6,0.012
30.8094,75.17306,26.6,227.5,0.026
30.82267,75.17874,21.5,39.8,0.019
30.81935,75.16178,13.1,166.4,0.012
30.82659,75.16616,46.0,329.5,0.032
30.81116,75.17308,24.5,73.8,0.012
30.81064,75.19081,37.1,166.0,0.021
30.82527,75.16469,22.1,166.0,0.013
30.8199,75.18792,40.3,291.9,0.031
30.80414,75.18764,22.4,296.8,0.016
30.81219,75.17082,18.5,273.3,0.016
30.81959,75.16921,26.3,131.6,0.014
30.8232,75.16606,23.7,25.9,0.017
30.81107,75.17105,32.8,125.8,0.027
30.79319,75.16035,27.6,244.7,0.023
30.82069,75.17099,33.0,253.0,0.015
30.80674,75.18358,25.7,347.4,0.032
30.80036,75.16671,22.7,163.3,0.024
30.79384,75.16967,23.3,227.7,0.011
30.82301,75.15799,44.4,194.1,0.001
30.81753,75.17459,29.8,54.2,0.011
30.81469,75.17372,12.1,166.0,0.019
30.82761,75.17211,23.8,196.1,0.021
30.8216,75.16987,28.8,342.3,0.029
30.82943,75.16926,42.8,132.0,0.004
30.80536,75.17562,36.2,352.8,0.011
30.81622,75.17137,20.6,195.2,0.003
30.80357,75.17412,47.3,87.3,0.002
30.81466,75.17332,27.8,69.0,0.009
30.81451,75.18059,38.0,51.0,0.019
30.82151,75.17702,18.8,163.1,0.023
30.81686,75.17314,8.8,7.9,0.006
30.82149,75.18375,16.7,160.2,0.007
30.88369,75.15891,85.0,355.8,1.255
30.83374,75.18204,44.9,241.2,0.017
30.81398,75.17646,29.7,273.5,0.008
30.80897,75.15686,20.6,42.8,0.032
30.81847,75.18204,31.6,170.3,0.019
30.81008,75.17268,29.5,103.0,0.013
30.82836,75.17118,33.0,321.9,0.009
30.81423,75.17385,37.7,65.3,0.0
30.81198,75.16884,25.7,165.1,0.001
30.81273,75.17342,21.0,211.7,0.009
30.82225,75.16686,34.6,185.1,0.008
30.81524,75.18179,34.4,298.9,0.005
30.81137,75.17069,28.8,83.3,0.019
30.82982,75.16854,45.4,135.9,0.02
30.80965,75.1642,24.5,285.2,0.01
30.81678,75.17375,20.8,190.1,0.034
30.82172,75.1731,31.3,144.8,0.002
30.80345,75.17471,22.6,10.6,0.016
30.82034,75.16338,32.0,271.2,0.013
30.80806,75.15879,21.3,350.0,0.009
30.82308,75.1766,24.8,223.3,0.008
30.8088,75.18348,43.1,308.4,0.015
30.82204,75.16339,24.8,186.1,0.013
30.82535,75.18432,21.6,83.4,0.011
30.7325,75.05821,95.0,5.2,0.584
30.81851,75.17154,19.6,235.2,0.001
30.81465,75.16842,22.5,177.5,0.012
30.81189,75.16052,32.6,281.6,0.011
30.82827,75.1795,35.5,250.1,0.013
30.8109,75.1654,37.8,355.7,0.014
30.8082,75.16536,22.0,183.7,0.01
30.82182,75.17954,32.8,153.8,0.013
30.81013,75.15654,24.3,103.2,0.006
30.8089,75.15941,23.2,171.7,0.03
30.80495,75.17145,37.6,314.2,0.007
30.81264,75.17395,23.6,15.3,0.011
30.81584,75.17548,30.2,352.0,0.008
30.81844,75.16919,29.2,357.6,0.008
30.82411,75.19184,19.4,215.2,0.015
30.82072,75.16978,35.7,119.4,0.014
30.81497,75.16975,32.5,80.3,0.01
30.84324,75.27155,95.0,99.5,0.55
30.82058,75.17259,30.2,18.0,0.008
30.82668,75.17652,21.8,171.0,0.019
30.81751,75.18123,36.8,20.6,0.036
30.81275,75.15969,16.4,258.7,0.006
30.80856,75.16963,25.1,133.9,0.019
30.80494,75.17517,30.9,71.8,0.015
30.82183,75.1763,28.4,196.1,0.022
30.82112,75.17165,34.1,350.6,0.022
30.82112,75.17594,15.9,250.2,0.017
30.81547,75.16513,41.2,177.0,0.015
30.82776,75.18406,32.2,279.7,0.011
30.81263,75.17954,38.9,265.5,0.007
30.82414,75.16084,35.0,321.0,0.014
30.81619,75.163,27.9,73.7,0.002
30.81163,75.16322,17.7,309.2,0.009
30.82124,75.17702,23.5,108.4,0.026
30.81978,75.16132,40.7,338.8,0.016
30.81936,75.16895,39.1,101.2,0.024
30.81715,75.17524,23.0,333.7,0.03
30.8162,75.17107,5.5,347.0,0.013
30.77862,75.14762,95.0,52.4,0.656
30.82597,75.16307,25.7,350.8,0.012
30.82228,75.17636,26.0,30.9,0.007
30.81739,75.16669,32.2,78.7,0.005
30.82456,75.169,35.0,159.9,0.023
30.82064,75.1735,35.9,357.7,0.017
30.81671,75.17242,31.6,175.9,0.033
30.81407,75.17179,13.6,198.1,0.025
30.81585,75.16559,25.3,250.0,0.008
30.79114,75.1692,46.4,348.6,0.023
30.81818,75.17162,31.0,282.0,0.012
30.6925,75.12957,110.0,80.7,1.223
30.82924,75.1679,30.9,109.1,0.01
30.8154,75.31764,85.0,35.1,0.806
30.80699,75.16138,8.9,232.0,0.007
30.8161,75.18085,26.1,65.1,0.008
30.80813,75.18176,27.7,92.7,0.007
30.82029,75.16164,38.3,319.7,0.009
30.81883,75.18246,28.4,117.6,0.024
30.82416,75.17045,14.8,204.0,0.033
30.81017,75.17495,31.4,143.1,0.002
30.81677,75.16763,21.6,26.7,0.028
30.80558,75.17898,18.3,130.6,0.01
30.82211,75.17485,21.3,146.9,0.018
30.82065,75.16509,32.3,322.5,0.002
30.82047,75.16228,38.1,116.8,0.02
30.81651,75.15992,31.9,136.5,0.005
30.81982,75.1731,33.1,281.8,0.018
30.82933,75.17618,31.8,273.2,0.018
30.81422,75.17681,28.8,287.4,0.017
30.81761,75.17066,33.6,343.4,0.008
30.80781,75.16234,8.6,286.4,0.02
30.80955,75.16614,28.9,146.7,0.019
30.81728,75.18082,19.6,295.7,0.013
30.82533,75.16772,37.3,183.1,0.022
30.81445,75.17275,26.8,100.0,0.014
30.81461,75.16299,28.2,109.1,0.02
30.81324,75.17429,16.0,80.6,0.014
30.81222,75.16794,36.1,52.2,0.017
30.81886,75.17997,33.0,66.4,0.021
30.80452,75.17779,32.5,22.7,0.011
30.82675,75.16763,21.5,319.8,0.003
30.81118,75.17059,21.8,335.2,0.018
30.82228,75.16719,29.8,211.2,0.027
30.78307,75.03896,85.0,302.6,1.278
30.82185,75.16474,31.5,66.1,0.018
30.82188,75.17319,10.7,324.6,0.015
30.81957,75.1742,24.1,182.3,0.022
30.80854,75.17279,42.4,24.2,0.013
30.8185,75.16919,31.5,50.9,0.01
30.80704,75.17906,29.3,111.2,0.026
30.81448,75.17211,43.9,15.7,0.01
30.82474,75.17723,9.3,111.3,0.024
30.82287,75.15741,21.5,21.6,0.026
30.81662,75.14022,24.8,85.0,0.021
30.8087,75.17387,34.9,95.6,0.003
30.82166,75.1602,35.0,358.0,0.015
30.65134,75.18983,0.0,84.8,0.995
30.79794,75.16918,36.0,86.1,0.01
30.82276,75.1843,24.8,247.2,0.016
30.81631,75.1748,37.7,309.4,0.023
30.82612,75.17293,19.7,139.3,0.01
30.80774,75.1783,27.0,315.2,0.013
30.79109,75.17455,24.1,122.5,0.013
30.81873,75.16794,36.4,70.9,0.027
30.81883,75.18017,23.8,118.7,0.012
30.80297,75.16272,27.7,219.4,0.003
30.80867,75.17419,32.1,132.2,0.001
30.83854,75.15922,32.4,242.2,0.019
30.81406,75.17323,35.1,85.3,0.007
30.82235,75.17314,29.7,252.4,0.022
30.81129,75.18501,24.7,125.1,0.002
30.738,75.14525,110.0,164.1,1.454
30.76118,75.16254,95.0,200.8,0.843
30.81438,75.17818,30.0,247.0,0.019
30.8133,75.17428,26.8,85.9,0.021
30.81558,75.17304,28.2,300.9,0.018
30.81861,75.16395,15.9,259.9,0.004
30.8153,75.16687,33.3,84.3,0.008
30.80639,75.18156,29.4,351.0,0.017
30.82039,75.17119,36.0,239.3,0.002
30.84491,75.15455,85.0,162.9,0.487
30.8001,75.17068,14.1,56.7,0.03
30.82241,75.16214,25.1,192.0,0.013
30.82056,75.17907,26.4,59.3,0.0
30.81604,75.17563,33.9,154.6,0.009
30.80534,75.19005,11.4,147.1,0.009
30.81084,75.16348,28.3,259.2,0.036
30.8144,75.17818,32.1,69.3,0.032
30.80373,75.16111,22.7,295.9,0.022
30.81059,75.17286,28.6,117.4,0.012
30.82172,75.17941,23.0,159.8,0.027
30.82792,75.15502,22.2,278.0,0.004
30.81314,75.16996,24.7,225.1,0.026
30.82255,75.16709,22.3,110.9,0.024
30.80119,75.16598,33.5,139.0,0.013
30.82178,75.17468,22.1,110.1,0.026
30.81007,75.18057,20.8,214.1,0.011
30.81896,75.17053,42.1,119.7,0.002
30.81452,75.17324,35.7,261.3,0.025
30.82706,75.17251,13.1,208.7,0.014
30.8095,75.17161,21.9,52.5,0.021
30.82152,75.16289,29.9,111.7,0.033
30.81426,75.18047,30.6,79.7,0.008
30.81523,75.17396,16.1,140.5,0.014
30.81503,75.17476,37.3,185.8,0.031
30.80973,75.16515,34.6,182.4,0.022
30.81639,75.16793,31.9,271.6,0.008
30.816,75.17019,38.9,68.1,0.005
30.81843,75.15933,31.6,340.7,0.01
30.81718,75.1581,31.6,123.4,0.008
30.82288,75.16679,40.5,108.1,0.017
30.82389,75.17578,36.8,246.7,0.016
30.75771,75.09445,85.0,290.0,0.948
30.82345,75.16345,33.1,136.2,0.007
30.80701,75.16508,22.7,268.9,0.014
30.8212,75.16796,32.0,318.1,0.006
30.82146,75.16877,31.8,276.0,0.016
30.80121,75.18892,16.9,12.3,0.027
30.81724,75.18004,27.0,297.9,0.001
30.81275,75.1798,30.1,278.8,0.02
30.81043,75.18095,24.5,240.9,0.009
30.82731,75.16361,30.5,273.6,0.023
30.81127,75.16182,34.4,352.6,0.017
30.81005,75.16275,27.8,155.2,0.019
30.81711,75.18228,29.8,24.2,0.016
30.82198,75.16722,39.1,165.9,0.028
30.81537,75.16159,31.8,16.7,0.018
30.82583,75.16815,29.6,105.9,0.008
30.82075,75.16969,20.3,211.3,0.016
30.79907,75.17375,33.4,111.5,0.011
30.81226,75.17361,30.6,246.7,0.017
30.76833,75.14075,110.0,295.9,1.023
30.82033,75.17709,28.4,151.4,0.008
30.7955,75.16649,13.5,324.0,0.017
30.83689,75.17035,14.4,28.7,0.016
30.82075,75.17709,33.9,302.4,0.026
30.81769,75.16647,23.4,298.3,0.011
30.82595,75.16705,31.5,115.9,0.005
30.83525,75.17633,28.9,107.5,0.011
30.82347,75.16474,26.7,109.8,0.001
30.82409,75.16852,27.2,292.1,0.019
30.81755,75.17605,21.1,299.4,0.002
30.81537,75.18803,27.9,118.7,0.005
30.81269,75.17644,23.3,213.3,0.011
30.80989,75.17538,25.0,50.0,0.03
30.811,75.17585,25.4,168.8,0.004
30.73194,75.23796,0.0,359.6,0.958
30.81589,75.17252,35.4,57.2,0.021
30.7628,75.08544,85.0,341.1,0.731
30.81803,75.17417,36.2,296.7,0.023
30.81621,75.17253,40.3,350.0,0.026
30.81768,75.17464,34.8,64.6,0.024
30.81232,75.16911,32.3,76.9,0.003
30.84111,75.17207,30.6,6.1,0.019
30.82738,75.16178,34.9,260.9,0.023
30.80654,75.16904,28.7,231.9,0.005
30.81836,75.18273,35.9,64.1,0.009
30.81164,75.17415,32.9,284.8,0.007
30.80838,75.17143,25.1,107.7,0.023
30.80578,75.18677,35.2,48.6,0.014
30.81996,75.16071,28.7,152.1,0.012
30.81105,75.16272,27.2,32.7,0.002
30.82424,75.1853,24.2,94.8,0.014
30.82445,75.17197,29.3,133.7,0.009
30.82749,75.16966,36.0,306.7,0.017
30.80968,75.16201,35.1,285.3,0.004
30.8203,75.17518,30.8,159.4,0.017
30.82156,75.17596,32.8,260.8,0.011
30.81271,75.16284,38.2,204.7,0.003
30.81033,75.17048,26.8,122.7,0.002
30.82938,75.16892,19.1,261.3,0.003
30.78757,75.24186,95.0,246.1,1.102
30.8174,74.95908,0.0,222.9,0.949
30.80992,75.18162,22.5,222.5,0.018
30.80675,75.17893,13.6,245.9,0.018
30.81194,75.16869,32.6,138.4,0.007
30.81551,75.16987,15.0,312.9,0.026
30.80799,75.17051,22.0,58.4,0.011
30.81642,75.16537,32.7,318.2,0.02
30.80299,75.16805,33.8,123.2,0.013
30.80754,75.16944,22.8,45.0,0.019
30.82187,75.1845,26.9,216.0,0.013
30.82133,75.17917,21.0,135.4,0.019
30.81336,75.17908,23.6,293.6,0.015
30.86941,75.19987,85.0,155.1,0.521
30.80828,75.16266,24.0,240.7,0.007
30.81351,75.17127,26.0,111.0,0.003
30.82166,75.17936,16.3,75.4,0.005
30.82393,75.16153,37.1,139.7,0.026
30.81253,75.17669,32.1,218.5,0.013
30.80727,75.19018,34.3,236.5,0.016
30.81864,75.18009,38.3,208.2,0.004
30.80991,75.18291,21.4,355.7,0.016
30.81235,75.17335,25.1,248.8,0.005
30.8271,75.17934,12.8,335.3,0.006
30.82312,75.16586,50.0,42.5,0.011
30.81776,75.17797,26.8,22.1,0.019
30.80632,75.17684,36.3,112.0,0.021
30.81819,75.17392,18.1,49.2,0.021
30.825,75.18213,36.0,189.3,0.001
30.81349,75.16729,42.9,186.8,0.015
30.82731,75.1701,27.5,207.0,0.013
30.82684,75.17236,19.9,268.3,0.0
30.82981,75.16336,26.9,349.7,0.015
30.81894,75.17342,10.2,316.2,0.012
30.8212,75.15785,27.7,42.6,0.02
30.82781,75.17998,34.6,121.9,0.016
30.82008,75.17197,27.7,92.1,0.01
30.81249,75.16743,25.7,63.7,0.024
30.81291,75.16493,32.2,196.1,0.007
30.81841,75.16972,32.8,199.2,0.014
30.80618,75.17711,14.7,81.8,0.003
30.81535,75.17598,28.7,256.3,0.006
30.82527,75.16596,47.5,263.8,0.02
30.79897,75.16483,17.3,7.6,0.002
30.82878,75.17686,27.3,142.5,0.001
30.82548,75.16582,43.5,320.5,0.039
30.81282,75.17208,36.8,187.3,0.001
30.82085,75.17259,23.9,125.1,0.032
30.81653,75.1741,29.6,91.3,0.013
30.82634,75.17847,28.0,87.6,0.01
30.82436,75.1615,22.0,35.9,0.021
30.8053,75.15631,27.4,294.2,0.028
30.8212,75.16706,25.8,31.2,0.004
30.81485,75.18601,28.9,105.2,0.01
30.81716,75.18778,22.0,16.4,0.023
30.81067,75.18625,17.8,281.3,0.018
30.83049,75.17006,27.7,14.1,0.026
30.82482,75.15734,41.7,111.0,0.02
30.85112,75.05659,0.0,206.4,0.994
30.80582,75.16669,25.3,147.4,0.017
30.81341,75.17002,34.0,101.6,0.017
30.81998,75.18201,26.7,99.1,0.018
30.81842,75.17854,42.9,287.2,0.014
30.82653,75.17342,28.0,350.6,0.023
30.82282,75.16448,33.6,125.3,0.017
30.82426,75.16391,22.0,14.1,0.023
30.81911,75.17363,32.0,13.2,0.024
30.80539,75.17718,30.2,273.3,0.019
30.81493,75.17474,27.5,198.9,0.02
30.82498,75.16332,24.0,282.1,0.005
30.81609,75.17681,22.9,251.1,0.009
30.82052,75.17501,30.3,326.7,0.023
30.81395,75.16303,33.0,318.9,0.029
30.80826,75.16533,27.0,283.8,0.004
30.81551,75.17711,30.3,171.1,0.009
30.81897,75.16972,27.7,110.9,0.015
30.81125,75.18431,28.8,182.5,0.006
30.81461,75.17561,26.4,180.7,0.007
30.80898,75.16771,28.1,219.7,0.02
30.82545,75.17152,49.6,67.0,0.031
30.81414,75.17211,30.5,236.0,0.005
30.82812,75.16577,33.2,164.4,0.013
30.82873,75.1643,31.5,223.3,0.02
30.81585,75.17721,25.9,86.3,0.023
30.80843,75.17836,38.4,156.4,0.018
30.79981,75.17643,25.7,75.7,0.033
30.80472,75.18372,36.4,315.1,0.015
30.80551,75.16727,25.3,175.7,0.028
30.82753,75.18499,20.3,81.0,0.009
30.81743,75.16439,30.9,14.8,0.016
30.81962,75.1635,19.2,243.3,0.003
30.79874,75.15752,32.3,77.3,0.024
30.80692,75.16803,18.4,356.2,0.014
30.8236,75.16757,25.4,192.1,0.019
30.81879,75.17581,16.5,104.0,0.012
30.81532,75.17355,50.0,236.8,0.021
30.82102,75.16206,14.8,99.1,0.019
30.82959,75.16846,28.1,295.3,0.005
30.81473,75.16863,37.1,111.0,0.006
30.78775,75.29774,85.0,355.8,1.343
30.81804,75.16375,34.8,217.9,0.022
30.83564,75.16543,25.5,304.0,0.034
30.79971,75.18307,38.8,26.2,0.018
30.82197,75.17313,35.3,125.4,0.025
30.81558,75.1769,29.7,265.5,0.001
30.82103,75.15961,29.9,235.8,0.035
30.81124,75.18115,25.6,69.9,0.021
30.81611,75.18201,20.7,128.2,0.015
30.82219,75.15561,37.9,94.8,0.013
30.8414,75.16596,38.5,220.8,0.004
30.82296,75.17557,20.9,124.0,0.007
30.80972,75.17676,26.8,111.3,0.034
