segment_id,hour_of_day,day_of_week,weather,cumulative_delay,actual_travel_time
7,10,2,0,1.8,15.02
15,17,3,0,2.7,29.97
11,11,5,0,9.4,22.52
8,13,6,1,2.6,13.8
7,18,3,0,0.5,12.03
19,6,5,0,2.2,25.91
11,10,1,0,1.5,20.91
11,8,3,2,2.0,27.55
4,7,2,2,0.7,6.95
8,16,2,0,2.1,11.99
3,13,4,0,0.5,4.13
2,12,3,0,4.1,6.71
12,15,4,0,2.7,16.11
6,12,6,2,0.2,11.06
2,10,5,2,6.6,11.66
1,17,0,1,2.9,3.32
12,21,6,0,1.1,14.22
12,18,2,2,0.1,28.86
17,14,1,0,3.0,22.73
10,10,2,1,1.4,25.46
16,7,0,0,7.1,25.9
15,8,1,0,0.1,26.56
15,9,3,0,0.1,26.05
19,20,3,0,8.9,33.09
12,10,6,0,10.0,31.24
3,18,2,1,0.1,6.17
5,8,1,0,3.8,12.16
19,17,5,0,0.8,34.57
7,19,1,0,3.6,16.85
9,12,4,0,6.1,17.19
7,10,0,2,0.3,17.27
18,10,6,0,0.8,31.26
4,11,3,0,0.1,3.58
14,12,2,2,0.1,23.19
18,15,1,1,0.1,27.22
9,15,3,0,4.8,16.13
2,21,2,1,1.1,4.57
15,13,3,0,2.0,20.5
7,14,2,1,4.7,16.44
12,16,3,0,2.0,15.79
8,9,5,2,1.7,21.06
15,10,4,0,0.0,26.36
3,20,0,0,2.5,5.57
14,10,3,0,0.4,24.38
17,13,0,0,4.3,24.32
4,14,3,2,0.9,7.38
18,12,6,0,3.4,24.73
8,20,1,0,3.1,13.27
4,10,4,0,2.9,10.47
2,8,6,0,0.9,5.34
6,6,5,2,0.9,11.9
10,16,4,0,6.0,17.74
4,14,0,0,0.0,3.63
18,10,1,1,0.6,41.39
12,14,2,1,2.8,21.78
2,15,6,0,5.1,8.0
10,20,4,0,1.3,12.78
4,17,5,1,3.2,10.41
14,18,6,1,2.4,30.41
16,19,1,1,0.2,35.12
15,9,1,2,2.9,39.76
8,10,0,1,5.0,22.9
14,9,5,1,14.7,46.33
8,7,1,2,0.1,13.35
16,17,1,0,3.2,30.98
13,6,2,0,1.6,17.68
18,13,0,0,0.0,19.59
15,9,0,0,2.9,28.18
13,10,5,1,0.4,27.99
9,11,1,1,1.4,15.26
15,19,2,1,0.9,32.63
13,13,3,2,1.3,23.08
1,16,4,0,2.0,3.05
7,13,6,1,1.3,10.56
9,12,0,0,2.4,14.96
1,9,2,0,0.8,4.48
12,11,5,0,3.0,17.61
8,21,2,1,5.8,18.55
11,9,1,0,0.8,20.82
19,20,4,1,2.1,30.52
17,19,0,0,3.1,32.77
8,12,3,0,2.5,12.04
3,17,1,0,1.4,5.84
3,18,0,0,3.1,8.18
1,17,6,2,0.1,2.71
5,21,5,0,1.4,8.1
10,20,0,2,2.3,19.28
7,18,2,2,0.1,18.7
9,18,6,2,2.1,23.15
7,16,4,0,3.2,11.56
9,19,3,2,4.3,27.16
8,6,4,0,0.4,10.31
12,10,2,0,14.0,33.26
2,20,3,0,2.8,5.08
1,19,3,2,1.4,3.39
16,15,1,0,0.9,20.23
5,17,3,0,2.6,12.94
3,21,0,0,6.4,9.86
12,20,4,0,2.2,16.95
8,15,5,0,3.2,12.61
3,20,5,1,1.3,5.65
1,9,4,0,1.5,4.11
3,16,1,2,1.0,5.6
5,12,3,0,3.7,9.86
15,18,2,2,1.3,36.33
14,14,6,0,0.6,18.42
3,10,6,0,1.4,5.97
1,9,0,0,5.8,5.93
5,20,1,0,4.0,9.89
14,14,6,1,1.2,21.48
7,10,3,0,7.1,18.11
9,14,5,1,0.2,12.88
15,13,2,1,0.2,22.75
15,9,3,0,0.4,25.94
10,16,1,0,0.4,12.65
13,16,2,0,0.3,15.64
19,12,6,0,3.2,25.76
7,10,2,0,2.8,14.02
17,15,2,2,3.1,30.79
4,9,2,0,3.5,10.0
5,10,6,0,4.2,11.29
7,10,3,0,0.7,14.0
13,16,2,0,2.9,18.28
15,20,3,1,2.6,25.19
11,14,2,1,8.6,24.38
4,17,2,1,0.8,8.37
13,21,1,1,0.2,19.4
7,14,3,0,3.2,11.88
19,11,5,0,4.0,25.44
2,19,3,0,1.0,4.55
10,9,4,1,2.5,24.11
13,20,6,1,0.2,19.87
6,7,5,0,9.7,15.73
12,19,1,0,0.3,21.53
12,8,3,0,0.2,19.14
11,7,1,2,0.1,19.53
7,10,5,0,1.7,14.35
1,11,1,1,0.3,2.68
1,16,1,0,4.1,4.6
13,10,0,0,6.9,28.78
9,7,3,1,0.9,14.63
3,17,1,0,3.0,9.23
7,10,0,1,0.1,16.69
6,14,0,1,1.5,10.95
8,9,2,0,1.0,13.59
9,17,2,1,0.8,21.65
5,15,6,0,3.1,8.46
1,7,5,0,0.4,1.51
19,8,3,1,5.9,47.61
10,8,2,0,3.3,19.56
12,14,5,0,3.7,18.7
15,9,3,2,8.2,44.56
9,21,5,0,8.6,18.83
17,20,6,1,2.4,29.2
17,6,6,1,2.1,27.78
12,6,0,0,1.2,14.77
7,20,0,0,3.8,11.9
2,12,3,0,2.3,4.66
3,12,5,0,8.1,11.35
17,7,5,1,0.8,26.27
5,14,2,1,1.1,8.64
17,14,2,0,1.1,20.7
17,10,3,0,4.9,34.1
17,20,4,2,0.3,28.84
2,20,2,0,1.8,3.9
2,8,1,1,1.7,5.11
5,8,2,1,0.2,10.13
1,17,4,0,1.6,3.08
1,8,5,0,2.2,2.76
19,11,0,1,0.2,27.15
2,9,0,0,2.1,7.16
12,13,5,0,9.6,24.05
6,20,0,1,11.6,20.98
4,18,2,1,2.3,12.22
11,16,6,0,2.2,15.77
17,18,0,0,1.0,31.73
6,16,6,0,17.5,23.32
5,16,4,0,1.0,6.78
2,10,6,0,1.8,4.96
6,6,4,0,0.0,8.17
11,14,2,0,1.3,15.17
16,6,5,0,0.2,19.24
16,11,1,0,4.1,23.99
1,6,2,0,2.5,4.23
9,8,0,0,2.5,18.45
6,20,2,0,1.0,7.92
16,15,4,2,5.1,30.01
3,10,2,0,0.0,4.93
4,20,2,0,1.2,4.89
19,15,1,2,3.2,34.5
3,12,4,0,7.2,11.27
19,19,3,1,0.8,40.02
7,15,3,0,2.3,10.57
9,13,4,0,2.3,13.77
1,17,3,0,6.2,7.12
8,14,0,0,0.2,10.39
7,21,3,0,1.7,10.33
18,11,0,0,0.6,22.51
8,20,4,0,0.1,9.09
1,16,3,2,0.5,4.91
11,14,3,0,11.2,24.79
18,13,5,0,0.7,22.44
10,14,6,0,8.2,20.21
3,15,0,0,0.7,3.8
7,9,0,1,8.0,22.32
16,14,2,0,3.2,22.57
16,20,1,0,0.4,18.69
17,12,3,1,2.6,28.37
2,10,5,1,1.2,6.51
1,10,1,0,1.4,2.49
16,6,6,0,1.7,20.04
12,7,6,0,1.6,15.99
5,15,5,0,3.3,9.96
5,8,1,0,4.4,13.81
9,19,3,0,1.2,17.08
9,19,6,2,7.7,28.26
3,13,5,0,8.4,12.05
19,11,0,0,0.1,23.53
16,17,2,0,0.0,27.92
16,15,5,0,1.7,20.2
3,16,4,0,2.7,6.95
1,18,6,0,1.0,3.32
11,20,6,0,0.9,13.86
17,19,3,0,3.4,34.84
8,10,3,0,2.8,18.28
4,18,4,0,0.5,7.44
6,6,6,0,6.5,13.97
8,17,1,0,3.4,17.27
3,16,2,0,1.4,5.58
16,17,1,0,3.5,31.01
3,14,4,1,0.4,5.75
18,8,4,1,1.9,40.49
14,8,2,0,0.6,24.02
18,7,4,1,0.1,26.46
2,9,4,0,1.2,4.77
3,17,6,1,0.5,7.13
16,7,5,0,3.0,21.1
9,21,6,0,3.4,14.49
4,18,2,0,0.5,7.35
1,14,3,0,0.1,1.0
4,17,1,2,4.7,15.5
1,15,3,0,0.0,1.28
14,12,3,0,1.3,18.33
16,13,5,0,2.0,20.29
8,8,1,0,5.1,19.32
7,11,3,0,5.5,13.05
3,20,2,0,3.9,7.71
17,15,1,0,0.9,21.88
1,11,0,1,3.8,4.47
16,18,5,0,0.8,27.78
12,6,3,0,0.7,15.05
19,11,4,0,2.4,24.57
14,21,1,2,3.4,26.27
6,18,0,0,0.2,10.05
6,19,4,0,0.2,9.36
13,8,0,2,4.6,37.32
19,16,3,0,5.9,28.96
8,21,4,0,2.8,12.44
2,8,3,0,1.7,3.03
1,8,4,2,5.6,8.54
15,15,1,2,3.9,30.01
1,16,6,1,2.6,4.19
5,20,2,0,1.2,8.04
16,16,6,0,0.7,20.17
19,20,2,0,1.6,24.36
4,15,6,1,1.0,6.33
3,16,0,2,1.2,4.93
17,13,5,0,2.2,22.17
17,18,4,0,0.6,30.05
12,21,3,0,4.9,19.55
14,10,5,0,0.5,24.65
6,9,1,0,2.0,11.96
3,18,1,0,4.1,9.1
9,14,1,0,2.0,12.54
5,14,2,0,1.3,8.07
17,6,3,1,1.9,27.32
14,7,1,1,5.7,28.36
3,13,1,2,13.9,19.2
1,10,6,1,3.0,4.75
1,21,0,0,4.7,5.32
3,12,4,0,0.0,3.62
18,6,4,2,6.4,37.49
10,17,4,0,9.2,26.77
3,15,5,0,2.6,5.37
8,17,6,0,4.2,18.36
14,10,6,1,2.2,32.9
18,16,0,0,1.0,23.37
15,17,2,0,5.7,33.6
2,8,5,0,2.7,7.02
10,15,0,1,2.6,17.8
2,17,1,0,3.2,7.05
17,17,3,0,5.8,34.35
8,19,5,0,3.9,18.67
1,7,5,1,0.7,2.08
9,7,1,1,1.9,15.64
11,14,1,0,11.8,25.35
16,18,3,0,2.4,29.83
7,9,4,2,8.4,26.44
10,21,5,0,5.0,16.88
3,9,0,1,3.3,9.91
18,12,2,0,1.3,23.58
13,15,1,0,1.1,16.66
7,21,1,1,3.1,13.76
4,15,2,0,1.7,5.37
13,18,0,0,4.8,26.95
1,7,1,0,4.3,5.37
8,8,2,1,1.1,20.96
14,8,6,0,3.6,29.17
16,11,1,0,2.0,21.16
14,8,4,2,1.2,36.52
12,16,4,0,1.6,15.62
19,10,1,0,6.8,38.65
15,9,6,0,1.3,26.33
2,8,1,2,1.0,7.21
2,13,4,0,1.3,4.17
19,19,6,0,0.7,35.13
17,15,1,0,2.4,22.58
10,8,6,1,0.5,20.13
6,11,0,1,5.1,13.94
15,18,0,0,0.8,26.2
11,20,3,0,2.7,15.64
5,12,0,1,0.4,8.32
1,12,5,0,11.5,13.13
8,7,6,2,1.8,15.9
12,19,5,0,5.2,26.03
12,8,5,0,4.4,25.75
5,17,1,0,3.8,12.15
7,15,1,1,5.3,14.64
4,15,2,0,0.3,5.27
6,20,6,0,3.4,10.7
13,9,5,0,0.9,22.75
15,12,5,0,4.6,23.98
3,7,0,0,9.4,13.04
8,8,4,0,7.0,20.48
16,12,6,1,0.4,23.73
13,12,4,0,1.4,16.02
18,21,6,1,1.4,28.21
10,20,6,0,0.4,12.89
19,15,3,0,0.3,24.03
17,8,2,0,1.5,31.94
19,17,4,2,14.5,60.94
5,6,3,1,2.5,9.36
9,17,0,0,2.9,18.1
12,8,2,1,1.9,28.2
1,10,2,0,3.3,5.27
1,12,5,0,9.4,9.54
15,9,6,0,2.7,28.75
2,18,6,0,0.2,2.89
16,18,1,0,2.0,30.81
8,16,6,1,14.8,25.94
13,16,6,0,1.5,17.44
1,21,6,1,2.7,2.95
16,20,5,0,0.3,18.8
7,6,0,0,0.5,9.18
5,11,6,1,6.2,14.66
3,7,5,1,1.1,6.3
12,17,2,2,1.1,30.17
16,8,5,0,1.5,28.44
19,9,6,1,10.2,51.29
5,11,3,1,0.3,7.71
14,11,5,0,5.1,21.55
5,12,4,0,1.3,8.2
15,10,0,0,5.7,31.58
17,12,0,0,14.4,34.83
14,7,2,0,1.3,18.68
5,6,5,2,0.4,8.74
12,17,2,0,0.5,21.09
16,15,2,1,4.3,28.38
16,13,3,0,0.5,20.53
7,6,1,0,0.9,9.12
4,17,2,0,0.7,7.93
1,7,1,0,1.3,2.77
5,16,1,1,0.2,6.5
10,17,0,2,5.8,29.65
5,15,4,0,5.9,12.34
4,11,4,1,1.6,7.85
2,6,5,0,2.8,4.64
10,15,3,0,3.1,16.17
19,8,3,0,4.1,37.21
1,12,4,0,2.2,4.45
5,17,5,0,2.1,10.87
13,13,6,0,3.0,18.93
4,9,4,0,3.6,11.5
16,17,5,1,1.3,36.22
16,8,5,0,1.2,27.74
2,6,5,0,0.9,3.04
17,17,5,0,2.4,31.28
12,14,0,1,1.3,18.53
18,15,0,1,2.3,30.36
3,11,4,1,1.6,6.8
1,21,5,0,5.4,7.06
1,11,2,0,0.2,1.4
19,14,5,1,2.5,31.43
11,6,2,0,2.6,15.21
5,11,0,0,1.5,6.49
12,17,5,0,1.6,21.7
3,10,1,0,4.8,9.21
1,18,4,0,1.0,2.92
1,16,5,0,6.2,7.31
8,21,3,0,6.8,17.1
10,20,2,0,3.2,15.02
11,11,6,2,4.4,22.54
12,19,6,0,2.8,24.24
13,16,5,0,2.2,16.37
12,13,1,0,10.2,25.3
14,10,2,0,1.0,26.2
2,7,1,0,0.5,3.31
19,17,6,0,1.0,35.56
18,17,4,0,2.9,34.65
3,7,6,0,0.6,3.95
17,15,4,1,7.2,32.97
8,21,4,0,1.6,11.36
10,10,0,0,5.7,21.11
2,8,6,0,0.9,4.31
19,15,6,2,1.1,33.71
9,8,1,0,0.2,15.01
7,13,5,1,0.9,12.22
4,12,3,0,2.0,7.16
18,6,3,0,8.8,29.85
13,17,4,0,1.5,24.53
11,18,3,0,3.1,21.51
4,17,2,0,1.7,7.92
4,10,1,0,0.1,6.94
10,21,1,0,2.1,15.96
5,14,1,0,0.2,6.56
9,9,2,0,6.5,22.21
3,6,5,1,4.2,9.1
17,13,0,1,1.4,27.03
3,10,2,0,3.1,9.13
16,7,1,2,0.4,27.8
4,20,1,0,3.6,7.65
18,17,6,0,5.2,36.6
17,6,1,0,5.2,26.09
7,19,5,0,1.0,13.38
5,17,3,0,0.9,9.2
12,17,0,0,2.2,22.85
17,17,2,0,10.3,40.61
13,8,1,0,7.6,28.93
3,14,6,1,1.3,5.39
9,6,6,1,4.5,16.91
17,9,4,0,7.6,37.12
17,13,0,0,0.9,21.51
16,13,6,0,5.3,23.98
13,15,4,0,0.9,15.88
19,17,0,0,1.3,35.06
17,16,1,0,0.7,20.0
4,18,0,0,2.1,9.29
12,16,0,0,5.6,19.07
9,13,1,2,2.3,17.37
19,15,5,1,0.4,28.55
12,21,6,0,0.9,15.35
9,13,4,0,2.5,13.77
7,21,5,2,2.6,13.1
14,9,4,0,2.6,27.1
19,13,3,0,0.2,23.26
15,14,6,0,4.2,21.09
16,12,4,0,7.2,26.6
5,19,4,1,2.1,12.79
3,17,0,0,3.8,10.1
12,7,3,0,7.4,22.21
4,14,1,0,3.1,8.51
16,16,1,0,3.4,22.23
7,13,2,0,3.8,11.97
13,18,3,1,0.9,28.37
10,10,0,0,2.6,19.56
7,20,2,0,5.5,13.58
14,17,2,0,1.1,25.18
5,8,1,0,6.8,15.68
3,12,4,0,2.9,7.0
11,19,0,0,1.7,20.53
11,19,3,0,2.9,23.23
18,20,2,0,1.5,23.14
15,7,0,0,5.5,22.62
12,18,1,2,2.0,32.24
9,8,2,0,6.9,22.95
10,17,2,0,2.1,18.89
12,21,5,0,3.2,17.06
17,14,1,0,18.3,38.74
6,9,5,0,0.5,10.54
7,9,1,0,4.0,16.4
14,8,1,0,0.4,24.95
13,10,5,0,5.5,27.91
8,8,6,0,2.7,18.2
10,14,0,0,8.3,19.35
9,20,0,0,6.0,16.64
18,8,6,0,0.2,30.1
2,7,0,1,0.4,3.52
5,17,4,2,2.8,15.02
5,10,2,0,2.2,11.22
6,21,0,0,0.6,8.06
19,11,4,0,0.4,24.32
8,6,2,0,2.5,11.89
16,19,0,0,0.2,28.58
13,17,1,0,6.2,28.62
1,16,6,1,4.9,6.71
17,11,3,0,4.6,24.17
7,15,0,0,0.0,9.56
13,8,3,1,0.1,27.93
4,9,0,0,2.4,11.08
4,11,1,0,15.6,20.45
6,13,6,0,1.3,8.7
19,20,6,0,1.3,23.56
12,14,3,0,0.4,13.93
7,11,4,0,3.4,12.43
10,21,1,0,3.1,15.83
19,12,3,0,0.3,23.17
7,20,3,0,1.9,10.27
3,19,5,1,3.3,11.87
13,10,5,0,2.0,25.21
13,19,1,0,3.4,25.4
18,17,1,0,5.1,36.9
8,20,1,0,3.5,12.14
9,14,2,0,2.9,12.68
7,9,4,1,5.8,21.76
1,15,0,0,6.9,7.2
3,16,5,1,1.5,6.02
13,11,6,1,0.6,19.63
17,10,6,2,5.1,45.87
1,6,3,0,0.7,1.29
6,10,5,2,7.9,23.27
6,18,0,0,0.1,9.78
12,10,1,0,7.6,27.72
13,19,6,0,2.7,25.53
13,14,5,2,4.5,25.79
15,6,4,0,1.5,18.52
16,20,4,0,14.4,32.63
11,10,2,0,0.8,19.97
5,20,5,0,0.9,6.1
4,12,1,0,0.2,4.57
3,16,3,1,8.5,14.09
19,11,2,2,1.8,32.46
18,11,1,1,3.4,30.13
15,17,2,0,3.5,29.08
9,21,5,0,6.2,17.52
17,12,0,0,3.3,24.3
14,11,6,0,2.5,18.08
15,10,5,0,3.7,30.39
1,21,1,1,4.2,7.17
3,15,3,0,0.6,5.49
16,10,3,1,0.3,35.58
11,14,1,2,0.2,18.9
12,19,2,0,1.4,21.47
10,13,4,2,2.1,17.15
16,19,1,1,2.9,38.04
8,17,6,0,9.5,22.97
6,20,5,0,1.2,8.92
12,15,3,0,4.3,19.25
8,19,0,0,2.3,18.13
4,9,3,0,0.7,8.37
8,9,4,0,2.9,15.81
18,15,3,0,10.2,31.84
5,10,4,0,0.4,8.95
9,18,6,0,2.1,17.5
4,18,1,0,0.2,6.65
17,8,3,0,1.2,31.02
9,20,2,0,2.9,13.02
1,13,5,0,5.5,7.59
13,12,2,1,3.9,23.48
16,10,5,0,1.9,29.86
13,15,3,0,7.2,23.1
14,8,6,0,1.1,24.09
3,20,3,0,4.2,7.49
6,10,5,0,1.9,13.86
18,8,6,0,6.9,38.43
19,21,0,1,4.8,32.78
5,15,6,1,7.0,15.1
15,10,3,0,0.7,25.13
2,21,0,1,3.3,4.88
10,6,0,0,4.0,17.2
18,21,5,2,4.1,35.32
13,11,0,0,2.1,16.97
5,15,0,0,0.0,4.56
1,21,1,0,0.9,2.33
1,21,6,0,1.2,3.48
18,9,2,1,5.7,43.94
15,9,0,0,5.5,31.7
17,21,2,0,0.3,21.15
11,13,0,0,9.0,22.8
17,7,2,0,0.6,21.15
13,9,3,0,1.6,24.69
1,20,3,2,0.7,1.85
2,7,2,1,5.9,8.68
9,6,6,0,4.2,15.07
3,15,0,0,1.3,4.47
1,18,1,0,3.4,4.72
16,18,6,1,0.6,34.91
6,8,2,2,1.4,15.32
17,17,6,0,1.4,32.4
5,13,4,1,0.8,7.95
5,11,1,0,6.3,10.96
6,17,4,0,3.4,13.54
3,12,2,2,1.0,5.73
5,7,0,0,0.8,7.1
5,11,6,0,0.1,6.63
10,19,6,0,1.3,19.48
10,13,4,0,2.2,14.62
19,13,6,0,1.0,24.38
17,9,2,2,3.6,47.11
14,11,1,0,1.6,19.04
9,19,0,1,1.1,21.29
14,10,4,0,8.4,32.84
1,14,6,0,0.9,2.95
19,13,2,2,1.5,33.41
13,7,0,0,1.4,15.97
13,17,0,0,0.8,22.72
4,21,3,0,0.7,4.53
1,18,0,0,1.1,3.54
17,12,2,0,6.0,26.78
8,21,1,1,4.4,15.77
2,12,5,2,3.4,5.98
8,16,3,0,1.8,11.74
7,19,2,1,2.1,14.23
2,19,2,1,0.9,5.7
3,17,2,1,0.2,6.92
18,6,4,0,1.2,23.17
12,6,6,0,2.1,17.06
1,17,4,0,0.2,1.0
12,9,1,0,0.3,20.35
5,10,2,0,0.9,9.47
17,20,6,0,1.4,21.4
16,9,4,0,1.5,27.04
15,12,4,0,0.4,18.51
15,21,4,0,0.8,19.25
5,21,1,0,0.9,6.03
14,8,1,1,0.2,30.69
2,12,2,0,1.2,2.33
11,18,3,1,0.2,25.84
19,13,2,2,3.6,36.48
7,11,4,1,1.5,11.98
6,11,5,1,1.2,10.6
2,21,6,2,0.4,3.27
6,13,4,0,0.8,8.71
18,13,0,2,0.8,30.72
2,12,5,1,12.6,13.58
18,11,5,1,5.4,32.91
15,11,6,0,0.0,18.64
19,15,2,0,2.9,25.89
2,21,4,0,0.9,3.87
6,16,4,0,0.3,8.48
1,21,3,1,3.7,4.9
15,18,0,0,0.4,26.23
10,18,2,0,1.8,18.12
19,11,1,0,3.0,26.63
17,13,2,0,2.4,23.1
5,6,5,0,11.4,17.51
4,10,2,0,4.6,11.61
10,21,3,0,4.5,15.99
17,8,2,0,1.3,31.13
10,17,3,0,0.0,18.41
17,13,5,2,4.0,33.41
5,16,3,1,24.7,32.37
2,11,6,1,1.6,4.9
6,19,6,0,12.7,22.26
2,7,4,0,0.5,2.03
13,20,1,0,1.1,17.43
11,18,5,2,0.6,27.2
11,12,3,1,1.9,18.77
16,21,0,0,4.8,23.68
11,12,5,1,1.2,17.96
19,18,0,0,7.1,39.78
15,10,1,0,2.4,29.68
16,13,3,0,1.9,21.08
11,19,5,0,4.6,24.24
16,10,5,0,0.3,28.99
8,6,1,1,4.5,16.21
4,14,4,0,0.8,3.92
8,9,0,0,1.0,14.14
4,18,5,2,2.7,12.28
3,7,2,0,7.0,10.94
3,9,0,0,2.6,7.91
18,19,3,0,3.1,33.59
19,18,1,0,4.5,36.54
19,14,0,0,0.9,22.34
5,7,2,0,5.3,13.04
18,21,6,0,1.6,24.68
10,9,2,0,0.6,16.99
6,7,1,1,1.3,10.72
1,10,1,1,0.8,3.78
5,8,6,1,0.8,12.26
9,15,0,0,1.0,12.04
12,7,3,0,0.6,14.22
14,19,4,1,3.3,35.05
2,14,2,0,2.6,4.84
17,21,1,0,3.1,23.05
14,10,4,1,1.3,31.84
13,15,4,0,4.4,19.81
9,10,4,0,0.4,15.56
15,6,3,1,2.5,24.87
15,11,1,2,1.0,25.5
11,18,2,0,2.2,21.54
16,12,1,0,1.2,20.82
17,6,0,0,4.7,24.94
4,14,2,1,6.7,13.73
1,13,1,0,4.1,5.17
8,17,2,0,0.6,15.22
17,19,0,2,1.0,43.07
3,19,5,0,7.6,12.77
15,13,2,2,1.7,26.55
15,12,5,2,8.5,34.17
14,10,4,0,1.5,26.39
14,8,6,1,9.1,39.89
2,20,3,0,7.8,10.12
13,17,0,1,3.2,31.82
14,19,2,1,0.0,30.21
19,14,0,0,1.5,23.23
7,19,4,1,7.3,22.72
3,12,5,1,6.5,10.4
15,16,3,0,0.6,18.05
14,15,0,0,1.5,18.27
11,15,5,0,5.4,18.49
15,13,4,0,2.6,19.62
13,19,4,2,5.6,36.45
18,11,4,1,5.3,30.45
6,17,6,0,7.1,17.05
3,19,5,0,0.4,6.08
19,16,2,0,0.5,24.07
15,19,1,0,0.3,26.93
5,10,0,0,8.2,16.29
10,20,6,0,1.9,14.2
7,13,1,0,0.2,7.7
17,8,4,2,1.2,45.01
7,17,1,0,1.3,12.93
12,18,5,0,5.0,26.32
17,18,4,0,4.0,34.01
13,12,6,2,3.5,24.68
4,7,4,1,0.1,5.92
10,8,3,1,7.2,28.44
3,20,3,0,0.7,3.81
9,18,6,0,3.0,17.94
13,17,5,0,0.2,23.39
18,20,5,0,0.3,21.09
15,7,1,0,0.0,17.89
4,10,6,2,2.5,11.54
15,12,0,0,3.0,21.11
2,16,6,0,0.2,2.62
15,15,1,1,1.0,24.6
8,16,5,0,5.7,15.11
8,16,0,0,0.3,10.39
17,16,6,0,0.7,21.07
12,20,1,0,1.7,15.4
19,15,2,1,5.5,34.62
10,20,2,0,0.9,12.55
9,20,0,1,17.6,30.53
5,20,3,1,1.3,8.32
6,18,0,1,1.5,15.36
2,19,1,0,0.4,4.75
13,6,4,0,3.4,19.9
6,18,2,0,0.8,11.43
5,15,4,0,3.0,9.61
1,14,2,1,0.8,3.33
6,6,1,0,1.5,9.26
6,6,2,1,5.8,14.13
16,19,0,0,4.0,32.89
4,20,4,0,0.5,4.63
11,21,5,1,2.8,19.35
9,17,4,0,3.0,16.97
3,15,1,1,0.3,5.95
19,13,5,0,1.9,23.61
8,11,4,2,0.9,14.32
5,11,6,0,1.9,6.42
4,17,1,1,4.5,13.28
6,14,6,0,0.5,7.36
2,20,3,0,0.4,3.03
11,9,0,2,0.9,28.77
4,13,2,1,9.1,15.27
15,21,6,0,4.1,22.48
6,9,2,0,0.1,11.17
17,19,2,0,1.5,30.63
6,7,3,0,0.9,9.11
19,16,0,1,3.0,30.52
2,20,4,0,1.8,4.44
15,13,6,0,10.0,27.41
11,21,4,0,0.7,13.09
8,17,0,0,2.7,16.15
19,12,5,1,3.6,32.89
13,9,0,2,5.2,38.76
12,14,2,0,1.6,15.65
5,20,4,1,3.5,11.02
6,14,0,0,1.1,10.22
4,13,4,0,1.7,6.89
19,19,0,0,6.8,41.21
1,6,1,0,9.0,10.9
17,12,6,0,3.8,24.13
12,10,2,0,1.4,22.07
15,12,0,1,5.1,27.27
1,17,3,1,0.1,2.77
14,14,0,2,0.3,23.65
6,7,1,0,3.2,10.36
5,18,3,0,1.0,8.67
11,19,3,0,9.1,29.44
4,16,0,0,1.7,7.71
13,9,1,0,1.7,24.61
11,9,3,0,3.4,23.03
3,7,6,0,4.4,8.15
1,8,2,0,1.9,4.52
6,21,5,0,0.7,7.33
18,16,2,0,4.5,25.43
10,19,4,0,1.2,19.64
5,19,4,0,0.6,8.64
10,18,1,1,3.0,24.92
12,13,3,0,0.3,14.8
2,17,2,1,10.7,16.17
13,14,2,0,3.0,19.54
8,11,5,0,12.8,22.41
2,15,1,1,1.2,5.53
1,7,6,0,10.6,12.17
5,7,3,0,0.5,6.91
9,12,1,1,0.1,12.76
17,13,0,0,0.1,19.85
9,13,2,0,1.9,11.96
11,19,1,1,0.3,23.93
15,11,1,1,2.2,23.64
6,15,5,0,1.2,9.45
3,21,6,0,1.2,5.19
17,13,0,1,3.0,28.02
5,19,4,0,0.5,6.85
12,20,2,0,4.4,18.61
18,6,5,0,2.6,24.39
14,14,6,2,7.4,30.88
11,18,6,0,1.4,18.47
9,21,1,1,12.2,25.22
2,17,2,0,2.6,7.05
12,6,4,0,10.9,23.98
3,18,6,1,0.1,6.23
3,8,1,2,3.9,11.83
1,17,6,0,5.1,8.73
8,21,0,0,0.2,8.56
8,14,6,2,2.6,17.94
11,20,2,0,4.9,18.65
9,16,6,0,2.5,13.79
5,10,6,0,0.2,8.66
14,14,5,1,3.5,24.33
3,21,0,1,0.2,5.07
5,14,4,2,5.1,14.03
5,11,4,0,0.1,5.03
19,16,2,0,0.4,23.23
14,6,4,0,1.0,18.76
4,15,3,0,3.0,8.54
13,12,5,0,11.2,27.83
10,19,2,0,0.4,18.1
18,11,6,0,0.5,21.78
8,14,3,0,1.4,11.06
8,12,4,0,5.4,14.9
7,19,6,1,1.9,18.14
8,17,2,0,1.2,16.07
14,16,3,0,2.5,18.82
19,17,4,0,0.9,33.28
6,18,1,1,1.5,15.45
1,9,1,0,1.2,2.25
15,12,0,0,4.9,22.12
1,7,1,0,7.7,9.18
17,11,3,0,4.3,25.63
1,20,5,1,1.7,2.77
15,11,1,0,2.1,20.13
2,21,2,0,0.4,3.99
14,7,2,0,4.1,20.49
8,19,2,0,2.7,16.24
8,9,1,0,7.0,20.82
19,13,6,0,0.7,22.96
7,13,1,1,4.3,15.37
19,18,0,1,3.5,43.68
6,13,5,1,0.9,10.83
6,13,6,0,3.3,10.42
3,6,5,0,7.7,11.73
7,7,6,0,7.5,15.93
19,17,6,0,3.8,36.24
8,20,4,0,0.1,9.88
10,9,0,2,6.2,31.42
15,17,3,0,3.2,29.83
15,14,2,2,1.1,26.46
1,8,1,0,0.6,2.64
7,19,4,0,0.4,12.57
4,11,4,0,0.2,4.8
6,12,6,0,4.2,11.47
1,13,1,0,0.8,1.97
5,18,0,1,0.1,10.36
1,12,4,1,1.5,3.22
4,8,5,0,2.0,9.2
2,11,0,0,0.6,2.98
10,10,1,2,0.1,25.36
5,20,6,1,0.6,7.86
10,18,0,0,3.4,20.23
1,17,6,1,0.3,1.0
6,15,5,0,2.4,9.46
13,9,2,0,0.5,23.78
15,6,6,0,0.7,18.19
4,21,6,0,1.5,6.39
13,19,1,0,0.3,23.58
15,18,5,0,0.6,26.6
8,12,1,0,1.3,11.98
5,13,5,2,1.2,11.43
15,7,5,2,4.2,29.19
4,12,4,0,0.2,2.96
12,11,4,0,5.9,20.28
13,10,4,0,5.1,26.95
2,18,2,0,4.4,7.78
19,9,2,0,1.1,34.4
19,7,5,0,5.2,27.53
4,15,3,0,0.6,5.71
4,11,1,0,0.4,3.74
11,10,4,0,0.1,18.65
5,21,1,1,8.4,16.01
11,7,6,0,1.1,13.89
10,15,5,0,7.5,18.76
8,12,0,0,1.0,10.74
6,11,5,0,7.1,14.9
6,17,2,0,7.0,17.31
8,20,3,1,7.7,20.1
15,20,0,0,2.1,19.05
14,16,1,1,6.0,27.26
11,14,2,0,9.0,23.01
12,16,4,0,1.2,15.65
13,15,0,0,1.6,17.61
8,10,2,0,3.8,18.03
18,14,1,0,1.1,22.63
1,14,5,2,4.2,7.41
15,18,1,0,0.2,27.6
8,6,0,0,2.2,11.18
11,10,0,1,0.4,24.35
12,14,5,0,1.0,16.13
12,12,0,0,0.9,14.98
4,21,3,0,5.5,11.06
16,11,4,0,0.6,19.93
4,11,2,0,5.0,9.67
5,16,5,0,4.7,10.83
5,12,1,0,2.1,7.97
8,6,1,0,0.8,10.24
10,9,4,0,0.8,18.93
17,18,0,0,1.9,33.04
9,20,0,0,0.0,10.42
19,6,1,2,2.3,33.44
14,11,4,0,9.2,25.84
8,19,1,1,0.5,18.18
9,18,0,0,2.6,18.46
11,9,5,0,9.8,28.59
1,6,2,0,5.9,7.43
14,14,0,1,5.7,27.62
5,17,5,0,5.2,14.16
14,9,2,1,1.1,30.46
4,17,6,2,6.6,15.84
1,11,3,0,8.5,9.81
19,18,4,0,2.1,36.77
8,12,5,0,1.3,11.83
15,13,3,0,1.6,20.1
15,17,0,0,1.2,27.42
9,18,6,1,0.7,20.69
9,16,4,0,2.9,15.11
10,14,5,0,2.5,14.64
9,14,6,0,1.9,12.34
3,13,0,2,0.3,2.81
11,21,4,0,4.8,19.21
6,15,4,2,0.6,10.97
2,16,0,2,0.4,4.81
7,20,0,0,2.9,10.55
18,21,6,0,1.5,22.89
2,17,6,0,0.2,3.37
17,17,5,0,1.3,32.3
11,20,4,1,4.4,21.16
12,19,5,0,2.9,23.88
19,8,6,0,1.4,33.67
7,17,4,0,0.6,12.54
6,21,5,0,3.0,10.52
1,7,0,0,6.6,8.25
17,10,0,0,3.1,33.67
11,6,1,1,5.0,22.16
18,8,6,0,2.2,32.77
17,6,5,0,3.8,23.92
7,18,1,1,6.8,22.5
17,8,1,2,4.5,45.73
9,21,3,0,7.2,18.03
17,18,4,0,1.7,30.76
8,9,2,0,7.0,23.15
17,12,3,0,2.9,23.58
7,17,6,1,6.1,20.44
1,21,4,0,0.1,1.74
13,20,2,1,3.2,23.13
19,17,1,0,5.7,39.32
19,10,2,0,0.6,33.31
17,10,0,0,3.3,31.05
13,18,6,0,5.2,27.18
16,6,0,0,1.0,20.86
8,13,5,0,1.6,9.97
19,18,4,0,2.5,34.58
18,9,3,1,2.2,40.81
1,15,6,0,0.1,1.8
14,21,1,1,0.3,21.78
19,10,6,0,0.3,32.26
15,7,4,1,0.9,22.27
18,20,1,2,0.8,29.13
2,17,0,0,4.1,5.88
17,18,6,1,2.6,39.64
18,6,3,0,4.3,26.42
6,14,3,1,0.2,10.58
19,20,0,0,2.0,24.44
4,7,2,0,1.2,5.59
1,11,3,0,5.7,7.12
8,6,2,0,3.7,14.18
7,21,1,0,6.1,14.64
3,6,3,2,0.1,4.86
10,14,5,1,3.8,17.97
10,9,0,0,2.3,17.36
19,14,6,1,5.2,33.04
14,16,2,1,2.1,23.01
2,10,5,0,2.3,4.95
1,12,1,0,0.2,1.0
18,6,1,0,3.3,23.64
7,11,3,1,1.0,12.21
8,13,3,1,0.1,10.47
1,19,5,0,0.2,1.85
3,6,4,0,9.5,11.79
8,14,4,1,1.3,11.27
15,8,3,2,6.1,42.7
5,6,4,1,9.6,17.37
3,6,0,0,8.6,12.83
19,18,5,0,6.4,39.71
1,19,0,0,6.8,8.12
15,16,4,0,1.0,18.48
8,11,3,1,0.5,13.0
2,16,0,0,3.1,4.56
3,11,1,1,2.0,5.49
14,6,6,0,0.3,17.65
14,19,3,1,3.4,31.69
11,19,5,0,2.5,21.75
16,8,2,0,6.0,33.07
4,12,2,0,2.8,8.61
5,15,3,0,2.6,8.16
14,8,4,2,1.7,36.21
16,8,0,0,1.9,28.6
18,8,0,0,9.3,39.04
7,17,3,1,0.4,14.67
10,12,1,1,1.8,16.21
7,9,5,0,3.2,16.61
1,9,4,2,1.7,2.67
19,8,1,0,1.0,36.57
16,15,3,0,1.0,20.19
19,16,3,0,0.8,22.82
4,14,1,0,1.3,5.4
18,7,2,0,6.2,27.6
2,9,3,0,2.1,5.7
1,13,5,0,0.8,1.83
15,11,6,1,1.5,23.71
5,19,4,0,0.3,9.02
11,12,1,2,7.0,26.2
10,21,2,1,1.6,16.15
2,18,1,0,11.8,17.21
3,12,2,0,1.3,3.72
12,7,2,0,5.4,21.42
5,9,5,1,0.9,10.49
5,15,4,0,0.2,6.88
6,15,3,0,0.1,6.27
9,11,2,2,2.8,17.52
2,8,3,0,1.1,5.44
12,14,4,0,1.8,15.6
3,18,3,0,5.1,9.89
12,9,5,1,0.9,26.11
17,15,5,1,1.1,26.05
10,18,0,0,5.6,24.04
14,7,5,0,2.0,18.91
17,21,2,1,5.3,30.42
18,11,4,1,1.4,28.83
19,6,5,1,1.5,28.91
17,11,1,0,0.5,21.42
14,18,4,2,7.4,41.4
9,17,2,0,6.8,21.18
8,15,4,0,12.4,21.45
2,6,5,1,1.5,4.2
13,21,1,0,5.1,21.8
7,19,0,1,1.6,15.4
9,13,2,0,1.8,11.73
11,10,6,1,5.3,28.65
14,11,2,0,0.6,17.25
4,7,4,0,0.7,5.7
13,7,6,0,1.1,16.22
2,21,6,0,4.7,6.64
5,17,3,1,1.4,12.14
11,14,6,0,1.3,13.52
6,8,3,0,20.2,29.76
18,11,6,0,1.5,23.66
10,15,1,1,0.9,16.36
4,10,0,0,2.9,9.0
9,19,0,0,4.9,20.37
6,17,6,0,0.2,10.57
2,9,4,2,2.9,8.21
17,15,4,0,0.1,20.76
5,7,3,0,2.2,8.84
6,13,5,1,0.9,9.08
12,15,0,0,1.1,14.34
10,21,5,0,1.9,13.85
6,12,0,2,7.9,16.82
8,16,5,0,3.7,13.65
2,7,5,0,8.3,10.5
12,11,0,0,3.2,16.65
13,19,1,1,0.0,28.01
7,13,1,0,0.9,9.85
10,12,4,0,7.1,18.2
13,20,5,0,3.1,18.42
17,6,5,1,12.0,37.1
14,10,5,0,0.5,24.85
2,7,5,0,1.1,3.73
11,21,5,0,1.3,14.6
1,11,3,0,1.2,2.94
19,12,2,1,0.9,32.07
4,19,5,0,1.8,8.38
19,19,3,1,3.1,43.54
11,12,1,0,1.1,14.18
8,8,5,1,0.2,18.19
11,12,1,0,3.7,17.11
4,20,4,0,1.8,4.84
17,10,2,2,2.4,43.27
7,13,0,2,1.8,13.94
8,21,2,0,6.6,16.11
3,20,5,0,2.5,5.92
2,17,5,0,7.7,10.73
15,21,2,1,2.1,24.68
5,21,2,0,1.0,6.16
1,13,4,0,1.3,2.82
4,12,6,0,2.2,7.74
15,11,1,2,2.3,28.48
19,7,0,0,3.5,25.9
3,11,6,0,0.8,4.81
11,18,2,0,3.2,23.15
17,17,0,0,4.5,34.91
13,20,2,0,3.4,19.76
11,16,1,2,2.0,20.05
2,14,0,1,14.4,16.7
9,20,6,0,1.6,12.97
2,7,3,1,0.3,2.49
9,6,1,0,5.2,16.09
9,16,6,0,0.7,10.69
8,18,0,2,3.7,22.92
17,10,2,0,0.6,30.29
1,16,6,0,0.1,1.16
11,11,2,2,0.5,18.29
8,8,1,0,1.4,14.39
10,21,1,1,0.3,15.42
7,13,6,2,0.7,12.73
3,12,2,0,4.3,7.35
3,7,0,0,4.4,8.88
18,21,6,0,5.1,26.89
5,17,3,0,5.5,13.78
12,12,4,0,1.6,16.07
12,20,1,1,6.1,24.36
19,20,2,0,2.2,25.84
6,6,0,0,1.9,9.47
2,14,1,0,3.8,5.74
12,18,0,0,0.7,22.51
19,12,1,1,4.7,33.72
5,11,2,0,1.7,7.55
12,21,0,1,0.4,18.23
17,18,2,0,0.4,31.24
17,7,0,0,0.5,19.74
10,8,1,0,6.6,25.13
17,6,4,0,14.1,34.64
15,20,4,0,1.3,19.35
12,15,6,0,1.0,15.24
16,18,3,2,0.7,40.19
19,10,3,0,5.2,38.21
8,14,6,2,0.7,12.82
17,18,6,0,7.7,37.01
5,11,5,0,3.3,9.1
16,10,2,0,6.8,33.81
6,17,0,0,2.4,12.7
8,21,3,1,3.5,15.87
18,8,1,0,2.9,34.02
12,10,6,0,5.3,26.67
15,13,4,0,5.4,23.38
9,21,0,0,2.7,14.27
13,17,5,1,3.0,31.71
15,7,4,0,7.6,25.33
10,10,6,1,8.0,30.46
16,11,0,0,3.3,23.04
7,15,6,2,0.0,10.94
17,13,3,1,0.3,25.57
7,13,3,0,5.9,14.68
14,20,2,0,0.3,16.51
15,10,5,2,0.7,38.0
7,14,0,0,0.8,8.0
9,9,5,1,2.8,20.86
19,17,1,0,2.6,34.59
16,14,5,0,1.0,20.5
8,16,6,1,0.7,13.69
18,21,6,0,4.3,26.17
18,12,3,0,8.2,28.36
7,11,2,0,0.2,7.99
3,9,6,0,0.4,3.26
18,7,3,1,3.1,30.0
10,13,4,2,4.9,21.96
7,11,3,1,4.7,15.18
17,17,0,0,3.8,33.51
14,20,2,0,6.6,23.66
3,8,6,1,0.7,9.69
12,12,0,0,0.3,15.88
13,15,1,0,2.9,17.67
2,12,1,2,5.2,9.92
3,11,3,0,2.6,7.05
5,21,2,0,9.9,15.75
11,7,5,0,4.8,17.79
8,13,2,0,3.6,13.9
12,6,2,0,0.2,14.69
7,18,2,2,0.3,16.12
15,6,3,0,4.6,22.87
17,11,0,0,0.7,20.58
4,10,3,1,0.1,8.58
13,14,5,0,7.2,24.13
18,18,0,0,6.6,37.95
1,17,5,0,0.7,3.12
16,12,4,1,4.5,29.03
13,7,4,0,0.1,15.42
10,18,6,0,1.0,18.36
12,17,6,0,2.9,26.18
2,12,0,0,4.3,7.8
3,20,3,0,0.0,4.04
10,8,5,0,1.2,18.49
2,21,5,0,0.7,2.81
13,6,6,0,20.1,37.75
13,16,6,0,3.3,19.79
18,21,1,0,1.6,23.54
3,13,5,0,0.2,2.55
7,19,3,2,2.7,19.76
14,17,1,1,3.1,33.83
17,8,3,2,5.1,45.11
12,16,2,0,1.0,15.77
16,13,5,0,12.0,31.77
12,12,2,0,1.7,16.81
15,17,4,0,1.1,25.6
10,20,4,0,1.3,12.58
7,7,0,0,2.2,10.49
5,18,5,0,8.3,15.61
1,19,6,0,4.0,6.19
17,19,1,0,2.6,32.16
3,6,2,0,0.5,4.29
13,12,3,0,0.5,16.26
14,18,5,0,2.1,26.18
18,21,0,2,3.9,33.64
4,6,3,0,4.2,8.39
18,11,2,0,0.8,22.97
5,18,5,1,0.3,10.29
16,16,6,0,1.5,20.34
1,15,2,0,7.5,7.47
14,21,5,0,2.4,18.96
15,16,5,0,1.2,19.02
9,15,2,0,1.2,12.34
15,13,2,0,0.4,19.06
17,12,3,0,1.9,23.21
4,9,0,1,4.7,14.74
12,6,2,0,10.4,24.3
5,6,4,0,2.1,7.23
5,9,0,0,0.5,8.49
11,10,4,0,3.4,21.73
6,17,3,1,4.2,19.39
7,12,2,0,0.2,7.96
14,19,0,1,5.7,36.16
11,9,6,0,5.3,24.22
13,15,2,1,1.9,20.81
2,19,5,0,2.5,6.02
7,17,2,0,3.7,17.48
4,6,6,1,3.4,10.69
8,16,0,1,0.1,10.67
19,15,2,0,0.4,23.08
13,12,2,2,0.5,23.51
14,7,1,0,4.2,20.34
10,21,1,0,1.7,12.99
11,18,0,0,2.4,21.72
2,16,0,1,4.4,6.94
9,7,5,2,1.3,17.23
17,13,5,0,4.1,24.12
3,17,2,0,1.8,5.55
6,15,4,0,1.4,9.18
5,15,0,0,1.2,8.1
5,15,6,0,10.1,15.14
15,10,2,0,4.4,29.27
17,15,4,0,0.1,20.63
9,7,1,0,9.5,21.49
3,10,5,0,4.5,10.72
17,13,6,1,0.5,27.41
10,11,0,0,0.2,11.3
3,8,2,0,1.1,4.97
18,13,1,0,2.9,24.72
18,20,3,0,2.9,23.52
17,19,1,0,1.0,29.69
3,14,2,0,1.8,5.45
3,10,5,2,0.7,9.0
6,18,4,0,0.2,10.16
13,7,6,0,2.2,18.04
15,7,6,0,1.3,19.85
9,12,3,0,2.3,13.03
4,6,6,2,8.8,14.46
14,15,3,2,0.5,23.73
5,17,5,0,0.0,9.18
2,7,3,0,0.2,3.4
11,15,0,1,1.9,17.85
9,9,2,0,3.7,20.16
3,6,6,1,2.6,6.78
9,9,3,1,2.0,21.17
3,18,1,0,1.3,6.32
2,17,4,2,1.1,4.8
12,16,2,2,1.4,22.62
10,18,5,2,2.8,28.61
9,15,6,0,0.6,10.04
15,20,1,0,4.4,22.13
8,10,0,0,2.6,16.69
5,14,3,0,0.9,5.68
11,6,1,0,2.1,15.22
2,17,2,0,9.9,13.37
15,10,6,0,0.1,24.68
6,7,1,0,0.7,7.89
8,14,0,0,1.8,11.0
5,11,4,0,3.1,8.85
16,7,3,1,0.7,23.38
18,19,2,0,8.0,38.56
6,8,6,0,3.1,14.04
5,19,3,2,6.3,19.03
16,13,3,0,1.2,19.85
13,6,5,0,5.3,22.27
5,17,3,1,1.4,11.95
13,8,1,1,0.9,28.84
17,18,1,0,7.3,38.13
18,15,4,2,0.3,31.73
8,6,0,2,8.6,22.9
13,16,6,0,1.8,16.68
19,16,6,0,14.7,36.97
3,13,2,0,2.3,5.83
8,6,1,0,4.3,14.95
2,18,3,0,0.0,5.46
8,10,0,1,2.1,18.74
13,9,2,0,4.0,25.44
13,12,6,0,4.6,21.13
1,19,2,0,0.5,3.3
6,10,2,0,1.6,12.31
19,13,6,0,1.6,24.17
16,17,2,0,0.3,27.18
8,19,4,0,1.8,15.09
1,16,2,1,4.9,7.33
16,6,0,0,1.1,20.11
9,10,1,0,1.7,19.34
13,9,0,0,9.7,32.75
11,8,3,0,0.1,20.04
13,10,5,0,2.7,25.0
10,15,4,0,4.1,15.59
4,20,4,1,4.3,10.19
6,8,3,0,3.8,15.58
7,21,6,0,3.9,11.92
5,13,0,0,0.2,5.69
11,18,0,2,2.3,27.85
13,21,3,0,4.6,21.16
19,8,6,1,0.3,41.94
10,6,5,0,0.0,12.93
10,14,2,0,5.1,15.63
11,20,6,1,3.7,21.4
7,14,2,1,1.6,12.03
18,11,1,0,8.5,28.7
4,15,0,0,4.4,9.45
2,6,0,0,10.3,12.88
14,13,3,0,7.9,24.58
13,7,3,1,2.0,21.67
12,14,2,0,4.2,18.46
7,19,6,0,3.3,14.71
2,13,0,1,5.0,7.14
13,8,0,0,4.6,27.63
14,18,4,0,0.5,24.56
17,10,1,1,0.8,38.28
9,14,1,0,0.9,11.58
17,18,2,0,5.1,34.78
8,6,5,0,5.0,15.0
2,14,6,0,2.1,5.21
13,21,0,0,2.6,18.72
3,20,4,0,5.3,8.78
16,9,6,2,1.1,39.77
6,9,0,2,0.2,14.02
19,20,3,1,2.0,29.44
7,9,6,0,7.4,18.68
10,15,2,2,4.7,22.81
9,17,6,0,1.4,16.04
2,14,5,0,0.2,2.82
15,19,6,1,3.0,37.32
5,11,6,0,5.4,10.59
4,16,6,0,3.3,7.63
4,13,1,1,1.7,7.37
18,17,0,0,0.4,31.66
4,19,5,0,7.2,14.67
17,9,2,0,1.0,30.86
12,21,1,2,0.8,22.0
17,8,0,0,5.1,34.26
10,19,4,0,11.9,29.59
1,6,2,0,3.2,4.43
18,15,0,0,2.9,24.58
18,20,1,2,1.2,32.32
14,20,1,0,0.1,18.68
15,12,4,0,0.6,18.69
12,9,2,0,2.6,24.8
4,19,2,1,0.5,7.58
3,13,5,0,6.5,10.53
12,21,0,0,0.6,14.8
7,19,5,0,2.2,14.36
11,8,1,0,2.2,21.61
1,6,1,2,2.8,4.31
6,10,6,2,1.2,16.18
15,19,4,2,6.2,41.95
15,7,4,2,1.8,27.43
19,8,2,1,3.6,45.19
11,19,5,0,3.0,21.73
2,11,1,1,0.4,2.16
14,8,6,0,2.9,27.8
2,8,0,0,2.4,6.14
4,17,6,0,6.9,13.83
17,11,3,2,6.4,35.37
3,10,0,0,0.5,5.66
13,15,4,1,0.3,20.1
9,14,0,0,1.0,11.46
7,6,1,0,12.9,21.42
15,18,5,0,0.1,26.34
11,21,6,0,3.4,17.47
2,8,2,0,2.8,6.06
15,8,5,0,3.1,29.77
14,21,3,1,0.7,23.36
11,16,2,0,0.8,12.58
3,21,3,0,1.7,6.77
17,11,3,0,0.3,20.4
12,13,1,0,0.2,15.51
15,8,1,0,0.3,26.35
16,8,4,0,2.6,28.7
5,11,4,0,1.5,8.05
6,13,3,0,1.0,8.11
19,11,5,1,1.1,29.62
5,18,4,1,0.7,9.32
3,17,1,0,1.6,5.51
1,19,4,0,0.7,2.59
6,15,3,0,3.6,11.5
15,8,6,0,0.4,26.45
2,9,2,1,8.9,10.98
3,6,5,0,0.3,5.02
17,18,5,0,8.6,39.18
12,13,0,0,5.4,20.43
18,9,4,2,3.4,46.87
15,11,5,1,7.3,29.85
12,16,6,1,0.4,18.46
16,8,6,0,0.6,28.56
8,16,1,0,0.9,10.36
14,17,2,0,0.8,25.69
17,16,1,0,1.1,22.69
8,11,4,0,2.6,12.21
15,21,3,0,0.1,16.66
14,17,6,0,1.4,27.37
18,16,6,1,0.8,26.72
7,14,0,0,2.8,10.87
3,14,0,0,12.6,16.41
12,15,6,0,2.2,18.52
3,8,2,0,1.7,6.36
14,8,5,0,1.4,25.9
15,9,5,0,4.6,29.2
14,17,6,0,0.2,25.31
7,12,5,0,9.6,17.36
17,21,0,0,1.6,21.65
12,8,3,0,1.1,22.61
4,15,5,0,11.0,15.18
9,13,1,0,8.2,18.55
6,16,6,0,3.1,10.52
16,13,5,1,0.1,24.0
2,11,3,0,4.1,5.69
8,9,6,0,1.2,14.97
11,16,2,2,1.5,18.86
13,21,2,1,0.5,19.21
17,17,0,2,2.2,42.07
8,16,3,0,4.1,14.05
18,10,1,0,1.0,30.99
18,17,3,0,8.4,39.07
14,21,1,0,0.6,16.25
15,7,1,2,0.2,26.05
6,18,3,0,3.1,12.84
11,11,6,1,5.7,22.27
13,8,4,0,9.2,33.99
1,20,3,0,4.4,5.31
6,11,6,2,0.7,11.49
9,17,1,1,11.4,31.89
8,10,6,2,7.6,26.76
11,19,6,1,0.5,24.69
19,7,5,0,2.5,26.06
9,20,2,0,2.4,12.04
17,17,2,2,1.8,44.61
12,18,0,0,12.5,33.33
14,19,2,0,0.2,24.6
15,10,4,0,3.0,29.94
16,10,1,0,0.7,28.59
1,19,3,0,2.2,3.38
10,14,3,1,4.5,18.0
8,16,4,0,0.8,10.72
18,13,2,0,1.5,22.0
1,17,1,1,9.0,10.1
2,17,2,0,4.3,8.29
1,12,6,1,2.6,5.52
1,20,0,0,0.8,1.7
9,20,2,2,1.7,17.34
13,17,0,0,4.5,26.01
1,18,3,0,5.2,8.36
13,20,1,1,0.8,20.14
7,19,5,1,3.3,18.79
2,8,6,0,0.3,4.91
6,15,0,2,0.1,12.56
7,9,2,0,2.4,13.84
14,11,6,2,0.8,23.53
18,8,2,0,0.2,32.29
15,16,6,0,3.9,21.61
2,14,3,0,2.1,3.93
10,13,4,0,4.8,16.27
12,11,6,0,3.3,17.39
17,9,5,0,3.9,34.59
8,12,4,0,1.1,10.42
11,18,2,0,0.9,18.57
3,20,4,0,2.8,4.98
6,16,6,1,0.7,10.14
9,8,5,0,5.1,21.23
6,15,5,1,2.2,10.95
9,20,1,2,0.8,15.92
7,13,4,0,2.9,11.28
9,21,1,2,8.7,24.08
18,6,2,0,0.3,21.83
12,21,2,0,0.3,13.95
8,8,2,0,5.6,20.2
8,16,3,0,0.3,10.6
18,21,4,1,0.1,26.48
15,10,0,0,1.3,26.92
7,10,5,0,1.9,14.47
11,21,0,1,2.5,19.61
16,15,2,0,2.1,19.95
4,19,6,0,7.3,13.16
6,7,6,0,4.4,13.21
3,15,4,2,12.4,18.37
9,13,6,1,1.9,13.85
10,10,1,0,0.3,16.3
14,12,0,0,9.3,24.99
11,20,6,0,0.0,14.28
18,21,2,0,4.5,25.9
12,12,0,1,0.1,19.39
12,19,0,0,4.3,25.07
13,10,5,0,8.3,31.9
13,13,0,2,1.5,21.57
19,14,2,1,0.8,29.71
19,9,5,0,0.8,34.84
14,9,2,0,2.0,25.56
4,21,3,0,0.6,4.52
13,13,6,0,3.4,18.91
8,6,3,0,1.4,10.93
19,20,6,0,1.2,23.38
12,9,3,1,1.9,29.3
18,11,0,2,2.3,32.63
6,21,4,0,0.5,7.5
18,18,2,0,3.7,36.65
19,9,3,1,6.4,49.12
5,11,4,2,1.0,8.75
9,10,3,1,0.6,21.56
3,21,6,0,4.3,8.2
10,19,3,0,0.6,18.06
19,14,4,1,0.1,27.9
3,21,3,0,2.9,7.65
15,15,0,0,0.8,17.64
1,14,0,0,0.6,1.48
7,9,5,1,12.0,26.17
12,18,0,0,1.0,21.54
17,19,1,1,7.0,44.2
5,9,5,0,0.6,9.69
4,17,3,1,5.1,13.35
12,13,1,0,2.1,16.72
18,15,2,0,0.2,22.19
17,20,4,1,4.0,29.14
19,9,2,1,6.7,47.16
9,7,1,2,0.5,15.53
4,18,0,0,3.9,10.27
2,18,6,0,1.8,5.18
4,19,3,0,4.2,12.32
2,20,5,0,3.8,6.65
15,7,6,1,0.1,22.92
2,6,6,0,0.6,3.2
4,10,3,0,1.9,9.52
6,21,0,0,8.1,15.56
7,20,3,0,1.3,10.44
10,11,4,2,3.0,19.47
19,14,6,0,0.0,22.63
19,10,4,0,3.7,37.14
12,18,4,1,2.8,27.63
3,11,2,0,3.8,6.74
13,11,0,0,7.1,21.04
18,8,4,0,0.5,32.72
8,21,1,0,0.9,10.18
15,17,4,0,16.4,43.02
1,9,5,0,0.5,2.36
3,6,2,0,3.8,7.38
8,9,1,0,3.9,15.9
4,6,6,0,3.4,8.01
16,20,0,0,0.8,19.54
10,10,0,2,0.7,25.44
12,16,5,0,3.3,17.0
14,16,6,1,0.6,21.38
14,13,4,0,3.3,21.23
2,13,1,0,2.0,3.98
5,10,5,0,1.5,9.27
5,19,1,2,1.1,15.57
6,21,4,0,8.8,16.66
13,21,6,0,2.1,17.83
9,15,4,2,2.5,17.97
15,7,3,1,8.9,32.52
14,17,3,0,3.2,26.52
7,11,4,2,9.5,21.82
2,6,2,1,0.3,4.29
7,12,5,0,5.6,13.88
6,16,3,0,1.2,8.48
17,9,4,0,5.0,35.84
2,21,1,0,5.8,7.21
3,10,5,1,1.0,7.11
5,11,6,0,1.6,8.71
5,21,3,0,3.9,9.81
1,16,6,1,0.3,1.0
8,6,2,0,4.2,14.43
12,14,5,2,0.4,20.92
4,15,5,2,7.4,13.12
13,9,0,2,1.0,34.78
15,13,1,1,2.6,25.71
11,10,2,0,0.4,19.46
10,16,2,0,0.9,13.28
3,13,6,0,1.6,5.28
14,20,2,0,2.0,18.54
16,6,1,0,0.0,19.98
10,13,2,0,6.6,17.98
10,16,0,2,0.0,17.14
12,18,3,2,4.5,32.96
9,16,1,0,1.9,11.62
1,9,2,0,2.2,4.43
5,7,4,0,0.7,8.24
8,16,3,1,2.8,15.1
11,11,6,0,2.3,16.38
12,21,5,0,0.5,15.01
1,7,1,0,0.8,2.66
11,10,4,0,0.2,20.34
5,7,5,2,0.2,9.32
15,8,4,0,0.0,25.14
5,16,2,0,0.7,7.44
12,11,1,1,3.4,21.46
5,6,6,1,1.1,9.35
17,21,2,1,1.3,26.93
17,11,5,0,0.4,21.2
12,8,6,0,2.6,23.62
15,12,0,0,1.3,19.49
15,7,4,0,3.4,20.82
6,19,0,0,4.1,14.43
12,11,5,0,2.6,18.85
18,13,2,0,1.0,22.35
14,20,6,2,2.1,25.04
2,20,6,0,0.9,3.25
9,20,6,2,7.0,22.2
5,21,3,0,4.4,10.06
1,6,4,0,2.0,3.03
3,16,3,0,10.1,13.24
6,16,1,1,2.4,11.95
5,18,4,0,1.2,8.69
5,21,0,1,0.3,8.56
1,14,3,0,2.4,3.85
17,10,5,2,5.9,46.73
19,10,1,0,6.0,38.8
14,18,4,1,2.8,33.72
12,21,6,0,1.5,15.07
10,17,5,1,3.2,24.25
18,10,1,0,4.3,35.84
11,11,0,0,1.6,15.12
2,7,6,2,1.9,5.49
18,11,5,0,3.4,24.94
7,19,4,0,6.3,17.19
15,16,1,1,4.7,27.18
11,9,2,0,0.1,19.45
18,13,4,0,0.4,23.5
12,18,4,0,5.7,26.69
6,16,6,1,5.4,13.51
13,14,4,0,1.5,16.13
16,14,6,0,2.6,22.19
18,13,4,1,7.1,33.54
10,8,2,1,7.3,28.41
8,15,5,2,4.6,17.9
18,21,5,1,0.7,27.93
1,16,5,0,3.9,6.54
8,16,0,0,0.3,9.44
6,9,2,0,6.7,17.53
5,21,2,1,0.5,8.08
15,6,1,2,3.3,28.85
15,14,3,1,2.8,25.83
2,10,5,0,4.5,8.14
1,11,3,0,2.4,3.53
11,21,1,0,0.2,12.85
10,8,2,0,3.7,21.23
18,21,1,1,1.4,28.21
18,16,4,0,1.2,23.53
17,15,1,0,14.4,34.44
8,13,1,2,2.7,16.99
15,20,6,0,3.7,22.22
8,12,4,0,2.2,12.15
17,6,6,0,4.4,24.18
12,15,3,2,4.2,24.5
8,17,4,1,3.2,19.38
14,10,0,0,18.3,43.98
4,15,1,0,1.8,6.43
1,14,1,0,3.7,5.07
1,17,6,0,4.8,6.0
19,16,3,0,1.4,23.62
16,17,6,0,1.8,29.69
14,11,2,0,10.4,27.64
16,13,4,1,0.1,23.93
5,15,2,0,1.2,7.14
9,6,0,0,2.0,12.4
2,15,4,0,0.0,2.66
18,16,0,0,6.9,30.15
6,12,0,0,1.0,9.34
9,8,0,0,0.9,15.18
1,14,5,1,5.1,6.91
9,11,4,1,1.0,15.33
16,10,4,1,3.2,38.09
13,13,5,0,5.2,22.11
9,13,3,1,4.7,18.88
13,17,5,0,4.6,26.74
9,17,1,2,0.3,22.86
11,8,2,0,0.2,17.93
4,7,2,0,1.1,6.02
2,20,0,0,0.1,3.05
6,7,4,2,2.1,12.08
14,19,4,2,1.5,35.54
4,10,0,1,2.4,11.9
6,21,1,0,1.1,6.68
19,15,2,0,2.0,24.11
6,21,5,2,1.2,10.65
2,17,3,0,0.7,5.33
18,21,6,2,3.1,32.88
13,12,1,0,3.4,19.74
9,13,4,0,5.3,16.23
19,15,6,1,6.2,34.63
13,20,0,0,3.7,19.72
11,13,2,2,3.5,22.54
1,18,6,0,0.2,1.8
7,17,0,2,0.3,16.79
15,13,4,0,5.0,21.99
1,20,0,1,0.8,4.11
12,15,5,0,1.3,15.89
7,17,6,0,0.5,13.09
15,16,6,0,0.7,17.97
19,8,2,2,4.5,52.45
1,19,0,0,0.9,2.17
17,16,2,0,1.8,22.76
17,7,6,2,0.5,31.27
3,18,0,0,3.4,6.13
12,9,0,0,3.9,26.42
6,20,2,0,1.3,8.48
11,6,5,1,4.6,20.86
3,8,0,0,0.8,5.77
8,16,5,0,3.5,13.54
14,14,1,2,3.9,27.71
14,12,3,1,10.4,31.12
10,12,1,0,0.8,12.78
2,6,3,1,0.3,3.83
14,12,1,2,0.9,24.72
9,15,3,0,0.4,10.43
3,12,0,1,0.6,5.73
8,9,2,0,1.2,17.7
16,12,2,0,1.6,21.17
2,13,4,0,7.0,9.35
6,21,3,0,0.7,8.09
12,8,4,0,10.7,30.36
5,18,5,1,5.0,15.33
2,15,5,0,6.4,9.25
16,7,4,0,8.0,27.81
5,12,3,0,4.2,10.9
15,10,2,1,4.7,36.57
12,10,3,0,1.7,21.65
4,19,5,0,2.1,10.69
15,10,0,0,8.1,36.07
11,20,4,1,1.4,18.17
16,12,4,0,0.1,18.97
6,14,5,1,4.3,13.27
14,16,3,0,2.6,18.97
18,13,4,0,5.1,28.12
12,11,2,0,0.2,14.6
11,12,4,2,2.9,20.82
13,14,3,0,0.9,16.2
11,19,5,0,7.0,28.1
16,16,2,0,0.3,19.95
15,11,2,0,5.6,22.8
15,6,4,0,0.3,18.82
4,9,3,1,0.1,8.94
11,13,4,0,0.8,13.75
19,12,6,0,1.2,25.01
15,21,0,0,3.0,21.7
4,8,5,0,0.4,7.14
13,15,6,0,1.7,17.98
19,8,0,0,0.7,33.34
2,16,2,2,5.8,7.98
14,8,4,0,0.1,25.56
4,17,0,1,1.3,8.57
16,20,1,0,3.0,23.16
14,6,0,0,7.3,24.24
15,20,4,1,6.1,28.82
3,15,4,1,6.8,12.76
8,6,5,0,0.2,10.49
16,11,0,0,5.5,24.35
10,19,4,0,4.5,22.04
4,19,4,0,7.0,15.06
18,6,6,0,1.1,22.91
2,10,5,1,7.3,10.62
17,9,6,0,1.5,30.96
13,10,5,0,3.0,26.37
4,12,5,0,1.7,6.89
11,11,6,0,1.7,14.02
7,17,5,0,2.4,12.92
12,14,1,0,1.3,15.99
10,11,2,1,4.7,20.13
7,14,4,0,3.0,11.55
13,9,3,1,3.5,31.23
7,6,5,0,0.8,10.48
17,6,2,2,10.5,38.9
10,15,5,2,3.2,20.65
10,12,2,1,0.7,16.49
4,18,3,1,4.2,11.75
4,21,0,0,0.6,5.19
7,18,1,1,0.2,14.75
1,18,4,2,2.2,5.52
12,8,0,0,2.4,23.63
13,7,6,0,0.6,16.19
10,21,3,0,1.3,13.12
15,19,1,0,8.7,35.05
13,11,1,0,1.0,17.25
9,11,1,0,0.5,11.92
9,18,3,0,14.7,30.34
15,12,5,2,1.1,27.38
10,10,5,0,3.4,19.7
10,13,6,1,0.8,16.44
8,12,5,0,2.4,10.99
16,7,0,0,1.5,20.15
17,20,4,0,9.8,30.61
5,21,1,0,1.7,7.85
4,6,6,0,2.6,5.92
18,18,6,0,8.7,39.28
19,19,1,0,13.6,46.21
4,14,0,0,0.3,4.57
7,10,5,0,5.4,16.21
10,17,1,0,1.4,18.5
18,16,1,0,2.7,24.26
19,10,3,0,1.4,33.47
4,17,2,0,1.5,7.75
10,21,6,0,0.5,13.28
1,15,0,0,2.6,3.48
18,9,0,0,2.4,31.52
5,7,5,0,0.6,6.88
15,10,0,0,2.3,29.02
17,7,5,0,10.8,32.06
3,17,3,0,3.8,8.85
12,12,3,0,2.0,16.51
2,16,4,2,7.4,11.14
1,14,5,1,2.6,4.6
17,14,6,0,0.4,22.25
16,16,3,2,2.4,29.16
5,11,5,0,0.6,6.46
15,6,6,0,4.4,22.35
3,21,6,2,10.2,14.33
7,18,0,1,1.3,15.99
11,11,4,0,1.7,15.4
10,10,2,0,1.6,18.46
9,9,1,0,1.0,15.78
14,21,1,0,4.7,21.55
13,17,4,0,2.9,25.08
2,11,5,0,0.2,3.86
3,11,5,2,5.5,10.42
7,21,5,0,0.6,9.64
18,21,2,1,11.6,39.04
3,19,6,0,1.4,6.21
10,11,1,0,2.9,13.38
7,7,4,0,0.2,8.3
9,20,5,0,1.3,11.72
17,19,3,0,4.9,33.85
11,21,0,0,1.9,14.15
7,12,2,0,7.0,16.99
14,19,5,0,2.6,26.0
19,9,1,0,7.9,40.31
4,18,0,0,12.2,20.35
6,20,4,0,1.8,8.73
10,17,5,0,2.5,21.32
7,14,1,0,5.4,13.57
13,21,0,2,0.8,22.94
14,15,3,0,5.9,23.04
4,7,2,0,2.7,8.49
8,10,4,0,3.9,17.08
5,19,1,0,0.2,8.9
1,9,6,0,4.4,8.19
4,14,3,0,1.1,4.75
3,9,2,1,4.9,11.63
9,13,2,0,2.1,14.1
8,13,6,0,1.0,12.0
1,11,3,0,9.2,9.2
6,11,1,0,4.3,10.95
9,21,2,0,12.7,22.66
7,16,4,1,1.4,11.27
4,13,0,1,3.1,9.51
13,17,4,1,2.8,32.33
17,18,5,0,3.5,34.22
2,17,2,1,0.1,4.95
5,15,0,0,1.0,6.44
12,14,3,1,7.2,24.6
8,20,0,2,1.7,16.3
6,10,0,0,9.7,21.05
8,16,6,0,0.7,10.53
18,6,0,0,17.9,40.01
3,6,2,1,3.6,9.62
12,20,6,0,4.5,18.75
3,7,6,2,1.5,5.5
6,15,5,0,7.1,14.23
2,15,5,0,2.4,4.86
12,10,6,0,3.4,23.76
2,9,6,1,0.3,5.21
6,6,1,0,3.0,11.07
17,9,5,0,6.3,37.25
3,9,2,0,0.6,6.97
2,15,1,0,4.0,5.53
8,9,3,0,0.1,13.56
12,6,3,0,7.8,22.55
4,14,3,1,12.2,18.11
5,19,3,2,1.3,12.68
13,8,3,0,0.3,22.74
15,18,4,1,3.2,35.89
16,9,6,2,0.1,39.62
10,10,2,0,2.0,18.69
16,18,1,0,1.0,28.19
12,18,3,0,1.9,23.15
17,12,4,0,0.1,19.34
16,21,5,0,0.2,18.51
12,11,4,1,0.0,16.53
8,10,4,2,2.9,22.31
3,13,2,0,2.5,5.15
16,21,3,0,0.8,20.21
13,19,4,0,3.1,25.36
19,6,6,1,6.5,34.0
8,12,4,0,1.0,11.42
5,17,3,0,5.4,14.72
8,11,2,0,3.3,11.83
12,16,4,0,0.1,15.15
1,21,1,0,1.4,3.43
6,10,0,1,2.1,14.49
18,21,5,0,3.9,24.95
8,12,0,2,1.0,14.91
7,8,0,0,12.2,23.33
1,6,2,0,3.5,4.74
16,14,4,0,1.4,21.06
12,7,0,2,0.3,21.08
6,18,0,1,0.6,11.74
2,15,5,0,2.0,3.97
14,20,3,1,2.0,23.01
4,8,6,0,4.4,11.59
1,13,6,0,3.9,4.29
18,17,4,0,0.7,33.39
13,15,4,1,2.7,22.67
2,14,5,0,0.1,1.97
9,18,3,0,1.5,18.17
2,21,4,0,4.3,4.65
9,8,6,0,1.5,17.88
1,11,6,0,5.4,6.2
11,12,1,0,11.2,24.02
3,20,5,0,2.8,6.49
4,6,2,2,0.5,7.55
18,19,3,0,1.4,32.44
6,12,5,0,0.0,7.57
3,9,0,0,2.8,7.23
11,21,4,0,5.2,18.42
15,10,1,1,3.0,34.4
5,13,6,0,4.6,9.64
10,9,1,1,4.8,26.71
12,20,2,1,5.7,24.08
15,9,5,1,0.9,31.79
17,13,1,0,6.2,27.34
10,20,5,0,3.2,15.82
6,10,4,0,1.0,12.01
18,18,4,1,13.1,51.88
13,11,6,0,9.0,24.86
3,17,1,0,2.6,8.71
10,16,4,0,5.6,16.95
14,19,5,0,0.9,25.99
6,10,6,1,1.6,13.32
3,6,4,0,0.6,3.43
16,12,6,0,2.2,21.58
7,11,0,0,2.1,11.11
14,7,5,0,0.7,17.64
9,16,6,1,3.4,14.96
15,12,3,1,0.4,20.63
3,11,4,0,0.2,4.4
2,10,4,0,1.5,6.15
2,13,5,0,1.6,3.8
3,10,2,2,1.2,8.54
18,16,3,2,0.9,30.48
14,7,6,1,1.2,21.81
18,11,3,0,0.5,21.61
10,21,6,1,1.5,17.5
2,19,3,1,7.0,12.46
1,17,1,0,0.8,3.31
4,6,0,0,3.5,8.74
14,10,0,2,0.5,34.64
1,19,2,0,1.3,2.49
14,11,3,0,1.2,17.72
16,20,3,0,8.3,27.92
14,12,4,0,1.7,17.45
3,19,6,0,3.5,9.3
3,7,5,0,2.8,7.31
9,6,1,1,0.5,14.29
6,11,1,1,8.4,17.87
13,8,2,1,1.3,28.25
2,10,0,0,0.1,4.04
8,17,3,0,1.1,14.49
2,20,5,0,1.2,1.82
4,16,2,0,0.3,4.87
15,18,6,0,2.9,28.83
4,21,1,1,1.3,6.91
13,20,1,0,3.0,18.33
12,7,1,0,0.0,14.67
13,20,3,0,12.1,27.59
14,6,3,0,0.6,18.07
18,6,3,2,3.2,33.14
6,18,4,2,3.8,19.12
11,16,0,0,0.6,13.06
2,9,6,0,0.4,4.54
19,15,1,0,0.5,23.66
19,18,1,1,0.9,44.75
5,21,4,0,0.6,7.44
19,7,1,0,3.4,25.64
2,6,6,0,1.6,4.39
10,11,1,0,2.3,14.61
2,19,3,0,0.1,4.47
11,9,3,0,5.9,25.86
18,15,0,0,0.6,21.18
15,18,6,0,1.3,27.52
9,17,6,2,0.2,22.75
19,20,1,0,0.4,22.68
9,12,2,0,3.3,14.59
3,21,1,2,3.5,7.94
9,16,1,1,3.4,16.97
14,11,0,0,2.4,18.07
19,10,2,0,9.1,42.35
7,15,1,0,2.1,10.37
16,17,5,1,1.8,36.62
16,18,5,2,0.9,40.46
1,17,6,0,0.3,1.52
4,17,6,0,2.4,8.03
4,17,2,0,1.1,7.22
7,7,5,0,2.2,10.24
8,10,3,0,0.7,14.32
17,14,3,0,5.5,25.43
5,14,2,0,24.3,31.06
7,7,1,0,1.2,8.16
4,12,6,0,5.5,10.05
6,15,2,0,6.2,12.09
7,19,5,0,16.6,29.5
18,9,2,0,1.3,32.31
5,18,5,1,4.2,13.83
3,18,6,0,0.8,5.34
7,8,3,1,2.9,18.33
14,16,2,0,3.7,20.62
7,21,6,2,4.1,15.37
5,6,6,1,0.7,9.84
5,8,4,0,5.7,13.44
2,16,5,0,1.6,4.11
6,14,4,0,0.7,7.98
15,19,3,2,2.3,39.53
10,20,6,0,6.0,19.01
7,14,6,0,10.2,20.28
5,12,1,0,4.1,10.17
1,21,5,1,0.0,1.68
13,8,1,0,0.4,22.26
18,18,3,0,0.2,31.65
13,8,1,0,0.3,23.72
18,9,6,0,1.4,34.15
5,21,5,0,1.2,7.4
13,12,0,0,0.4,15.52
4,12,5,1,6.4,13.19
17,17,5,1,2.9,40.29
3,17,4,1,4.8,11.36
17,19,0,0,1.4,31.69
11,7,0,1,1.6,18.63
4,17,0,0,1.1,7.52
2,20,5,0,1.7,4.42
16,10,3,2,2.8,40.42
18,12,0,1,2.0,30.4
8,12,2,0,5.5,14.65
3,11,1,1,6.9,9.43
9,15,3,2,1.9,17.25
6,15,2,0,0.8,8.23
10,17,5,0,8.7,25.95
10,13,5,1,4.0,19.04
13,8,2,0,3.1,26.77
17,20,4,0,4.1,24.81
9,6,4,1,0.2,14.07
17,8,2,0,0.2,29.74
9,16,4,0,0.5,11.26
9,7,1,0,0.5,11.93
1,7,1,0,1.6,2.97
2,19,5,2,0.5,6.15
16,19,4,0,5.8,33.09
1,7,0,0,2.6,2.53
10,10,2,2,1.4,26.7
18,18,1,2,0.2,47.01
8,6,6,0,2.7,12.57
11,15,4,2,0.4,17.75
2,9,6,0,4.1,7.66
8,19,4,0,4.9,19.0
8,15,1,0,2.4,12.19
17,10,1,0,0.5,29.2
15,7,0,0,4.6,22.08
17,10,4,0,1.1,32.15
13,15,4,0,0.8,17.12
19,20,3,0,1.9,25.95
5,9,5,0,7.7,17.68
12,13,0,0,1.1,15.35
1,6,1,0,7.1,8.24
5,20,6,0,0.2,7.24
8,17,1,0,0.3,14.71
13,10,2,0,3.6,24.41
8,19,5,0,0.6,14.96
11,19,1,0,1.1,22.51
1,16,4,1,0.4,2.85
13,17,1,2,1.2,31.91
19,15,4,1,1.0,30.01
3,6,4,0,4.0,8.35
17,15,0,0,3.6,24.67
5,15,1,0,9.3,16.61
8,9,0,2,3.9,24.2
14,13,6,0,3.6,20.01
4,6,6,0,3.6,9.1
11,16,5,0,6.4,19.03
15,20,4,1,1.1,22.89
19,7,6,0,1.1,23.91
7,6,5,0,4.1,12.44
19,16,1,1,0.8,29.3
19,12,5,0,7.3,29.74
11,7,5,0,2.3,14.38
5,6,1,0,1.1,6.63
5,20,0,0,4.5,11.55
8,17,0,0,1.1,16.6
10,21,4,0,9.9,21.17
6,11,4,0,12.2,18.81
15,11,1,1,3.3,25.63
16,15,1,0,0.4,19.4
17,7,3,0,0.9,20.87
8,20,3,0,2.2,12.6
8,6,2,1,5.7,17.53
9,19,6,0,0.6,16.19
2,15,4,0,0.3,1.88
15,8,5,0,0.2,25.52
18,15,6,0,2.1,24.88
3,19,2,0,6.5,13.01
17,10,6,1,0.1,37.66
4,21,2,0,0.7,5.76
4,11,0,2,3.5,9.73
14,8,5,0,5.2,29.76
9,14,0,1,4.9,19.51
9,16,3,0,4.6,16.04
18,10,2,0,0.4,31.11
10,18,6,0,1.5,18.74
4,7,3,0,12.5,17.07
12,15,5,1,13.5,32.51
8,11,5,0,2.8,13.06
2,17,4,0,3.7,6.98
13,13,1,0,9.1,24.82
16,16,0,1,1.8,26.56
2,11,4,0,0.4,3.05
11,9,6,1,3.3,27.43
10,11,4,1,9.7,24.16
15,13,6,1,3.6,25.83
17,13,0,0,4.9,24.5
8,18,0,0,1.6,13.66
18,15,5,0,0.3,22.54
9,7,5,1,0.6,15.4
8,13,2,1,12.2,24.32
14,11,3,0,2.0,18.47
18,21,5,1,0.0,27.67
12,7,4,0,9.3,23.02
19,6,2,0,2.1,24.85
14,11,6,0,5.4,21.68
17,18,2,2,2.4,43.66
3,12,4,1,0.3,4.11
7,19,5,1,2.9,18.26
17,19,6,2,17.9,58.78
12,15,4,0,0.1,14.99
9,10,1,2,5.5,27.83
15,19,5,0,0.8,25.18
18,15,3,1,1.5,29.69
13,13,6,1,1.4,20.73
8,16,4,0,6.9,16.16
14,18,5,0,2.1,27.59
8,17,0,0,1.8,15.85
14,14,1,2,5.1,29.52
7,9,6,0,0.2,10.82
12,12,6,0,0.3,15.12
11,13,3,1,0.1,16.52
11,18,5,0,3.5,22.21
13,11,0,0,2.2,17.91
18,7,5,0,6.3,27.56
2,12,0,0,2.1,5.57
15,18,3,1,0.8,32.8
18,14,1,0,4.9,26.9
15,10,6,0,1.0,26.67
19,20,0,0,8.2,31.51
12,7,2,0,0.9,16.11
13,9,3,2,0.6,32.35
11,8,3,1,2.0,24.97
5,9,4,0,0.2,8.79
1,15,1,0,0.1,1.09
3,12,2,0,2.1,4.31
19,15,2,0,0.7,24.03
7,13,4,0,0.0,8.38
12,6,0,1,1.1,18.24
15,18,0,0,1.9,29.54
5,13,2,0,1.5,6.82
15,10,1,0,0.4,25.73
8,17,0,0,2.6,17.24
10,12,3,1,3.7,18.85
16,16,5,0,3.4,22.39
8,16,4,0,1.5,9.51
1,6,1,0,0.4,2.04
12,7,0,2,2.1,22.55
5,6,5,0,6.6,13.27
3,10,2,1,1.9,8.28
1,19,4,0,0.7,2.12
4,19,0,1,0.3,9.47
8,11,2,1,8.6,21.1
3,15,0,0,4.1,7.15
10,14,4,1,1.1,18.2
2,13,3,0,1.1,2.81
11,12,6,0,6.8,20.43
10,17,3,0,0.6,18.11
14,10,6,0,2.3,27.43
7,19,5,0,3.8,16.05
2,20,2,1,1.5,6.31
9,8,6,1,0.1,19.3
16,21,3,0,0.8,19.6
13,14,4,1,7.0,27.55
9,18,2,0,2.2,19.51
4,10,0,0,5.1,11.12
10,8,6,2,2.4,27.11
12,21,6,0,8.6,22.68
17,8,1,0,7.2,37.58
14,8,6,1,2.0,33.94
14,19,6,0,1.1,25.37
2,21,0,0,2.8,6.29
11,11,4,0,3.4,15.54
16,6,5,0,2.1,20.68
19,16,2,2,5.2,37.37
6,9,0,0,0.6,10.87
19,18,2,0,1.2,33.13
5,13,3,0,3.5,9.47
4,8,1,0,0.8,7.46
15,21,4,0,1.7,19.01
4,10,0,0,10.0,18.17
10,7,1,0,2.9,15.76
3,20,6,0,8.9,14.19
5,7,4,0,3.8,9.33
6,16,4,1,3.9,12.79
8,18,5,1,2.7,19.85
7,12,3,2,0.5,12.17
10,15,5,0,2.2,14.16
6,8,5,0,0.9,9.86
14,10,2,1,19.9,49.88
4,8,2,0,0.9,7.45
13,11,6,0,0.8,17.29
17,18,1,1,2.9,39.06
7,15,3,1,2.1,12.56
4,8,4,2,0.1,8.82
14,13,6,1,0.4,21.7
3,7,3,0,5.0,8.85
5,8,3,0,2.0,9.92
16,13,1,2,0.5,27.24
4,13,2,0,1.9,5.09
2,6,3,2,0.9,3.16
18,13,3,0,0.8,21.45
19,15,3,0,9.5,32.21
19,7,0,1,1.3,30.17
17,17,3,0,0.1,29.04
14,12,3,1,10.6,31.25
19,11,4,0,4.8,27.8
13,7,5,1,0.9,22.17
12,10,0,0,1.6,22.43
6,12,3,0,5.9,13.47
4,13,5,0,1.3,6.61
19,8,3,0,2.5,37.11
16,6,1,1,2.3,27.15
13,18,1,0,1.5,22.92
4,12,5,0,3.1,8.79
17,18,0,0,1.9,32.2
1,10,4,0,0.1,2.86
18,10,0,0,5.1,36.23
17,12,0,0,0.4,22.41
15,6,1,0,1.9,20.07
11,13,1,1,2.6,19.34
13,17,4,0,3.7,25.69
1,19,6,2,1.6,2.31
17,21,6,0,4.0,25.07
6,15,6,0,0.4,6.44
4,20,3,0,3.2,7.03
16,10,4,0,5.3,33.02
15,13,3,0,6.6,25.18
15,15,5,1,2.6,26.27
6,20,5,0,1.1,8.66
15,15,2,1,0.5,23.24
14,10,6,0,1.3,24.43
11,17,1,0,2.3,22.03
7,12,2,0,0.7,9.57
9,15,2,2,9.1,23.43
16,8,1,0,6.8,34.8
5,7,2,1,0.1,6.84
10,11,6,0,2.5,15.12
18,10,0,0,4.7,36.55
3,14,3,0,0.8,4.79
13,15,6,1,2.2,21.8
11,9,4,1,1.6,26.48
17,16,1,0,0.7,21.32
13,8,0,1,2.9,31.56
6,14,5,0,15.2,20.4
17,13,4,2,1.4,30.96
13,11,4,1,2.4,21.07
19,6,4,1,1.2,28.95
19,19,2,1,6.3,46.8
10,15,2,0,6.0,18.22
3,18,2,0,0.6,7.72
14,17,6,0,6.9,31.82
19,16,2,0,0.5,23.38
5,6,0,0,0.3,5.52
5,17,2,0,3.2,13.36
17,11,1,0,1.5,22.17
10,18,4,0,2.3,19.27
5,8,0,0,3.2,10.6
4,8,5,0,0.2,7.45
6,11,2,1,1.0,10.1
4,18,5,0,1.9,8.26
7,8,4,1,0.9,15.61
7,18,0,0,0.2,12.37
18,16,4,0,0.3,23.55
3,15,5,0,4.9,8.28
1,11,6,0,7.3,8.39
4,10,0,0,0.5,8.15
6,9,3,0,0.9,11.27
9,13,6,0,3.2,13.26
14,7,0,0,9.3,25.67
12,20,2,1,1.1,18.05
4,17,5,0,5.8,12.9
12,19,4,0,2.1,22.95
10,16,4,0,9.4,22.33
7,12,4,0,0.4,9.0
3,9,1,2,10.9,18.95
14,7,1,0,1.7,19.14
10,20,2,0,9.2,20.89
16,12,3,0,1.8,20.87
16,18,1,0,2.3,30.22
10,6,0,0,4.9,15.96
13,9,6,2,3.8,36.2
6,14,5,0,2.9,11.45
12,19,2,0,1.6,21.61
9,9,6,0,4.7,20.72
13,17,3,0,8.9,31.07
4,18,6,0,0.0,7.01
11,8,0,0,2.7,22.33
18,15,4,0,6.0,27.85
11,15,1,0,3.2,17.35
4,7,0,0,4.8,9.21
18,21,3,0,6.8,28.8
1,19,2,0,4.2,6.46
7,20,6,0,3.8,12.25
6,8,0,0,10.0,20.8
15,6,2,0,6.0,25.27
18,15,4,1,5.1,31.39
11,13,3,1,0.3,16.9
15,6,3,2,0.8,25.06
16,8,6,2,2.4,42.29
7,19,1,1,3.7,19.07
10,8,5,2,1.1,25.66
12,18,3,1,0.3,26.83
14,20,0,1,1.1,21.85
5,7,0,0,4.4,10.11
18,19,0,0,6.3,39.62
5,10,4,1,7.3,17.3
3,15,3,0,1.4,5.33
5,8,3,1,1.4,13.19
17,8,0,0,1.6,30.42
19,13,6,0,1.4,24.85
19,9,1,1,3.3,45.39
12,9,6,2,1.3,31.75
9,8,1,0,0.1,15.06
1,16,3,1,1.7,2.22
18,6,6,1,0.8,29.28
4,13,3,0,0.1,5.28
10,20,2,0,1.9,14.19
7,6,3,0,0.7,9.75
1,12,6,0,1.8,4.28
17,10,0,0,1.0,31.29
2,9,5,0,2.8,7.12
11,9,4,0,14.1,32.95
9,13,3,1,2.4,16.28
7,16,3,0,3.1,11.72
17,16,0,0,7.6,27.78
17,18,2,0,1.4,31.66
2,19,5,1,0.5,7.37
6,11,3,1,1.0,10.62
14,21,1,0,1.5,19.27
6,19,1,2,3.1,17.53
2,17,1,1,0.0,3.81
1,6,4,1,5.8,7.95
10,19,4,1,0.2,21.17
5,15,5,0,6.9,13.7
2,13,3,0,9.0,12.07
16,18,3,0,13.8,40.2
2,19,3,0,5.0,7.6
10,7,4,0,0.5,13.14
2,11,5,1,3.7,7.05
16,14,3,0,0.7,19.05
16,6,0,2,6.8,33.73
19,11,2,0,1.1,23.86
7,21,6,0,1.2,9.28
12,13,1,0,7.5,21.76
15,15,1,0,0.0,17.3
8,18,0,2,0.6,19.26
6,7,3,1,1.6,12.49
10,10,5,0,3.6,20.08
3,11,5,2,3.1,8.74
19,10,4,1,3.3,43.14
17,8,3,0,6.4,35.67
7,9,5,0,0.4,13.64
4,12,3,0,2.2,6.04
14,9,1,0,3.9,29.34
15,14,6,1,3.0,25.13
8,16,6,0,1.8,9.36
15,17,6,0,0.1,25.38
14,19,1,0,0.2,24.18
9,18,4,2,0.4,20.48
8,18,6,1,1.3,18.85
17,15,1,0,0.4,20.08
2,7,3,0,1.7,5.11
3,21,6,0,0.6,4.27
8,10,0,1,4.5,20.43
12,13,4,0,6.2,20.14
1,19,0,1,1.5,4.39
10,10,3,2,2.1,28.09
3,15,4,0,9.2,12.26
6,17,0,0,2.3,12.59
7,13,4,0,15.9,25.39
18,13,3,0,0.5,21.8
11,14,5,0,5.9,19.1
19,15,6,0,2.1,24.68
5,11,4,0,0.1,6.82
19,21,6,0,10.8,33.18
11,17,6,1,10.1,33.51
12,9,5,0,1.4,23.69
10,17,3,0,9.2,25.46
8,16,4,1,0.5,12.21
9,8,4,0,3.4,19.1
4,20,5,1,0.6,6.45
5,17,1,1,0.8,11.03
8,21,5,0,4.5,14.18
9,19,5,0,1.4,17.61
15,10,5,0,0.0,27.04
15,11,3,0,1.6,19.78
16,8,2,0,0.8,30.59
14,7,5,2,3.4,28.51
8,21,4,0,0.6,9.59
18,12,0,0,5.5,27.25
10,16,1,2,0.9,17.38
6,10,5,1,1.5,14.86
12,14,5,0,1.1,15.77
2,20,1,0,3.1,4.76
7,8,5,0,0.3,13.77
16,19,4,2,2.0,42.98
3,20,2,0,1.2,4.69
13,13,5,1,6.5,26.53
3,11,1,0,0.2,3.75
18,9,5,1,5.3,44.5
11,17,3,0,0.6,18.35
8,17,4,2,0.3,18.62
6,20,4,2,0.7,10.24
1,14,2,0,0.3,1.0
1,10,3,1,2.2,3.41
8,21,3,1,13.3,28.35
5,20,2,2,0.1,8.09
16,15,6,0,1.9,21.19
11,21,6,0,1.5,14.31
5,11,0,1,1.2,8.17
4,19,6,1,1.2,8.89
6,20,5,0,6.8,14.08
14,20,3,1,0.1,21.81
19,18,0,0,4.5,36.4
9,14,0,1,0.9,15.07
12,12,4,0,1.5,14.95
11,17,5,0,1.6,20.39
14,10,4,0,1.1,25.69
16,7,1,0,0.3,18.28
1,9,6,0,0.4,3.1
13,7,4,0,1.1,17.67
13,8,3,0,5.2,27.38
2,15,3,0,0.4,2.23
4,17,5,1,4.1,11.71
6,8,0,0,1.0,8.91
5,9,3,0,6.4,15.84
3,11,6,0,1.7,5.52
1,17,4,2,0.6,2.7
4,8,6,1,12.8,21.39
2,15,4,0,0.6,2.39
5,19,5,1,2.5,12.81
3,6,6,2,2.5,6.49
9,6,4,0,1.4,12.99
6,21,6,2,9.1,18.71
18,14,2,0,5.6,27.4
6,14,5,0,5.3,11.62
19,10,5,0,11.0,42.88
12,14,3,0,1.8,17.86
11,16,5,0,0.3,12.78
2,12,1,0,4.4,8.19
15,14,3,0,1.4,19.85
12,17,3,0,0.6,20.97
12,12,6,0,2.0,17.05
9,14,2,0,7.8,18.55
2,20,3,0,0.6,2.56
3,7,0,2,5.7,10.66
12,16,4,0,1.6,16.4
16,16,4,0,0.4,19.22
1,13,5,0,5.7,6.23
3,12,6,0,10.5,13.47
2,21,2,0,1.0,3.46
9,11,4,0,1.1,10.91
19,10,0,1,1.5,42.16
15,9,2,0,5.0,31.04
18,12,1,0,0.0,21.23
11,8,4,0,0.8,20.53
16,13,3,1,3.7,27.49
17,7,0,1,1.6,27.61
5,6,6,0,1.2,8.25
12,16,6,0,6.2,20.62
11,7,0,2,7.5,25.47
15,14,4,0,8.9,28.19
3,10,5,0,1.0,5.94
1,16,1,0,7.3,8.78
16,13,3,0,4.0,22.35
2,8,1,2,0.5,5.75
2,12,1,2,2.8,7.52
3,20,4,1,0.1,4.23
8,7,3,0,3.7,12.79
15,13,4,0,4.0,21.64
7,19,4,0,4.7,15.88
6,12,5,2,0.6,10.15
9,17,0,1,3.0,23.34
1,10,6,0,0.6,2.65
8,17,5,0,8.8,21.99
3,16,6,0,3.4,6.92
4,9,5,2,0.3,11.66
15,6,4,0,0.6,19.44
6,10,5,0,3.3,13.38
15,17,6,0,1.9,27.45
3,14,5,0,4.0,7.26
14,15,2,2,1.0,25.03
14,9,3,2,3.2,36.08
4,18,0,2,0.6,9.78
12,14,6,1,2.4,20.12
17,17,3,0,9.5,39.49
7,7,0,0,3.0,11.27
9,9,2,0,0.2,15.28
3,14,4,1,13.5,18.02
13,9,6,0,0.5,20.73
15,10,0,0,3.8,30.42
18,16,0,0,2.3,23.34
19,13,0,0,1.0,24.73
1,21,2,1,0.6,1.88
6,6,3,2,0.6,10.26
2,6,2,0,5.9,8.74
14,14,0,0,6.2,22.62
6,14,5,2,1.9,12.19
14,9,0,1,0.3,30.05
4,18,5,0,6.5,13.63
8,21,4,0,2.0,12.32
3,7,2,0,1.7,4.98
19,21,5,0,1.6,24.58
14,18,2,1,1.4,30.08
17,14,1,0,2.2,23.24
8,19,3,0,2.8,16.36
14,9,1,0,1.9,26.14
6,11,5,0,6.8,13.93
16,17,1,0,1.1,29.11
19,6,6,0,2.6,25.03
14,17,3,0,1.1,25.26
19,14,5,0,4.2,27.69
3,10,4,0,0.3,6.45
10,20,4,0,0.6,12.32
19,8,3,0,4.8,38.23
9,9,3,0,0.6,15.24
13,6,5,0,2.9,19.81
7,19,2,0,10.5,22.81
14,14,6,2,2.2,26.23
9,19,5,2,0.6,23.88
19,13,2,0,1.2,25.17
15,9,2,1,5.2,36.81
14,7,2,0,1.3,18.76
6,19,5,0,3.9,13.75
4,14,0,0,4.5,7.96
8,9,0,0,2.1,16.03
17,14,4,0,4.6,23.94
9,15,0,0,1.1,11.96
1,8,0,1,2.2,3.83
14,12,2,0,3.5,19.68
11,12,2,0,0.6,14.45
3,15,3,0,1.0,3.45
9,18,2,0,3.2,18.28
14,9,5,2,3.2,39.05
9,7,3,1,2.0,16.08
4,16,6,2,4.8,12.57
4,14,3,0,2.0,6.14
8,9,0,0,6.4,21.4
2,13,2,0,4.0,7.14
9,19,0,0,1.1,15.83
14,7,2,0,1.5,18.46
9,13,0,1,3.3,18.16
16,21,6,0,6.7,26.74
17,16,0,0,0.6,20.74
16,21,0,1,2.2,27.1
12,15,5,1,0.4,18.35
3,10,6,0,1.0,6.42
11,12,4,0,3.5,16.83
14,12,6,0,0.2,15.96
18,17,0,0,3.3,33.58
5,14,1,0,6.9,11.97
16,8,1,0,10.5,39.04
5,15,1,0,0.7,6.89
3,9,5,0,4.1,9.43
12,15,3,1,7.8,26.84
1,9,0,1,0.3,3.49
9,20,6,0,1.6,11.38
9,21,1,1,7.6,21.46
4,18,5,0,0.7,7.6
3,15,3,0,8.1,11.35
17,10,1,0,2.2,31.68
2,19,2,0,0.3,3.35
1,11,4,0,1.8,2.26
8,21,0,2,1.2,15.29
13,20,4,0,1.0,18.69
15,8,4,2,2.3,41.14
8,18,2,0,2.0,14.5
12,9,2,0,2.0,22.55
12,8,2,0,0.3,21.25
14,7,3,0,4.9,21.24
15,15,1,0,2.0,19.91
15,17,6,0,5.2,31.55
9,14,0,0,5.2,16.01
19,21,2,0,1.1,23.2
8,6,5,0,0.0,10.75
19,21,0,0,7.3,31.4
6,7,6,0,4.3,11.44
19,13,0,1,0.3,29.05
4,20,0,2,3.6,9.66
7,12,2,0,0.1,8.49
4,17,2,0,0.1,7.83
12,6,1,0,2.2,15.66
13,10,6,2,0.3,32.11
3,15,2,0,10.0,14.2
12,11,2,0,6.7,21.36
2,10,0,0,3.1,5.45
2,9,1,0,0.2,2.78
9,19,4,1,1.2,22.59
1,18,2,1,1.4,3.71
8,6,5,0,2.0,12.29
6,21,2,2,0.6,10.26
6,12,4,0,2.6,9.93
18,14,0,2,1.7,33.19
17,11,6,1,8.8,34.83
12,21,1,0,8.3,23.25
6,21,0,1,2.5,12.95
8,21,6,0,3.1,13.54
19,8,3,0,0.4,32.31
10,20,2,0,0.8,12.87
1,15,6,0,6.9,8.02
13,19,5,0,3.6,27.28
17,9,6,0,0.6,29.32
3,15,3,1,2.5,6.57
8,10,2,0,8.2,22.07
14,20,3,0,1.3,17.85
3,17,4,0,0.6,5.5
16,17,2,0,8.5,36.49
13,6,5,0,1.9,17.75
17,10,2,0,1.6,32.47
13,6,3,1,0.9,19.42
6,14,1,0,6.7,13.63
17,21,3,0,5.6,26.18
14,12,2,1,1.5,23.1
17,8,2,0,0.1,28.54
8,14,6,0,1.8,11.92
11,7,1,0,0.6,13.72
1,17,0,1,0.5,1.0
7,12,1,2,1.5,11.56
17,14,0,1,0.3,25.92
10,11,5,0,9.5,22.85
11,15,2,0,0.1,12.86
9,10,6,1,1.5,20.08
9,17,4,0,0.5,16.08
5,12,4,0,3.5,9.06
17,19,3,1,0.2,35.64
9,20,1,0,2.4,13.02
17,20,1,0,4.4,24.64
19,11,4,2,9.0,41.1
7,10,0,0,3.6,15.92
9,19,1,0,0.3,17.11
7,7,0,1,0.3,9.64
13,13,0,1,3.9,22.37
11,20,0,0,0.7,13.92
14,18,0,0,1.8,26.15
19,12,6,1,11.3,39.61
11,11,3,0,5.1,19.44
13,10,3,0,5.6,29.39
14,10,6,0,5.9,30.77
13,14,4,1,2.9,22.57
1,6,3,1,4.1,6.15
8,21,5,0,1.3,9.92
12,14,6,1,19.4,37.72
19,11,1,1,1.0,28.92
12,9,5,0,2.7,24.66
8,15,6,0,1.0,10.71
8,19,3,0,0.4,15.92
13,12,1,2,2.5,25.1
12,14,1,0,1.3,16.28
16,10,0,0,2.6,30.84
1,19,4,0,2.5,4.97
13,10,0,0,2.3,25.11
7,13,6,1,0.4,11.54
5,12,0,0,1.7,6.83
8,18,5,2,5.0,23.89
14,18,3,0,1.1,26.57
13,13,5,0,1.8,17.53
15,16,3,2,2.0,27.81
17,17,5,0,6.0,36.38
15,15,1,0,3.2,20.85
18,7,3,2,0.3,32.52
18,14,3,0,6.0,27.76
2,8,5,0,5.4,9.73
4,11,2,0,4.2,9.3
1,21,1,0,1.9,4.75
4,11,6,1,4.3,9.42
18,7,1,2,2.0,31.67
5,17,6,0,4.0,10.73
19,18,2,1,6.4,46.64
15,12,5,2,6.6,31.93
8,14,5,0,1.8,10.23
17,17,1,0,5.9,36.17
1,15,5,0,0.3,3.48
12,16,4,2,0.3,21.47
19,6,4,2,2.4,35.17
15,13,6,0,3.2,21.54
9,7,2,1,0.5,13.34
7,19,3,0,1.9,13.81
2,6,4,0,0.3,1.83
9,13,6,2,2.8,17.51
10,7,5,0,5.8,18.66
2,11,2,0,4.0,5.99
19,20,6,0,1.4,24.57
11,11,6,0,15.2,27.6
13,10,4,0,3.3,26.0
10,21,0,0,5.1,17.44
14,13,2,2,3.3,26.9
18,8,1,2,13.6,59.06
19,21,6,0,5.2,27.97
9,18,4,0,2.2,16.68
7,15,1,1,1.4,13.5
3,20,2,0,3.4,8.25
6,9,4,0,2.7,12.71
2,12,1,0,3.0,6.09
6,20,3,0,1.3,7.48
3,21,6,0,1.7,5.3
16,12,3,0,2.4,21.41
8,21,0,0,5.5,15.6
2,18,5,1,4.3,9.65
17,17,2,1,0.4,37.25
9,19,5,0,0.8,16.04
12,13,5,1,0.1,17.6
3,7,1,0,0.0,2.24
11,16,0,0,0.8,14.07
1,17,2,1,4.8,7.1
13,7,3,0,7.1,22.89
15,21,5,0,1.5,18.61
5,9,1,0,2.5,13.09
17,21,5,2,3.7,32.09
6,18,4,0,9.2,19.9
11,15,3,1,7.3,24.46
18,18,5,2,0.2,44.28
4,14,4,1,0.9,6.46
3,15,4,0,0.2,4.65
13,17,1,0,2.9,24.31
9,14,1,0,3.7,15.05
6,18,4,0,1.1,10.59
12,18,0,1,5.8,30.24
2,9,5,0,1.8,5.26
3,14,4,2,19.3,23.84
3,20,4,0,0.0,4.7
12,19,1,1,0.3,26.2
15,8,5,0,1.1,28.08
9,17,2,0,0.1,15.04
8,10,3,1,4.6,20.57
11,15,1,0,0.2,13.2
16,14,5,0,4.1,22.34
4,21,5,0,0.2,5.06
1,11,6,0,0.9,2.98
7,8,0,1,5.5,19.83
2,15,3,2,9.1,12.72
5,14,1,0,1.6,7.98
7,11,1,0,10.5,17.86
4,9,2,0,3.0,9.15
5,21,6,2,1.6,11.77
1,19,6,2,4.9,6.59
1,9,0,1,1.1,4.34
15,21,6,0,0.9,18.89
19,13,0,0,3.2,26.91
10,12,5,0,1.5,12.96
18,6,5,0,0.4,22.01
3,21,1,1,0.2,4.24
11,11,2,0,4.7,18.65
15,13,1,1,3.4,27.55
11,8,6,0,1.6,20.78
17,19,4,1,6.8,41.84
17,14,5,0,1.6,21.66
6,15,4,0,3.7,10.01
5,7,6,0,7.2,13.02
8,19,2,1,5.5,24.68
2,11,1,0,2.1,5.08
16,17,5,1,3.4,37.91
12,6,2,0,1.6,15.3
6,17,1,0,3.1,13.53
1,16,1,2,0.9,2.6
4,20,4,0,1.7,6.59
17,7,3,0,0.7,20.11
13,21,6,0,0.1,16.82
18,21,0,2,2.7,33.85
5,18,5,0,6.0,15.9
3,10,0,0,0.1,4.23
11,6,2,0,0.7,13.74
13,13,0,0,1.8,16.82
4,6,4,0,3.3,7.33
14,18,3,0,0.6,23.71
11,14,5,1,0.2,16.67
10,15,6,0,2.2,14.14
19,16,1,1,5.1,34.29
18,8,1,1,0.1,38.21
6,21,6,2,1.3,11.59
15,17,4,0,3.3,27.88
10,7,5,0,0.4,12.75
5,20,0,1,0.8,9.93
5,6,6,0,2.3,7.53
10,14,1,0,9.2,22.76
5,21,0,1,1.0,8.29
3,20,4,0,2.0,6.04
6,9,1,0,1.5,12.73
4,17,2,0,6.8,15.87
18,6,3,1,0.2,27.09
9,6,0,0,2.5,13.7
17,12,6,1,5.6,33.08
13,21,5,0,13.3,27.63
15,7,0,0,3.6,20.99
17,12,0,0,1.4,21.51
13,17,0,0,1.6,23.05
16,20,6,0,1.3,19.59
4,12,4,0,2.8,9.21
5,20,4,2,4.0,12.63
5,15,5,0,5.1,11.14
9,19,4,0,1.6,17.92
17,14,6,0,3.8,24.81
13,18,5,1,7.4,35.22
2,21,5,0,7.6,10.37
13,12,4,0,3.7,19.13
19,21,1,1,3.0,31.52
3,18,4,0,2.3,8.04
10,19,1,0,0.6,18.76
2,6,2,0,0.4,3.22
13,17,4,1,2.0,29.39
19,18,2,0,0.5,33.41
17,21,4,0,2.6,22.35
14,13,2,1,3.1,23.44
12,13,3,0,2.2,16.48
12,9,2,1,0.1,27.55
11,18,1,0,0.2,18.36
7,13,0,0,0.4,7.76
4,9,5,0,0.5,5.47
19,20,2,0,13.8,36.18
1,13,0,0,1.3,2.49
3,10,6,0,1.0,5.25
13,9,3,0,0.2,22.24
15,11,3,2,3.0,28.5
2,7,6,0,3.2,5.51
11,17,6,1,0.6,23.71
4,7,6,2,7.5,14.88
19,7,1,2,4.8,39.25
17,14,6,1,0.8,26.81
3,20,1,0,2.0,5.4
18,19,2,2,1.8,45.76
8,15,4,1,1.3,14.57
19,8,6,1,5.1,45.38
5,20,6,0,0.3,6.62
7,15,3,2,1.6,13.37
8,9,0,1,1.7,17.43
5,15,4,1,1.9,7.96
17,17,3,0,5.9,36.83
5,13,2,0,0.7,7.67
4,9,6,2,0.3,9.02
19,16,3,0,2.9,25.69
2,15,1,0,0.6,1.9
11,15,0,1,0.2,15.94
13,18,0,0,1.7,24.11
15,12,1,0,0.7,18.99
12,10,6,0,1.3,23.74
11,14,6,0,0.9,12.81
7,9,4,0,0.3,13.52
5,8,1,0,2.5,10.25
17,18,6,0,0.1,29.99
9,7,0,0,10.2,20.68
14,6,6,2,1.3,23.34
12,16,2,0,3.6,18.85
6,11,6,0,5.0,11.42
17,15,4,0,1.0,21.97
19,7,5,1,4.1,33.1
19,13,3,2,5.4,36.74
16,11,5,0,0.8,17.94
12,17,2,0,14.7,35.53
12,17,5,0,0.1,19.98
6,10,6,1,0.7,14.82
4,18,4,0,4.5,11.54
6,7,0,0,0.6,7.89
11,12,0,1,3.6,20.64
1,7,2,2,5.8,7.33
15,18,5,0,9.6,36.43
11,19,4,2,1.9,26.88
19,10,3,0,10.6,42.93
18,7,6,1,1.6,26.99
17,16,5,0,0.7,20.24
19,15,5,0,2.2,24.95
14,16,3,0,3.1,20.18
18,16,1,0,1.8,24.03
19,7,6,0,2.5,25.35
15,20,2,0,1.6,19.13
15,12,6,0,2.2,20.81
4,14,4,0,9.1,13.46
7,10,2,2,2.1,19.94
13,12,3,0,0.9,17.02
3,9,4,0,4.3,7.66
16,7,0,0,1.2,20.86
9,8,0,0,5.1,21.14
8,7,6,0,0.2,9.63
13,10,4,0,1.2,23.14
17,11,2,0,0.3,21.0
17,20,2,0,0.3,20.48
17,20,0,1,3.2,27.95
1,12,0,0,1.5,2.21
8,8,3,0,6.2,21.42
19,9,4,0,2.2,33.84
6,13,2,1,1.1,10.8
3,9,3,0,3.8,7.33
5,12,2,2,2.9,10.7
13,17,0,0,4.8,25.72
15,11,4,0,3.1,20.96
14,12,1,1,0.5,21.81
16,6,4,1,3.3,28.53
18,8,5,0,1.5,33.18
11,11,1,0,1.9,16.07
3,21,6,0,7.6,11.29
10,8,6,2,1.3,26.38
10,21,3,0,2.8,15.58
16,20,1,0,1.4,20.06
12,19,1,0,0.3,21.72
2,20,3,0,1.8,6.42
9,21,4,0,2.7,15.33
3,21,3,0,1.6,5.57
15,19,5,0,1.5,28.36
3,12,0,0,5.2,9.2
19,14,6,0,0.1,23.55
18,8,0,0,1.1,31.72
8,19,6,0,5.0,19.36
17,6,1,0,7.6,27.72
8,15,3,0,1.6,10.34
7,20,3,0,6.6,15.69
7,18,3,1,0.7,15.08
3,11,5,0,0.8,3.15
1,17,5,0,5.6,6.35
4,6,4,0,7.0,13.12
5,6,2,0,0.8,6.55
1,19,6,0,0.2,2.31
15,13,2,0,0.3,18.29
5,14,2,0,0.9,6.23
13,7,6,0,4.3,20.24
8,14,4,0,2.1,11.83
8,10,3,1,1.8,18.09
5,18,2,1,2.6,13.05
9,13,3,2,6.6,21.64
1,12,1,0,0.3,2.21
4,12,2,1,3.6,8.7
3,21,1,1,7.8,12.32
2,9,4,2,0.7,5.38
8,7,0,0,5.5,16.2
9,10,5,1,3.6,21.35
2,21,6,0,0.0,1.0
14,19,4,0,0.8,27.05
14,16,4,0,2.8,19.7
4,16,4,1,2.1,8.97
6,8,2,1,2.3,15.75
11,20,1,0,0.8,14.11
3,19,5,0,3.4,8.7
8,14,2,0,0.9,11.03
3,11,0,0,1.5,5.31
14,6,6,0,1.4,17.86
13,8,6,0,3.3,26.58
13,17,5,1,0.3,28.9
2,9,6,0,0.7,3.84
13,21,6,0,0.7,16.14
19,14,4,1,0.3,29.51
6,16,3,2,0.7,11.33
16,11,0,1,2.8,26.56
2,9,1,0,4.0,6.17
8,6,0,1,3.2,14.6
17,13,2,0,1.9,22.63
2,19,6,2,0.2,5.0
10,16,3,1,9.6,24.4
16,7,2,1,0.6,23.23
6,16,5,0,3.3,10.58
2,20,4,0,7.3,9.85
2,16,6,1,3.6,6.14
13,13,4,1,0.7,21.24
15,11,0,0,1.1,20.11
2,13,4,2,0.1,2.53
7,11,4,0,2.8,11.36
3,10,5,0,2.8,6.71
8,10,1,0,3.9,19.26
14,19,1,0,0.0,24.84
7,19,2,0,5.1,17.77
7,15,6,1,4.0,14.83
1,15,2,0,0.5,1.31
17,16,1,0,1.3,22.17
9,13,0,1,3.1,16.08
13,12,1,1,2.1,21.0
19,13,2,0,0.4,23.75
19,17,3,0,0.3,34.06
17,13,6,0,4.6,24.67
10,12,4,1,0.5,15.84
10,7,5,0,0.6,12.44
4,16,3,0,5.3,9.76
8,20,3,1,2.8,14.66
18,21,4,0,2.8,24.66
14,14,1,0,2.0,18.91
18,18,6,2,2.5,46.08
14,12,0,0,2.8,19.84
15,17,3,0,10.3,35.97
4,16,0,2,0.8,7.9
13,20,5,2,0.7,22.21
8,11,5,0,0.2,9.35
18,21,5,0,3.2,24.67
12,14,2,2,2.4,21.18
14,18,3,0,0.4,23.91
2,6,5,0,1.4,2.73
18,16,2,0,0.6,22.66
2,21,5,0,1.2,4.46
11,7,1,1,9.1,25.76
9,18,3,0,3.4,18.94
12,21,2,1,0.0,17.26
17,6,5,1,0.9,27.39
15,15,6,1,0.0,22.47
17,17,2,1,3.8,39.6
18,8,5,1,1.9,40.7
6,16,1,0,15.4,22.31
17,10,0,0,4.0,34.03
18,6,5,1,2.2,29.36
8,9,0,0,4.9,17.35
9,19,3,0,3.7,19.31
6,18,1,0,0.8,10.53
5,13,6,0,2.3,6.81
12,11,3,1,2.4,20.75
11,18,6,1,1.8,23.0
1,6,0,0,0.6,1.74
11,17,1,1,0.8,24.78
19,6,4,0,1.0,24.03
9,8,1,1,0.0,19.63
2,19,1,0,7.5,11.4
12,15,6,1,3.5,22.62
4,20,4,0,3.5,7.24
4,13,2,0,2.5,6.41
18,16,2,1,3.5,31.06
15,16,2,0,12.0,30.01
19,19,0,2,1.5,46.91
13,13,1,0,3.7,19.53
19,18,5,0,1.3,35.28
17,8,4,0,5.8,34.6
6,12,5,0,5.9,13.02
16,17,0,0,7.0,35.17
12,8,4,2,0.0,29.36
19,9,5,0,1.1,34.49
5,14,6,1,0.4,8.47
17,21,0,0,1.8,21.91
1,18,0,0,2.1,2.29
10,9,0,0,0.9,18.14
15,8,4,0,3.9,28.05
11,10,5,2,0.9,27.55
13,12,5,0,5.8,21.01
5,10,3,0,0.6,9.69
1,9,0,0,1.4,3.14
12,13,2,0,2.9,16.79
11,9,1,0,2.8,20.99
17,7,6,0,0.2,21.08
4,15,6,0,5.6,10.51
15,18,3,2,2.7,40.36
9,19,3,1,6.1,25.75
19,21,4,0,6.1,28.91
19,11,3,0,2.4,24.9
12,7,5,1,7.2,23.89
5,8,4,2,5.7,19.12
10,6,4,2,9.5,27.44
17,10,6,1,5.7,42.64
5,14,6,0,5.2,11.02
16,7,2,2,1.9,29.61
7,17,0,1,0.7,13.59
9,12,3,0,7.2,18.05
3,10,0,0,3.8,8.06
15,7,0,0,1.0,18.35
16,13,0,0,1.3,19.61
18,16,4,0,3.5,24.53
14,20,0,0,1.9,18.37
3,18,3,0,0.3,6.83
12,18,4,0,0.5,21.16
9,21,3,0,4.1,14.78
7,11,4,1,1.2,11.26
9,9,1,0,2.1,19.58
13,18,1,2,4.4,35.32
18,9,1,1,4.2,42.68
5,7,1,2,0.5,8.93
13,8,4,1,0.3,28.31
4,20,0,0,2.7,7.95
2,12,2,0,4.1,6.24
16,8,6,0,0.5,27.37
9,18,5,2,1.4,22.97
9,10,2,0,6.1,22.06
6,15,1,0,8.7,17.18
11,11,0,1,1.8,19.37
1,11,3,2,0.2,2.33
4,19,0,1,0.9,8.63
13,9,3,0,0.8,24.18
13,11,2,0,0.8,15.52
13,8,0,0,2.0,24.24
2,12,0,0,2.6,4.16
9,12,5,1,0.4,14.7
8,9,2,0,6.6,19.66
7,7,0,0,2.9,11.04
4,16,3,2,2.7,9.3
18,12,6,0,13.1,33.88
3,8,0,1,3.0,9.66
6,20,3,1,7.9,17.08
12,6,1,1,1.0,18.5
12,7,0,0,0.8,15.68
8,15,3,0,2.2,11.57
1,21,6,1,2.1,3.94
4,14,2,1,0.8,7.0
11,17,1,0,3.6,22.68
3,20,0,0,0.1,2.52
13,13,5,0,3.5,18.96
17,20,3,2,1.8,31.74
10,20,6,0,3.5,14.87
12,19,5,0,1.9,22.88
15,11,0,0,11.4,30.18
10,19,3,0,1.2,18.4
14,11,0,2,12.1,36.41
13,19,1,0,0.2,22.28
5,6,6,0,3.5,8.72
6,7,6,0,1.8,9.22
2,9,1,0,5.2,7.51
17,8,0,0,4.7,35.36
4,19,0,0,4.8,11.61
14,6,4,0,0.3,17.51
10,21,0,1,5.2,21.25
3,13,6,0,0.7,5.11
3,12,0,2,0.1,3.83
15,9,5,0,0.7,27.67
6,21,5,0,2.0,9.41
17,17,1,0,4.1,34.34
12,17,5,0,0.7,22.21
11,14,0,0,0.4,13.92
4,16,2,0,3.1,8.64
6,19,0,0,12.4,24.11
1,9,6,0,2.8,5.01
16,6,4,0,3.5,22.3
15,20,3,0,2.5,19.74
17,15,6,0,4.6,26.05
8,20,1,1,11.2,23.62
12,6,5,0,2.4,16.49
10,6,2,1,1.6,17.26
15,6,6,0,5.9,24.25
9,9,3,2,10.5,31.85
2,6,2,0,0.4,1.84
5,7,1,2,2.6,10.72
6,9,5,0,4.7,15.24
7,12,4,0,2.3,10.96
1,7,6,0,1.6,2.07
7,13,6,0,3.2,12.06
12,18,6,2,0.9,30.71
16,12,1,0,1.3,22.85
16,14,2,0,14.6,33.95
11,19,2,0,3.0,21.37
4,11,1,0,6.2,11.68
13,9,6,0,4.9,27.28
7,11,0,0,3.2,9.81
4,20,1,0,5.5,10.11
15,9,5,0,1.0,28.16
19,12,5,0,3.0,26.6
9,14,4,0,2.7,12.63
11,8,1,0,2.9,23.06
8,8,3,0,0.6,13.38
1,7,5,0,1.0,3.56
8,6,5,2,1.0,15.47
13,19,5,1,2.8,32.78
4,6,0,2,10.8,17.72
8,18,3,0,9.2,22.4
3,8,6,1,0.8,6.73
9,19,6,0,1.1,17.56
2,12,1,0,0.1,3.33
2,20,0,0,1.5,4.47
13,16,5,1,5.4,25.08
15,14,6,2,7.4,33.61
12,19,3,0,0.8,24.31
4,7,6,0,0.9,5.22
8,12,3,0,0.7,10.17
9,6,0,2,1.3,17.0
5,7,6,1,4.9,12.54
18,21,5,0,3.1,25.07
11,11,0,0,4.6,18.1
15,16,2,0,2.6,20.59
9,21,5,1,0.9,14.23
17,10,0,1,0.8,36.94
12,13,1,0,0.0,14.05
7,17,6,0,4.6,16.35
10,16,5,2,5.6,22.29
10,7,4,0,4.4,14.72
13,6,5,2,0.2,22.66
19,21,2,0,4.3,27.24
11,12,0,1,0.1,16.23
13,11,4,1,0.3,19.23
8,13,2,0,1.7,12.22
8,16,1,2,1.9,15.14
4,20,5,0,5.1,10.55
15,20,6,1,3.4,26.24
11,18,4,2,0.5,28.5
11,19,6,0,0.8,19.96
1,13,0,0,1.0,2.67
17,7,0,0,0.4,21.52
15,19,1,1,1.0,31.24
6,13,2,1,3.9,14.15
15,11,4,0,0.8,17.99
9,14,1,1,5.4,18.67
14,17,2,0,1.9,26.22
18,21,3,0,1.2,22.03
17,12,3,0,1.6,21.0
18,7,2,0,3.7,26.12
5,21,0,0,2.2,8.26
9,13,0,0,0.0,10.54
11,14,3,0,7.7,23.67
1,12,0,1,0.2,1.27
18,9,6,0,8.4,40.33
6,14,0,0,0.1,5.68
2,9,2,0,4.4,8.93
15,17,5,2,2.3,38.6
14,9,2,1,2.1,32.7
5,14,0,1,0.2,8.03
6,19,2,2,0.8,13.57
6,13,4,0,4.5,11.53
18,9,3,0,6.7,38.71
14,19,5,1,2.3,33.8
10,13,4,1,1.3,15.17
14,20,4,0,0.2,15.64
13,13,0,1,3.4,22.75
3,12,0,1,1.0,6.2
6,15,4,2,0.2,9.44
8,18,4,2,3.3,23.48
12,11,1,0,2.0,16.19
13,13,1,0,0.0,16.43
11,12,6,0,0.4,13.35
12,10,3,0,3.6,24.24
1,17,4,1,0.2,1.21
17,18,2,0,6.0,35.72
16,18,5,0,1.1,28.93
11,9,1,0,0.3,18.35
13,19,0,1,4.3,33.62
18,21,4,0,2.2,22.53
11,17,2,0,1.1,19.79
12,7,5,0,1.6,16.52
6,16,2,0,0.1,7.56
9,13,6,2,3.3,19.28
16,14,2,1,1.4,26.37
4,9,0,0,3.8,11.37
3,9,1,1,3.0,10.08
16,10,2,0,3.2,31.21
12,7,5,1,4.7,22.97
11,12,1,0,3.0,14.79
5,20,6,1,1.6,9.41
18,10,6,0,1.5,33.13
19,11,3,0,0.4,23.96
6,21,0,0,4.5,11.09
18,9,1,0,4.3,35.58
6,13,6,1,0.8,9.98
4,13,6,0,6.0,10.17
12,17,1,0,2.7,23.93
19,10,2,1,2.0,43.06
2,21,5,0,0.1,2.26
17,17,2,1,1.4,36.52
11,11,5,0,3.1,15.69
11,21,6,0,0.3,12.47
16,8,6,2,1.8,37.1
2,6,0,0,15.1,16.86
2,14,1,0,3.8,6.55
8,14,4,1,2.4,14.01
13,8,6,0,2.3,25.13
10,9,5,1,0.1,22.98
8,18,5,2,9.5,29.44
4,12,2,0,7.9,12.85
15,7,2,1,3.4,25.35
1,17,6,0,0.3,2.15
11,8,6,0,0.7,19.54
7,21,3,1,0.6,9.82
17,11,5,1,2.2,27.63
18,16,0,1,0.7,27.65
12,13,1,2,3.6,24.4
9,20,1,0,2.4,12.1
5,6,1,0,0.1,5.42
10,9,5,0,4.1,20.18
4,20,2,0,0.6,6.12
5,6,0,0,5.2,12.12
10,7,1,1,1.3,16.38
11,21,5,0,1.2,13.65
10,13,4,1,0.0,14.89
8,11,6,1,13.2,24.89
2,14,3,0,2.8,4.18
8,7,3,0,1.6,11.14
16,21,1,0,0.3,19.75
5,8,2,0,3.6,12.64
3,14,3,1,1.0,5.76
12,14,3,0,13.3,27.69
13,18,3,1,9.0,38.06
13,11,3,1,4.0,24.12
10,19,1,0,10.6,27.3
4,20,5,1,0.3,5.8
9,8,0,0,1.0,16.5
2,10,0,0,0.9,4.65
19,20,2,0,0.2,22.84
1,7,5,0,10.8,12.1
7,12,6,0,0.2,8.38
17,15,4,2,5.8,36.96
3,16,0,0,4.4,7.88
3,13,4,0,1.4,4.88
3,11,0,0,0.1,3.77
17,13,0,0,0.0,20.16
7,7,2,0,0.7,8.72
14,8,3,0,2.0,27.42
17,21,2,0,1.8,21.94
18,12,0,0,2.6,23.98
13,15,5,0,4.4,20.04
18,17,3,1,1.4,39.68
4,6,5,0,0.5,3.8
1,12,5,1,4.8,6.17
18,11,5,0,1.2,22.82
1,13,3,0,1.0,2.43
13,12,5,0,4.3,17.73
10,9,3,0,8.2,24.22
11,8,4,0,7.4,26.5
9,8,6,2,0.4,22.52
9,20,0,0,2.1,12.95
5,9,1,2,0.3,10.89
1,21,5,0,9.7,10.96
17,20,2,0,0.7,21.15
2,14,4,0,0.7,3.56
13,14,2,0,6.6,22.13
9,18,1,2,10.3,32.86
4,7,3,1,3.6,8.79
5,10,1,1,0.4,10.92
11,21,2,0,2.0,14.49
19,6,1,0,5.1,27.97
3,9,0,2,2.5,9.19
12,7,1,0,0.4,14.77
19,13,5,1,0.6,29.09
19,9,0,0,6.0,38.62
13,21,5,2,2.2,23.25
7,10,6,1,3.7,19.17
15,16,6,2,1.4,26.27
7,9,1,0,2.3,14.44
8,10,0,0,11.3,26.55
5,10,0,0,1.2,9.92
14,10,6,1,3.4,34.1
4,16,1,1,0.6,5.92
10,8,4,0,0.4,17.79
15,12,3,0,4.6,22.86
18,8,3,0,5.6,36.15
13,7,3,1,3.3,22.23
8,8,0,0,0.5,14.76
9,16,6,0,0.8,11.97
16,8,3,0,7.3,35.78
19,13,6,0,1.0,23.99
16,9,0,2,5.1,44.27
7,8,6,0,1.0,13.78
14,15,4,0,8.4,25.84
14,21,1,0,7.4,24.16
4,10,6,0,0.1,6.46
15,9,6,0,4.4,29.94
3,14,1,0,0.6,4.12
5,13,0,0,0.7,5.83
1,16,0,0,1.8,3.1
3,21,6,1,2.6,8.38
15,12,4,1,1.2,23.33
8,20,3,2,2.6,15.62
4,13,4,2,0.6,9.32
2,18,1,0,0.1,2.08
10,10,1,0,2.5,21.21
4,9,5,1,2.2,10.77
3,12,3,0,3.5,6.41
2,6,6,0,3.1,5.29
17,11,1,0,6.8,27.73
13,20,5,0,1.8,17.36
5,13,0,0,0.0,5.47
9,12,1,0,3.0,12.49
6,7,2,0,3.4,11.19
5,19,3,1,2.2,13.02
10,18,5,0,3.5,20.68
8,19,3,2,1.2,20.98
7,12,3,0,0.5,8.14
7,18,2,0,3.3,16.32
6,11,4,0,0.8,7.38
3,18,0,0,1.8,7.3
19,10,3,0,2.0,35.17
15,9,1,0,1.9,27.46
4,6,0,1,2.7,8.84
12,18,1,1,0.1,26.72
6,7,0,0,13.7,21.05
19,20,6,0,3.8,26.92
4,12,0,0,1.7,6.85
15,15,5,0,0.6,18.28
9,8,1,0,0.3,15.59
5,10,1,2,3.3,14.17
13,13,6,0,1.1,17.56
18,18,0,1,0.8,38.93
5,18,3,0,1.4,10.37
16,13,1,1,2.7,25.6
19,11,6,0,3.3,25.84
14,10,2,1,3.1,33.25
16,18,2,1,6.0,43.17
15,7,0,0,0.7,18.83
4,14,4,0,3.0,7.86
7,6,0,2,0.3,11.09
16,16,6,1,2.4,27.75
8,7,0,0,2.6,11.53
17,18,3,0,0.7,32.22
16,6,3,0,1.5,20.27
10,17,5,0,5.3,22.06
10,9,6,0,0.5,17.26
2,9,4,0,1.7,5.06
9,10,6,0,8.1,23.69
17,10,6,1,2.1,38.57
11,13,4,1,3.9,22.41
10,16,6,0,5.3,18.21
17,20,4,1,0.7,26.97
4,16,4,0,0.7,5.28
16,8,4,0,4.3,30.88
15,11,6,2,4.2,29.16
5,17,6,0,0.2,9.43
6,18,0,0,1.2,10.58
17,17,6,0,1.5,31.0
1,8,0,0,5.3,5.23
19,18,5,1,1.6,40.53
4,7,2,2,7.8,14.39
17,13,2,1,17.1,43.0
9,6,5,1,4.6,17.7
2,14,5,1,3.3,4.75
8,16,1,1,1.5,13.74
15,12,0,0,0.2,18.65
7,17,4,2,2.6,18.86
6,15,1,0,1.3,7.0
1,18,3,2,1.3,4.62
15,20,0,0,3.5,20.29
7,17,6,1,1.9,17.13
17,16,5,1,4.2,29.78
2,9,2,2,1.5,7.38
9,8,0,1,0.5,20.86
9,11,5,0,1.9,11.93
13,14,0,0,9.0,23.09
6,20,6,0,4.9,11.04
6,14,0,0,0.7,8.64
3,9,6,0,1.5,7.15
17,15,0,0,7.9,28.42
17,10,3,0,0.4,30.44
12,16,2,2,0.9,22.33
16,18,0,2,0.9,39.24
15,14,5,0,2.5,20.98
13,21,3,0,1.6,17.08
1,7,1,0,0.2,1.0
17,7,0,0,3.0,23.72
3,10,6,0,0.3,6.59
15,6,3,0,2.8,20.73
4,13,4,0,2.1,6.44
4,10,1,0,2.0,10.13
18,17,2,0,0.2,32.18
17,15,0,0,3.1,23.17
19,7,0,1,1.7,28.17
11,17,3,1,1.6,24.35
3,14,2,0,2.7,5.89
8,7,4,0,2.8,11.8
14,12,1,0,0.0,16.59
1,13,5,0,0.4,2.35
14,19,2,0,0.8,25.84
2,11,0,0,3.4,5.59
4,19,3,0,2.6,10.64
19,16,4,0,4.3,27.96
6,12,3,1,4.0,12.75
1,16,1,0,5.8,7.11
17,6,6,0,1.4,21.86
8,9,6,0,1.3,15.68
19,18,2,0,5.3,39.2
1,12,3,1,0.8,2.53
5,21,5,0,1.9,7.65
16,6,5,0,0.6,19.16
6,18,6,0,7.4,18.59
8,6,6,0,1.6,10.6
13,16,3,0,0.7,15.73
16,11,0,0,3.5,22.95
3,9,3,1,0.8,6.43
19,8,4,0,8.6,41.28
12,17,2,0,1.4,22.93
16,20,1,0,3.3,22.56
11,10,5,1,1.3,25.26
10,14,3,2,4.9,22.71
4,15,4,1,6.8,11.99
12,15,6,1,4.7,23.01
2,17,5,2,5.7,10.9
19,19,5,0,0.3,32.36
5,19,1,1,7.7,19.1
8,17,5,2,2.9,20.89
7,16,4,0,6.1,15.43
14,15,5,0,3.5,20.12
3,8,5,1,0.7,7.08
18,10,3,2,2.8,46.79
16,15,3,1,0.3,23.65
19,10,6,1,3.6,44.47
19,14,2,2,1.6,33.66
18,16,0,0,0.5,21.88
16,17,4,0,11.6,39.06
8,15,0,0,6.9,16.46
1,16,0,0,6.7,6.9
17,9,5,0,4.7,34.15
12,6,6,0,3.5,19.0
11,15,1,0,3.2,15.68
5,10,1,2,0.3,11.66
12,6,5,0,6.9,21.71
17,11,6,1,6.4,33.16
6,17,4,2,4.1,20.38
1,21,0,0,7.9,9.33
5,15,2,0,2.4,9.56
14,15,6,1,1.8,22.45
5,20,0,1,10.3,16.76
1,12,1,0,1.9,2.22
18,6,0,0,3.1,23.83
16,15,3,0,1.4,21.56
9,9,3,0,3.0,19.7
19,14,2,0,3.8,27.22
5,18,4,0,2.9,12.16
2,6,0,0,2.2,3.97
15,14,3,2,1.1,27.52
7,13,4,0,3.1,11.35
4,10,6,2,7.2,17.22
1,11,6,1,0.0,2.82
13,12,3,1,0.4,19.58
7,9,4,0,0.4,13.52
15,19,4,0,7.7,33.11
14,19,3,1,3.3,34.53
19,11,5,2,9.1,40.74
18,12,1,0,2.6,25.01
10,16,4,0,1.9,13.02
9,20,6,1,4.7,17.85
8,11,5,0,0.5,10.0
10,16,0,0,1.4,12.59
17,18,5,1,1.9,39.41
2,20,3,0,1.1,2.56
6,17,5,0,1.4,11.09
5,11,1,2,0.2,8.57
9,7,3,0,0.7,12.6
5,10,2,0,1.2,8.48
18,8,0,0,4.8,35.89
9,12,6,0,0.6,11.16
17,9,2,1,1.3,37.99
17,6,5,0,0.2,20.57
12,17,4,0,2.4,22.99
7,17,5,0,2.8,15.44
3,11,6,0,6.0,8.53
10,11,6,0,5.1,16.08
2,12,4,0,1.0,2.04
3,20,2,0,0.4,3.99
16,21,2,0,0.5,20.38
2,16,4,0,10.4,12.55
10,13,1,2,3.4,20.43
6,20,0,0,0.1,7.62
11,8,3,0,0.4,20.13
7,19,2,0,2.0,15.13
15,11,0,1,0.7,23.79
6,15,3,0,4.9,10.55
9,7,5,2,2.6,18.29
12,18,3,0,2.8,22.07
19,19,2,1,1.9,43.07
3,14,1,0,0.9,4.86
15,7,1,1,2.7,25.68
2,8,0,1,3.8,7.11
2,17,5,0,1.4,3.69
3,20,0,0,2.1,5.5
6,20,4,0,5.5,13.71
15,18,1,0,0.5,26.82
10,15,0,1,2.4,16.2
9,17,4,0,1.3,17.05
1,17,5,0,3.6,5.68
16,7,6,0,0.1,19.44
6,14,3,0,3.3,10.93
9,6,0,2,0.3,15.03
4,10,4,1,0.2,6.5
2,21,1,0,3.9,6.69
4,6,3,1,3.1,9.64
1,10,0,1,6.8,9.24
19,13,1,0,2.2,24.61
10,13,6,1,2.3,16.17
15,16,3,0,3.7,22.1
19,13,2,0,1.2,24.35
16,7,1,0,0.1,18.54
4,13,2,1,0.8,6.67
2,17,5,0,0.8,4.48
13,10,0,0,1.2,24.73
1,20,6,0,8.6,9.64
17,6,4,0,4.9,25.14
13,12,0,1,8.2,27.93
4,18,1,0,19.7,25.22
7,11,2,0,1.7,10.56
17,10,2,0,0.8,29.33
9,6,3,0,2.5,13.55
4,19,0,0,6.4,12.96
19,19,0,0,1.9,35.17
1,21,1,0,2.1,3.86
10,6,2,0,0.4,11.59
4,11,1,0,1.6,5.81
9,15,1,0,1.5,12.46
13,17,5,1,1.3,28.87
14,12,2,0,6.5,22.64
10,15,1,1,0.2,14.66
6,15,2,0,10.7,18.04
16,6,1,0,0.0,19.31
6,21,4,0,8.7,15.44
17,14,1,0,2.4,22.83
10,20,1,0,3.6,14.53
18,9,6,1,0.6,38.52
18,10,4,0,3.2,32.8
3,7,0,0,6.4,10.59
15,19,2,0,0.5,27.7
15,17,6,1,0.4,33.16
4,15,3,2,1.1,8.49
9,18,4,0,0.5,15.87
19,13,6,0,0.4,23.49
17,19,0,0,3.4,33.34
11,7,1,1,0.7,17.38
9,8,5,2,3.3,25.49
10,20,0,1,5.9,21.21
18,17,4,0,3.2,33.91
13,20,5,0,0.4,16.82
8,14,1,1,2.6,13.89
7,7,0,1,1.5,10.89
17,19,3,1,1.3,37.02
15,11,2,0,1.2,19.08
15,17,2,0,8.0,35.2
1,9,4,0,4.1,4.63
14,12,6,1,0.4,21.71
5,19,1,0,1.9,10.88
11,19,1,0,1.1,20.82
16,11,2,0,11.4,30.02
2,15,0,0,11.5,13.86
8,19,1,0,1.2,13.99
11,14,3,0,1.3,15.0
18,19,3,0,2.7,34.47
3,14,1,2,2.0,7.64
1,15,1,2,0.7,3.2
11,9,2,0,3.2,22.77
16,21,4,1,1.2,24.02
18,6,2,0,3.2,24.18
16,7,4,2,1.5,28.74
10,21,3,1,3.6,18.8
18,13,4,0,3.3,24.39
6,19,2,0,2.1,12.39
19,15,1,0,3.7,26.49
4,13,4,1,1.9,6.61
13,19,2,0,0.4,21.52
14,20,3,0,0.6,18.22
3,7,5,0,0.8,4.65
10,21,4,2,0.2,15.64
6,9,3,2,3.7,18.36
1,6,3,0,1.4,2.28
14,12,0,1,0.3,21.05
8,9,5,1,5.1,22.62
19,16,4,1,3.5,32.45
14,19,2,0,1.8,26.05
10,13,4,0,0.9,12.89
17,14,4,0,0.5,20.53
9,17,5,0,1.8,17.05
6,14,6,0,6.5,13.81
11,8,3,0,0.6,18.03
7,10,3,0,2.5,13.68
17,11,3,0,9.8,29.01
1,11,3,0,3.0,3.78
5,15,5,0,1.7,7.68
9,13,2,1,3.8,17.1
18,11,1,2,5.2,34.91
2,11,0,0,2.7,5.65
11,9,6,1,6.2,31.29
6,12,6,0,2.2,10.71
8,19,3,1,5.3,23.23
4,19,3,0,9.1,15.75
18,13,0,0,2.1,25.0
11,8,3,0,2.8,23.05
5,12,1,0,2.8,9.18
15,8,6,0,4.6,30.62
18,13,4,0,5.2,26.06
2,6,0,0,0.1,3.25
11,6,6,1,4.0,20.36
13,19,2,0,4.6,26.7
4,11,6,0,3.6,9.25
7,15,0,0,3.8,12.28
11,14,1,1,0.1,16.68
4,17,5,0,1.8,7.91
15,19,2,0,5.1,32.36
1,9,4,0,8.2,10.06
3,11,3,0,0.8,4.01
14,21,0,0,2.6,19.35
6,17,2,0,4.9,15.35
18,10,0,0,4.2,36.28
1,17,4,0,2.9,3.35
6,20,0,0,0.1,7.17
6,6,6,0,3.9,11.1
16,11,6,0,4.5,24.2
5,14,2,2,3.8,11.63
17,20,1,0,4.4,24.68
10,20,5,1,1.7,17.76
18,17,2,0,15.2,45.85
7,8,0,0,4.4,16.85
3,16,4,1,2.6,7.57
13,20,6,0,8.2,21.84
15,8,3,0,7.2,33.69
19,19,3,0,5.1,38.11
3,7,4,0,2.5,5.88
4,18,0,1,2.2,12.85
5,9,5,0,1.2,11.44
1,15,4,0,0.9,2.85
4,8,0,1,2.2,11.76
12,17,2,2,2.6,31.96
10,7,5,1,0.8,15.7
13,6,1,0,7.7,23.01
14,8,0,1,2.4,34.74
5,21,3,1,2.2,10.27
4,15,3,1,1.7,8.7
14,21,6,1,0.2,20.99
10,11,5,2,6.4,23.16
17,14,1,0,1.1,21.14
10,16,0,0,3.1,14.4
7,10,1,1,2.8,17.68
16,20,6,0,2.6,22.4
1,8,2,0,2.2,4.72
17,21,1,0,0.6,19.7
9,19,2,1,1.0,20.36
6,10,3,0,2.2,13.51
19,10,2,0,4.7,37.47
13,10,0,0,1.7,25.3
3,17,5,0,0.7,6.81
7,17,5,0,0.3,11.41
9,21,0,0,3.3,13.83
5,12,0,1,1.7,8.57
10,10,0,1,0.4,21.84
17,12,4,1,3.4,29.45
12,14,6,0,0.7,14.54
16,10,2,0,2.1,29.41
3,7,0,0,1.1,4.75
9,10,5,0,8.1,23.13
15,13,1,0,0.8,19.14
5,17,1,1,1.6,11.77
13,9,4,0,9.6,32.78
14,7,2,0,1.2,17.78
15,15,2,2,3.1,26.89
16,8,6,0,1.1,29.69
13,14,2,2,0.4,21.46
17,14,5,2,3.0,31.84
8,13,5,0,7.4,17.14
2,13,6,0,1.8,3.92
5,13,4,1,3.0,9.86
6,13,2,0,2.8,9.78
12,21,2,0,1.6,16.41
18,13,0,1,2.9,30.36
1,6,2,0,0.9,3.52
17,11,5,0,1.4,21.79
11,17,0,0,1.8,22.26
10,14,0,1,6.0,20.71
19,13,2,0,1.3,22.67
14,8,1,0,3.0,27.02
10,16,3,0,0.7,13.64
15,6,5,0,0.9,17.8
19,7,1,1,3.1,31.42
4,16,2,1,4.3,10.34
2,20,2,0,1.9,5.24
9,7,1,0,1.2,12.39
10,12,2,0,7.2,18.52
11,17,5,0,0.4,20.59
14,11,6,0,3.8,21.44
7,16,0,0,3.5,12.27
15,7,4,0,3.5,22.11
19,13,2,0,8.2,30.96
15,20,2,1,3.9,25.89
8,14,1,1,1.1,14.21
11,20,0,0,1.3,15.14
9,12,1,0,1.5,11.13
15,9,6,1,0.1,30.45
1,18,5,2,7.3,7.81
1,18,1,0,0.2,2.88
19,6,2,1,3.6,32.72
3,9,0,1,3.9,9.58
10,9,5,0,5.6,22.89
8,13,2,0,2.4,13.27
15,9,5,0,3.9,31.5
10,9,2,0,1.1,19.47
1,18,2,0,4.1,6.25
18,7,2,2,1.3,30.36
2,17,4,1,7.0,10.79
19,15,3,0,0.5,23.32
13,12,0,0,1.1,17.34
1,20,6,0,2.1,3.48
2,9,4,0,4.5,7.9
16,16,3,0,4.1,24.58
15,11,5,2,0.7,25.46
13,8,3,0,0.5,23.09
16,12,3,0,1.1,20.56
17,11,4,0,2.0,23.03
7,8,0,0,2.3,15.15
17,9,1,0,1.7,34.04
7,15,3,0,3.3,13.41
13,19,1,0,1.7,23.49
5,10,1,0,8.8,17.74
17,14,2,0,0.9,21.88
3,19,1,0,3.0,7.6
7,11,5,0,2.8,12.31
17,18,5,1,1.0,38.59
7,9,2,0,1.6,13.12
1,16,0,0,1.4,1.85
17,16,6,0,0.6,21.0
17,12,0,0,1.9,21.87
11,7,5,1,1.5,18.73
3,9,6,0,0.6,6.57
15,10,2,1,1.8,35.34
11,9,0,0,1.6,20.14
16,9,6,0,0.4,27.22
9,16,6,1,0.4,15.01
1,18,3,0,3.1,4.38
16,21,0,0,3.7,22.13
9,14,2,1,8.5,19.59
19,19,6,2,0.3,47.62
12,16,5,0,0.4,14.81
19,18,3,0,0.2,33.17
9,7,1,0,2.3,12.26
7,11,1,0,2.9,10.98
14,19,1,0,1.6,25.72
19,13,5,1,4.8,33.3
19,13,6,0,3.5,27.41
2,16,2,1,12.8,15.59
9,12,1,0,0.4,11.32
13,15,0,0,0.2,15.82
15,16,1,2,1.0,25.67
3,9,6,0,0.1,6.97
11,12,4,0,8.1,20.99
14,18,5,0,1.1,23.98
8,21,4,1,2.4,13.56
18,15,1,0,1.1,23.46
19,11,6,0,0.8,23.47
16,16,1,0,0.5,19.89
2,21,4,0,1.2,3.9
8,11,6,1,2.9,15.75
6,7,5,0,10.7,18.48
12,13,5,0,2.4,16.88
15,13,1,0,2.3,20.77
8,19,5,1,0.1,15.73
4,16,3,1,5.5,10.66
15,12,6,1,0.1,22.39
17,16,6,0,7.1,26.58
13,14,5,0,2.3,17.14
18,13,6,0,0.6,20.8
2,19,4,1,1.8,6.59
13,14,2,1,15.9,35.93
13,20,4,2,1.1,22.82
15,14,0,0,0.9,19.59
10,11,3,0,0.4,12.17
3,7,2,0,2.7,8.02
19,17,1,1,0.3,42.37
3,12,6,0,4.4,6.33
14,8,0,1,7.5,37.61
8,18,0,0,8.1,23.14
4,12,3,0,0.3,4.28
11,14,2,0,2.5,15.54
11,15,0,0,0.3,13.78
11,19,2,0,2.5,20.68
2,15,2,0,5.1,8.26
17,7,5,0,2.3,23.19
9,19,0,0,6.2,20.77
2,18,2,1,4.9,9.06
15,11,3,1,1.0,23.37
16,18,0,0,3.0,33.34
4,11,3,0,0.0,5.97
8,14,3,0,1.5,10.13
9,18,2,2,0.8,21.48
5,14,2,0,8.3,14.13
16,20,5,0,1.6,21.46
13,18,6,1,3.2,30.6
7,10,5,0,4.0,17.04
17,19,0,1,4.5,42.23
3,10,5,0,4.0,8.3
5,14,1,0,1.0,6.16
19,13,0,0,3.5,26.44
12,12,3,1,2.4,19.9
7,13,5,1,2.7,14.72
9,11,5,0,0.0,10.2
6,8,6,0,0.9,12.9
17,12,5,0,8.0,29.16
16,13,2,2,1.0,26.82
3,20,3,0,1.7,5.44
4,13,5,1,0.6,5.55
10,6,4,0,0.4,13.11
5,21,4,0,0.7,6.05
10,12,3,0,2.4,14.1
12,8,5,1,7.5,32.13
10,7,6,1,1.2,15.89
13,19,1,0,1.2,24.41
11,7,6,0,2.5,16.68
16,19,1,0,1.3,29.36
8,20,0,0,7.2,16.72
8,19,0,2,1.4,21.82
8,13,6,0,2.0,12.06
13,14,5,1,2.3,22.77
2,8,6,1,4.6,10.0
12,19,0,1,2.5,28.54
10,8,2,2,0.8,25.21
12,11,1,0,0.4,14.36
11,16,3,1,8.3,24.46
15,15,6,0,4.9,21.7
16,6,5,0,0.1,19.96
17,11,5,1,5.2,30.94
2,17,4,0,2.7,5.18
18,8,1,1,2.2,39.99
12,16,1,1,0.0,17.63
19,21,1,1,4.6,33.26
18,9,6,0,0.7,32.14
17,14,0,0,3.9,24.23
6,8,2,0,0.0,10.07
15,6,6,1,4.8,27.36
3,8,3,0,0.1,4.85
6,12,0,0,0.8,8.71
3,18,6,0,0.9,7.99
1,12,2,0,0.5,1.54
13,16,1,0,2.0,18.53
14,10,2,0,1.0,24.82
13,19,0,0,15.0,37.04
4,6,6,1,2.6,9.11
7,16,1,0,2.5,11.25
10,13,6,0,0.7,12.86
7,15,0,0,1.6,9.56
15,13,3,1,0.4,23.3
15,15,1,0,4.3,20.8
4,17,2,0,1.2,8.75
6,15,0,0,4.2,10.79
5,18,4,0,1.4,9.7
12,15,2,0,13.5,26.73
1,7,2,0,0.6,1.0
8,15,1,1,0.0,11.51
1,8,6,0,2.7,5.16
5,9,5,0,9.2,15.7
6,6,2,0,3.1,11.74
3,9,0,0,0.3,4.99
15,21,4,2,2.3,27.26
5,10,3,0,7.2,16.3
14,8,4,1,0.0,29.54
18,19,0,1,0.5,40.91
16,16,1,0,5.1,24.18
6,20,0,2,6.7,17.5
14,15,5,0,3.7,19.65
8,21,5,0,14.3,24.19
7,7,5,0,0.3,8.96
8,18,2,0,2.4,15.9
13,11,1,0,3.5,19.89
6,13,6,0,3.6,10.57
18,12,5,0,4.7,26.31
2,16,6,0,7.5,10.85
8,19,3,0,1.3,14.93
11,6,3,0,0.1,12.72
1,9,6,0,1.4,2.95
6,8,0,0,3.3,11.67
16,11,5,0,0.7,19.78
12,14,2,0,5.0,19.84
11,14,3,0,0.7,14.82
10,12,4,0,0.0,11.55
3,20,1,0,2.1,5.42
13,17,4,2,3.9,35.55
3,14,6,0,1.3,4.52
15,13,3,0,4.1,20.19
16,10,3,0,1.7,31.49
13,14,0,0,0.6,16.56
17,19,0,0,0.3,29.59
3,12,5,0,3.7,7.48
11,10,6,0,1.5,18.9
19,21,1,0,7.3,30.2
11,20,5,1,2.3,19.62
16,13,0,0,1.3,21.38
3,20,2,0,1.3,5.38
6,12,1,1,0.4,8.84
14,14,2,0,2.7,18.83
18,15,5,1,2.6,29.05
17,6,0,0,4.8,25.46
4,20,1,0,0.7,4.87
15,18,5,0,1.0,27.67
11,14,3,2,0.3,20.36
3,20,5,0,1.1,5.44
3,12,6,2,1.7,7.12
16,6,4,0,10.0,28.73
5,6,3,0,3.2,9.67
10,10,2,2,4.6,26.94
19,13,3,0,1.2,23.59
4,14,5,2,0.5,7.85
19,17,3,0,0.9,33.08
11,11,4,2,0.9,19.54
2,17,6,0,2.6,6.71
10,18,5,0,1.3,19.56
11,15,4,1,5.8,23.02
16,17,3,0,13.4,40.23
19,13,4,0,1.3,25.49
11,20,3,0,3.7,15.97
14,11,1,0,3.2,19.86
2,16,3,2,0.6,4.57
5,11,0,0,7.5,11.62
5,9,4,0,0.7,9.53
19,16,6,0,4.0,25.15
12,10,4,1,1.3,26.27
18,21,2,0,1.4,22.96
4,19,6,0,1.8,9.75
17,7,6,0,6.0,26.46
10,8,2,0,0.5,18.69
6,8,0,1,0.2,13.49
14,19,4,0,1.5,24.93
11,17,6,0,0.2,19.35
11,16,4,0,3.5,15.69
18,10,6,1,4.3,44.01
18,19,2,0,5.8,37.63
11,10,2,0,4.1,22.92
12,11,3,0,7.4,21.79
5,10,5,1,4.1,15.63
9,17,4,0,8.3,23.83
9,11,4,0,0.6,12.33
10,13,6,0,2.1,13.69
19,20,3,0,15.3,38.88
1,7,4,2,3.4,4.93
7,9,6,0,6.3,17.28
4,18,0,2,0.1,9.73
1,21,2,0,6.2,7.61
15,11,2,0,3.6,21.34
8,17,5,0,0.6,15.11
12,10,2,2,0.1,29.54
18,6,1,0,0.9,21.94
15,14,0,1,7.4,28.85
17,8,0,0,3.3,32.52
14,7,3,0,7.6,24.56
14,14,1,1,1.8,21.57
18,12,4,2,8.3,38.85
18,10,5,0,1.9,33.74
16,17,0,0,0.7,28.01
1,11,1,0,0.5,1.59
11,17,1,0,15.3,32.99
15,16,6,0,1.2,18.6
12,21,0,0,0.5,14.9
8,9,6,0,0.0,14.99
6,6,3,0,1.0,8.38
3,9,1,2,6.6,14.7
13,14,2,0,2.3,19.03
13,6,1,0,3.0,19.07
2,15,4,2,7.7,11.55
5,8,0,0,2.2,11.55
17,20,4,0,5.5,25.61
6,20,3,0,1.2,9.39
2,10,5,0,11.3,15.04
4,12,2,1,0.2,5.88
11,14,0,0,3.9,18.08
8,11,1,0,3.2,12.73
12,8,2,0,0.6,21.03
8,18,1,2,1.5,20.3
11,12,3,0,1.1,14.1
8,20,5,0,0.3,8.82
8,19,0,0,2.6,16.0
17,9,3,0,15.2,45.78
16,8,3,0,2.5,31.17
14,19,5,0,2.4,26.13
11,12,3,0,0.1,13.17
7,16,3,0,0.4,9.28
16,16,1,0,2.2,21.34
13,12,6,0,12.6,28.0
15,9,4,1,6.3,37.27
16,17,1,0,1.2,29.62
9,12,5,0,2.3,12.63
3,16,2,0,2.4,5.36
19,19,5,0,3.5,36.69
5,7,5,0,3.5,10.02
10,6,5,1,4.7,19.27
17,17,5,0,0.1,28.69
15,20,3,2,8.6,32.34
8,21,5,2,0.2,13.58
15,7,2,0,1.9,20.8
14,9,5,1,7.6,38.72
7,13,1,0,2.0,9.61
12,8,3,0,0.2,20.62
17,20,1,0,0.8,21.95
17,15,3,0,2.6,22.75
10,20,1,2,0.3,15.48
19,11,0,1,1.7,28.35
14,11,4,1,1.2,22.66
11,18,4,0,5.1,23.99
2,14,3,0,0.4,1.17
18,14,0,0,3.4,24.22
7,9,2,0,1.6,13.13
12,14,0,0,2.7,16.89
2,20,6,0,0.7,3.6
18,20,3,0,2.8,25.21
6,18,0,0,3.4,12.3
10,21,2,0,0.2,12.98
15,11,3,0,5.2,23.86
5,21,4,1,5.9,13.14
3,21,5,0,0.2,3.33
5,7,0,0,2.8,8.65
8,15,4,1,2.7,13.31
8,19,4,2,0.0,18.4
8,16,1,1,1.3,13.47
12,11,2,0,10.4,24.05
8,7,6,0,2.4,11.68
11,13,5,2,8.1,26.59
14,9,0,1,3.4,33.71
8,10,4,0,0.1,14.85
10,13,4,0,0.2,13.72
7,19,6,0,3.8,17.06
17,16,2,0,2.4,22.59
4,13,5,0,0.4,4.76
13,17,5,0,2.9,25.51
4,19,6,2,5.0,14.58
5,17,4,0,4.2,12.24
4,21,4,1,0.8,7.31
18,11,4,0,0.9,22.67
6,9,4,0,10.3,20.41
2,20,1,0,6.6,9.53
11,6,1,1,1.1,17.46
14,17,6,0,5.2,29.83
5,12,5,0,0.5,7.16
6,13,3,1,0.7,10.01
10,14,0,0,0.6,13.68
8,7,2,2,0.3,13.21
14,6,3,2,5.8,29.12
3,9,1,2,2.6,11.95
12,18,1,0,0.9,23.66
16,10,1,0,5.7,32.97
17,15,3,2,4.9,32.56
1,17,1,0,0.3,1.0
10,6,3,0,3.1,15.03
10,10,1,1,3.8,26.93
2,11,4,0,3.8,6.32
9,8,4,1,3.9,22.52
13,17,0,1,0.6,30.22
16,20,1,1,1.1,23.72
18,12,6,0,5.6,28.01
19,19,0,0,6.9,40.06
12,11,3,0,1.0,15.06
8,9,0,0,0.1,14.81
17,8,1,0,5.9,34.41
15,10,3,0,1.4,26.25
10,8,6,0,1.2,18.87
15,15,3,0,1.3,19.05
15,14,4,1,1.6,22.92
7,14,3,0,1.4,10.01
13,11,3,0,2.5,17.94
17,18,0,0,0.2,30.4
9,16,6,1,10.7,24.85
8,11,5,0,8.3,17.33
18,17,3,0,8.2,37.9
13,19,2,0,6.3,29.51
16,9,5,0,3.2,30.85
9,9,4,2,0.7,23.59
12,7,6,2,0.2,21.01
12,15,6,0,0.3,15.27
6,9,4,1,1.2,14.21
19,13,3,1,2.1,30.24
7,18,0,2,15.0,32.22
3,15,5,0,1.7,4.9
16,7,4,0,2.2,22.84
18,14,4,0,3.6,25.98
16,19,2,0,0.6,27.85
7,6,3,0,8.1,16.21
4,18,5,1,2.3,9.68
8,7,4,1,1.0,12.87
13,20,6,1,8.2,28.54
13,21,4,0,2.9,19.05
17,7,4,0,2.0,22.74
17,16,4,0,2.6,22.44
5,18,0,0,4.1,12.08
6,20,1,2,0.5,11.24
19,19,2,0,6.0,38.0
13,11,6,1,9.6,28.01
14,20,0,0,2.5,19.73
4,19,2,0,3.4,10.8
7,21,4,0,5.9,15.51
8,12,2,0,1.4,10.88
13,18,3,0,14.8,37.36
6,20,3,0,3.4,10.91
6,20,1,0,1.7,8.14
3,8,1,2,3.4,9.53
3,16,2,1,2.2,6.63
13,14,0,2,0.4,22.24
2,10,0,1,4.8,7.92
16,10,4,1,2.5,35.99
6,16,0,0,4.8,12.84
8,17,1,0,0.5,14.31
8,9,0,0,2.3,16.28
6,14,4,1,4.4,14.72
14,13,3,0,13.3,30.87
3,17,0,0,6.5,11.11
10,9,0,2,6.0,31.32
3,9,1,0,0.9,5.63
12,21,2,2,5.5,24.79
17,7,3,1,0.6,26.34
5,14,2,0,0.7,6.33
9,8,4,0,0.3,16.14
7,9,4,1,5.8,20.43
4,19,2,0,0.3,7.94
13,12,1,1,0.4,20.53
13,15,5,1,0.8,19.95
10,13,1,0,2.6,14.96
18,13,5,0,6.4,28.37
17,21,5,0,1.6,21.4
13,9,1,0,2.4,25.49
17,20,5,0,0.5,21.15
4,12,5,1,0.9,5.32
1,15,5,0,0.4,2.15
1,6,3,1,1.6,3.94
15,21,4,0,2.7,20.69
13,11,5,0,1.0,18.1
17,11,4,0,5.6,26.1
8,11,6,1,11.9,24.08
18,21,4,0,0.4,20.62
13,17,6,0,0.1,22.96
14,7,3,1,4.7,26.52
8,13,4,0,0.6,9.15
8,19,2,0,1.3,13.9
15,20,0,0,1.5,19.41
13,21,3,1,7.5,27.42
7,20,0,0,3.2,12.57
5,10,2,0,0.1,10.13
17,21,1,0,0.0,20.97
16,10,1,2,0.7,38.77
2,7,5,0,1.1,3.72
18,21,1,0,2.0,23.96
17,9,3,0,5.5,33.92
7,17,1,0,1.1,14.35
13,14,3,1,1.4,22.11
18,14,3,0,1.2,23.19
14,11,0,1,0.0,20.05
18,16,1,1,9.3,36.25
13,20,4,2,0.4,22.84
11,14,6,0,1.0,14.78
16,9,1,2,0.4,39.71
17,20,1,0,2.0,22.72
8,16,1,1,8.1,19.93
19,6,5,0,0.3,23.4
15,7,4,1,1.7,24.58
9,18,4,0,0.1,18.03
10,6,3,1,4.4,20.04
12,13,4,2,3.1,23.99
1,14,3,1,3.6,4.86
9,21,6,1,1.9,15.19
15,15,0,0,7.1,23.92
1,17,3,0,1.6,4.2
12,11,1,2,2.2,22.86
3,7,2,0,3.6,7.05
11,11,2,0,2.2,15.44
2,14,5,0,0.6,3.13
16,17,1,0,1.1,29.18
9,8,3,0,0.3,17.05
15,14,1,0,1.7,18.79
12,7,5,0,2.8,16.54
1,16,4,0,0.4,2.26
13,10,3,0,3.0,26.53
14,16,6,0,6.7,23.37
8,7,1,0,1.2,11.28
8,12,4,0,0.8,10.51
12,16,5,2,6.7,25.9
1,15,4,0,3.5,5.21
11,20,3,1,0.3,17.7
8,14,5,2,1.6,14.3
10,12,5,0,3.4,14.69
19,17,5,0,2.6,34.19
11,10,0,0,2.9,22.4
7,20,5,0,2.5,9.97
11,9,0,0,4.8,25.2
17,17,4,0,1.2,30.86
1,9,6,0,3.7,5.65
8,20,0,0,14.2,24.83
6,15,4,2,1.5,11.07
18,13,0,0,4.7,25.69
6,15,4,2,0.8,10.92
5,18,4,0,1.0,10.18
13,15,6,0,8.2,24.47
19,19,5,0,0.1,32.74
8,15,6,2,0.7,13.96
9,15,6,0,2.0,12.75
17,15,5,0,1.5,22.47
3,6,4,1,3.0,6.92
19,10,5,0,0.6,34.23
11,19,4,0,0.2,19.89
17,7,5,2,1.4,29.85
19,21,2,1,2.2,30.48
2,18,0,0,2.5,7.01
8,16,6,0,2.8,11.86
19,14,4,2,2.4,35.29
7,12,1,2,0.8,12.26
17,21,5,0,4.3,24.84
6,15,5,1,0.3,8.93
19,13,3,0,0.7,24.32
6,11,1,0,4.0,9.61
2,14,1,0,1.0,2.86
6,11,6,0,2.0,9.57
5,12,2,0,1.2,7.19
19,12,0,0,2.1,24.79
4,21,2,0,1.3,6.14
17,14,0,0,15.5,35.12
11,16,4,0,1.3,14.42
4,13,6,2,3.0,10.11
13,18,2,1,6.6,35.25
17,6,3,0,3.0,23.39
9,9,0,2,2.5,25.44
4,12,2,0,2.5,6.67
14,16,6,0,2.1,17.95
19,13,3,2,4.9,37.09
3,12,6,0,0.2,2.21
14,17,1,0,6.5,31.19
8,8,5,0,2.6,16.75
1,20,4,0,5.7,6.17
10,9,6,0,0.0,16.51
18,17,4,2,6.1,51.59
16,12,6,0,0.4,18.7
8,13,1,2,3.8,16.17
1,12,6,2,1.6,1.55
12,11,6,0,3.4,18.25
8,14,2,0,3.0,11.96
16,14,5,0,0.5,19.09
18,16,1,0,2.2,23.48
4,18,3,0,1.0,8.52
6,12,5,2,2.5,12.22
12,13,0,1,4.0,22.53
9,11,2,0,0.3,11.97
15,6,5,0,2.2,20.54
16,6,0,0,2.9,22.68
12,21,1,0,1.1,16.25
14,11,6,2,9.2,32.9
13,7,4,1,2.2,21.86
2,19,5,0,0.6,3.63
3,13,5,0,0.3,3.77
10,6,0,0,2.3,14.15
9,18,0,0,1.4,17.07
8,7,4,0,0.6,11.2
10,13,0,0,0.1,11.46
19,21,0,0,2.5,25.55
3,17,5,0,2.7,7.54
5,11,4,0,0.5,7.42
3,17,4,0,2.8,9.37
16,15,6,0,9.1,29.79
17,7,5,0,11.5,31.46
15,7,6,0,6.6,24.43
3,16,1,0,4.9,8.73
12,19,1,1,0.7,29.62
9,21,5,0,0.5,10.81
12,12,0,0,1.8,16.31
15,10,2,2,2.9,39.37
2,10,1,0,5.7,9.48
18,13,1,1,0.8,27.44
12,17,5,0,2.0,21.71
4,21,6,0,3.1,7.7
16,17,5,0,1.8,28.1
16,12,2,0,1.8,21.03
1,17,2,0,0.8,1.73
2,19,4,0,13.0,17.93
3,14,5,2,1.9,7.62
17,9,1,0,2.3,31.5
1,15,6,0,0.7,2.47
6,9,6,0,2.2,12.33
15,7,3,1,0.9,24.2
14,8,3,1,0.7,31.51
15,6,0,1,1.0,23.13
14,6,1,0,0.0,16.09
5,12,3,0,2.5,7.88
6,19,6,0,1.5,12.64
17,21,1,0,6.9,25.21
11,19,5,1,0.1,23.0
16,10,1,2,0.1,38.79
12,8,3,0,6.5,28.54
15,12,6,0,0.4,17.6
4,19,1,0,0.0,7.62
18,7,2,0,0.6,21.45
3,8,0,0,5.2,9.52
8,6,4,0,4.9,15.28
3,21,6,2,1.2,5.11
8,13,3,0,3.3,14.83
18,7,5,2,2.1,32.18
10,20,4,0,7.1,19.29
17,12,0,0,0.2,20.17
8,16,6,0,5.0,14.96
11,14,6,0,0.6,13.74
5,11,2,0,1.5,7.02
13,7,2,0,0.6,15.17
5,7,2,0,3.6,9.53
13,14,2,2,3.4,23.45
6,15,3,0,2.4,10.32
5,13,6,1,3.6,12.02
9,19,3,0,3.1,17.52
16,19,1,0,4.5,31.77
2,19,5,0,0.8,4.82
1,14,1,1,1.7,3.92
8,9,5,0,0.5,13.06
19,9,0,0,1.7,34.73
11,20,1,0,3.6,17.39
12,20,0,0,3.5,17.75
12,21,0,1,3.7,21.46
7,7,0,0,1.1,10.42
13,19,2,0,3.3,26.98
8,15,4,1,1.4,14.02
9,6,4,0,8.7,19.09
7,15,3,0,1.3,9.6
15,18,0,0,2.8,28.24
2,9,2,1,4.2,10.79
12,15,1,2,7.1,27.35
1,15,1,0,1.7,1.99
8,16,3,1,1.3,13.04
5,13,3,0,1.7,6.42
15,7,0,0,1.2,19.34
1,18,0,0,3.2,5.32
1,17,1,0,8.1,10.45
10,16,1,0,0.4,12.62
10,13,1,1,2.5,16.08
15,6,1,0,6.8,24.67
17,20,4,2,0.3,29.98
6,6,0,0,2.0,9.45
3,9,0,0,6.0,11.41
13,12,1,0,6.9,22.63
16,14,2,0,2.2,22.45
8,21,1,1,0.1,12.27
15,10,5,0,0.3,25.52
17,7,6,2,2.7,32.24
17,17,6,2,0.4,40.68
13,12,3,0,0.5,17.04
17,16,5,0,4.4,24.73
6,7,2,0,4.2,11.4
17,14,3,0,5.6,26.06
16,14,6,0,0.3,19.39
14,8,2,0,0.7,25.78
13,18,3,0,5.4,28.08
6,21,1,1,3.8,12.8
3,13,1,0,4.9,9.12
14,16,2,0,13.7,30.47
14,9,3,0,6.0,29.71
15,8,4,2,2.2,37.06
8,6,2,0,1.1,10.96
15,10,2,0,2.5,28.84
13,18,5,1,3.1,31.45
17,19,0,1,1.2,37.41
3,16,2,1,4.4,7.81
6,9,4,0,0.3,9.18
5,6,1,1,4.5,10.85
17,15,3,0,0.1,21.01
2,21,0,2,2.1,5.48
15,13,3,0,5.9,24.81
5,13,1,2,0.3,8.3
6,18,2,2,2.2,17.49
6,13,5,0,0.5,7.71
18,8,4,2,6.8,50.56
18,11,0,0,5.4,27.65
4,17,4,0,8.2,15.7
17,17,6,0,6.2,36.87
14,12,4,2,4.0,27.68
14,21,4,0,0.6,17.6
13,14,4,0,1.1,16.98
7,10,1,0,2.1,15.16
12,14,4,2,2.7,22.13
15,21,5,1,4.6,26.93
19,11,4,0,0.8,25.0
11,15,1,0,0.4,13.45
15,21,3,0,2.0,21.52
12,15,1,0,0.5,15.0
3,15,6,0,3.5,7.05
17,9,6,0,2.6,34.3
3,18,5,1,4.1,10.49
19,21,5,0,0.2,22.55
4,6,2,0,10.0,15.37
3,6,1,0,0.0,3.97
16,19,3,0,1.2,30.2
12,15,2,0,3.4,18.19
8,10,2,0,0.1,14.07
17,18,0,1,0.3,35.33
7,19,4,0,0.2,12.62
11,8,2,0,2.6,21.21
18,10,2,1,6.8,48.04
1,10,5,1,2.4,4.05
3,6,3,1,2.8,7.67
4,19,2,2,1.3,11.04
13,13,6,1,0.1,19.03
6,10,3,0,0.1,9.29
14,10,4,1,6.6,37.28
5,14,6,0,0.3,7.02
16,13,5,0,25.0,45.29
15,21,6,0,0.5,18.36
15,18,0,0,3.4,28.27
4,6,0,0,8.9,13.48
8,8,4,0,1.3,15.33
16,17,4,0,4.0,31.17
16,12,6,1,1.3,25.08
4,6,5,2,1.1,7.97
13,6,5,0,0.7,16.45
13,10,1,1,5.2,31.51
2,14,2,0,0.9,3.69
3,11,2,2,1.0,5.1
8,15,2,0,20.6,30.4
15,7,3,0,1.2,18.39
11,16,1,0,1.6,14.74
9,21,6,0,13.8,25.69
7,14,2,0,1.4,9.15
13,21,3,0,1.4,16.38
2,11,3,0,5.3,7.22
8,10,0,0,1.1,16.26
7,10,3,0,0.8,13.48
12,20,4,2,1.7,21.21
19,17,5,0,3.6,35.05
7,8,3,0,0.1,11.85
10,19,4,0,1.4,18.94
16,21,4,1,1.3,25.72
3,11,0,0,0.8,4.16
10,20,6,1,3.2,18.1
6,20,0,0,1.0,6.46
18,18,3,0,2.8,34.67
18,21,0,0,2.1,23.64
5,9,0,0,0.7,9.58
7,18,6,0,0.9,11.77
2,17,5,0,0.6,4.02
11,15,2,0,0.2,13.79
13,19,3,1,2.9,31.77
5,20,6,0,3.4,8.76
6,7,3,0,0.5,7.52
14,21,3,0,2.9,19.83
12,18,0,0,12.1,34.12
4,8,5,0,0.2,7.36
6,14,0,1,2.0,11.46
10,16,4,1,4.0,18.75
18,16,1,0,0.1,22.02
15,14,1,2,4.5,29.75
8,11,6,0,11.7,20.9
9,15,1,0,0.3,10.55
5,15,6,0,5.2,10.78
10,19,2,0,1.4,18.68
6,14,0,0,0.5,7.12
16,9,4,0,2.0,29.75
3,16,4,0,0.2,4.02
10,10,1,1,2.2,22.41
11,15,5,0,0.1,13.5
11,11,2,1,3.9,19.8
17,18,6,0,2.0,31.25
4,20,2,0,1.8,6.18
4,14,1,1,0.7,7.35
17,18,6,0,1.3,31.54
9,21,6,0,0.6,12.12
19,10,1,0,4.0,38.21
5,13,0,0,0.7,6.43
6,16,5,0,2.9,8.88
3,6,2,0,1.0,4.82
1,10,4,1,3.2,5.62
16,15,1,0,2.3,21.57
11,6,0,0,1.7,14.42
13,15,4,0,3.4,19.94
10,19,2,0,1.6,19.69
3,11,1,0,5.2,9.45
9,12,6,0,3.9,14.37
12,17,5,0,2.3,23.81
14,19,1,1,6.3,35.5
1,10,5,0,5.3,6.46
18,6,0,2,2.3,32.3
17,11,0,0,0.2,20.82
9,15,2,0,2.5,12.36
9,10,5,0,1.3,17.05
10,11,1,1,2.3,17.12
19,21,0,0,3.1,26.19
15,21,1,1,3.1,25.31
5,16,2,1,3.4,10.97
15,15,5,1,3.4,25.77
2,20,1,0,0.3,4.4
13,12,4,1,0.6,18.81
16,12,1,1,3.0,25.55
15,7,3,0,1.6,19.84
10,20,3,1,4.3,18.81
14,17,6,2,0.4,33.76
10,8,2,0,0.6,15.76
14,17,2,0,2.5,26.04
9,21,2,0,2.1,12.51
14,11,4,0,0.9,18.09
3,8,5,0,1.6,4.6
16,7,4,0,0.1,19.57
2,9,6,0,0.1,3.56
10,10,1,0,0.3,17.97
3,16,0,1,2.6,7.97
11,15,5,0,6.0,18.79
11,14,3,2,0.9,19.71
13,8,3,0,0.1,23.52
7,8,6,1,3.7,19.35
17,11,3,1,5.8,31.62
2,10,6,0,0.4,4.26
12,11,1,0,1.5,16.06
10,12,1,0,0.5,12.17
18,16,2,1,0.3,27.11
11,21,0,1,3.1,18.6
16,8,2,0,10.3,37.94
17,20,1,0,3.4,23.58
19,18,4,0,12.6,44.91
18,10,2,0,1.7,33.56
3,13,5,2,6.8,12.08
16,21,1,0,0.7,20.81
6,9,1,2,0.4,13.07
12,15,4,1,3.6,22.39
11,7,4,2,1.4,20.25
15,9,4,0,1.1,27.34
15,7,0,0,3.3,21.91
16,8,5,0,1.2,30.09
10,9,1,1,2.5,25.05
12,9,4,0,1.1,21.91
13,15,0,0,4.6,19.69
4,14,3,1,1.1,6.75
7,21,5,0,2.3,10.39
2,15,6,0,0.1,2.15
15,11,6,0,4.7,23.43
8,14,3,0,2.9,13.03
7,9,3,0,0.6,12.26
15,14,1,0,0.7,18.01
14,16,0,1,0.9,22.11
8,18,0,1,2.6,19.02
12,14,3,0,2.4,15.03
13,11,5,1,1.0,19.49
11,10,2,0,3.6,23.35
17,8,3,0,6.6,34.79
17,19,1,1,0.1,36.85
4,20,3,0,1.6,6.25
8,10,5,0,2.7,16.49
5,20,5,0,2.6,8.15
16,8,3,0,0.1,26.61
4,10,0,0,0.7,7.58
15,10,3,1,0.2,32.32
12,7,4,0,2.5,17.77
5,19,4,1,3.1,14.6
16,21,2,0,0.5,18.96
14,19,1,0,1.2,26.09
10,14,1,0,1.2,14.25
7,20,6,0,5.1,13.8
13,12,0,1,0.6,20.34
5,19,1,0,2.4,11.29
3,11,2,0,4.6,7.71
15,10,4,0,5.3,30.01
4,20,0,0,3.3,8.74
15,9,5,0,1.1,27.82
14,13,4,0,5.2,22.53
19,7,2,0,4.1,26.03
13,13,0,0,3.7,19.13
10,6,3,2,0.2,15.91
5,21,1,0,0.1,5.81
6,15,2,2,3.6,14.74
4,6,0,0,8.7,13.51
2,8,4,0,4.5,8.73
16,10,0,0,5.3,33.59
18,19,3,0,2.4,34.23
5,11,2,0,1.1,6.98
4,9,0,0,3.4,9.79
13,21,5,0,3.7,20.65
19,12,2,1,3.4,31.95
2,12,2,2,8.8,12.58
13,7,4,1,1.4,20.7
11,7,6,0,0.1,13.79
4,7,1,0,7.2,12.44
15,20,6,0,0.5,19.37
4,19,5,0,3.6,10.25
9,20,3,0,6.2,16.06
7,7,0,0,1.1,8.77
19,18,6,0,5.3,40.27
19,14,1,1,1.2,29.38
6,19,4,1,4.7,18.54
6,10,1,0,0.2,11.19
15,16,2,0,3.2,21.04
15,13,2,1,3.4,24.87
9,10,3,0,2.0,16.87
4,21,5,0,3.5,8.16
18,18,0,0,7.7,39.61
18,16,0,0,4.0,25.58
5,10,4,0,9.8,18.71
11,6,3,1,1.8,16.57
5,11,0,0,2.3,8.91
4,21,5,0,0.9,5.62
12,9,2,0,12.7,34.28
2,20,3,1,0.2,1.0
13,8,1,0,1.3,24.47
10,21,6,0,1.1,14.86
9,11,6,0,1.5,12.02
10,7,3,0,7.5,18.75
7,13,3,0,1.4,10.78
4,6,5,0,7.5,12.17
19,17,5,1,1.7,43.21
10,14,0,2,5.8,20.75
3,13,6,0,2.2,5.12
19,6,4,0,1.1,24.97
2,15,4,0,1.8,5.63
10,17,5,1,1.7,21.72
2,20,0,0,0.9,3.59
2,14,0,1,1.0,4.9
17,7,0,0,0.6,21.29
16,8,5,2,1.2,40.16
16,7,4,1,2.9,28.11
14,18,0,1,1.5,31.7
7,21,5,0,3.7,11.43
11,19,1,0,13.0,32.85
1,13,1,0,1.4,2.85
11,21,2,0,1.9,16.32
4,7,1,0,0.5,5.4
7,15,3,0,1.5,10.42
15,7,2,0,3.9,21.94
18,21,1,0,0.7,22.56
12,20,3,0,0.6,15.33
17,6,1,0,1.4,22.57
1,12,5,0,5.1,5.89
11,17,6,0,2.9,21.0
1,7,3,1,9.5,11.83
15,15,0,0,7.0,24.41
10,10,5,0,0.5,18.13
7,10,6,0,0.1,11.34
2,8,3,0,1.5,4.44
10,8,5,0,2.2,19.5
4,18,0,2,2.2,11.05
12,17,3,0,0.4,20.43
19,8,3,0,0.4,33.97
11,11,6,0,0.1,13.35
8,19,5,0,5.7,19.4
18,9,1,1,8.9,49.33
11,18,3,0,0.4,19.39
11,8,1,2,0.7,27.74
13,7,3,0,0.3,15.8
3,18,4,1,6.3,12.91
12,8,2,0,9.6,30.42
3,9,1,0,0.9,4.73
10,11,1,1,1.1,16.67
17,21,6,0,1.4,21.2
2,9,0,0,2.1,5.99
17,13,4,0,3.4,24.04
16,8,0,0,2.1,29.87
2,17,4,0,9.0,11.83
6,8,4,0,0.3,10.08
10,8,5,0,4.8,22.01
10,13,5,0,1.2,12.55
8,9,5,0,1.4,15.51
1,6,3,0,3.7,4.6
13,7,6,2,8.0,31.39
9,18,0,0,3.8,19.13
10,19,2,2,4.5,27.99
15,15,4,0,4.2,21.76
5,18,4,0,1.2,9.99
16,18,6,0,4.2,31.18
13,19,1,0,4.6,27.62
18,7,3,0,2.3,25.11
11,19,2,0,2.3,19.92
9,8,5,0,4.3,20.49
16,11,4,2,5.1,32.95
2,13,1,2,1.2,5.38
2,21,0,0,4.9,7.81
12,17,4,0,5.0,25.5
8,6,1,0,0.8,10.36
9,14,0,0,3.8,15.23
12,6,3,0,0.6,14.78
9,15,5,0,0.3,9.62
10,21,6,1,2.6,16.63
2,7,0,0,7.2,10.41
16,8,4,0,0.1,29.9
7,12,2,1,5.3,16.55
2,14,0,0,2.1,4.07
1,8,2,0,5.9,7.24
19,13,2,1,5.6,34.69
4,20,0,0,6.2,11.33
2,14,6,0,4.4,6.7
14,15,6,0,5.6,22.62
2,12,3,0,0.6,2.82
15,9,6,1,1.1,32.54
12,9,0,0,0.8,22.06
5,9,6,0,4.1,13.3
7,11,1,0,0.5,9.2
10,9,5,2,0.6,25.25
14,10,2,0,6.3,30.74
14,14,5,0,3.7,20.35
5,17,4,2,6.2,18.14
18,12,2,2,0.5,32.09
14,13,4,0,1.5,18.24
2,10,1,0,1.0,5.07
12,10,1,0,0.0,21.68
6,18,5,0,1.0,10.64
4,16,1,0,1.4,5.68
13,12,0,0,0.3,16.15
4,16,2,0,2.5,7.43
14,18,4,0,1.4,28.25
16,19,6,2,0.1,39.51
4,17,5,0,3.7,11.74
1,13,5,0,3.9,5.06
13,14,1,2,5.4,28.74
4,20,1,0,2.0,7.06
18,19,4,0,10.4,40.97
6,7,2,0,7.4,14.79
3,8,2,0,2.4,9.05
13,17,5,0,1.8,25.01
16,17,4,0,0.0,26.7
5,7,5,0,3.7,10.24
4,15,6,0,2.5,9.25
8,12,3,0,8.3,16.97
19,17,2,0,2.7,34.68
14,7,4,0,14.8,30.69
7,17,6,0,5.8,19.53
14,19,4,2,9.2,41.94
6,20,5,0,1.2,8.07
12,21,1,0,0.5,14.31
16,7,4,0,4.8,23.06
17,19,5,0,4.6,35.01
13,19,0,1,0.7,28.46
14,7,1,1,4.3,25.42
7,20,1,0,2.6,10.59
14,17,2,1,0.3,32.14
15,21,3,0,2.1,20.83
12,18,2,1,8.0,34.27
17,9,0,0,2.1,33.23
9,6,5,0,4.7,15.43
15,7,1,2,0.1,24.93
12,8,1,0,3.9,24.62
2,12,6,2,8.8,11.6
5,15,4,0,2.1,7.63
13,6,3,0,1.2,16.01
8,11,3,0,3.1,12.85
14,8,4,0,7.4,31.73
15,8,0,0,0.6,27.12
11,9,3,0,1.6,20.73
1,18,1,0,0.5,1.14
3,9,0,1,2.1,8.37
17,12,2,0,2.3,22.04
19,8,2,1,8.7,50.88
14,13,0,0,1.6,19.0
8,13,1,0,2.5,12.25
13,16,6,0,6.5,22.14
3,21,2,2,1.2,5.38
5,21,5,0,3.4,10.25
9,18,1,0,4.2,18.75
6,12,4,1,1.2,11.92
2,7,3,0,0.5,3.2
13,10,6,1,2.1,31.63
5,11,6,0,1.3,6.83
8,17,0,0,0.9,14.76
1,21,3,0,10.9,12.73
12,15,4,0,2.1,17.16
11,9,2,1,5.8,27.87
7,21,6,1,0.7,10.08
15,18,5,0,8.4,35.4
11,15,1,2,4.7,22.82
16,10,6,0,5.0,32.31
3,19,6,0,1.5,6.15
14,14,1,0,2.0,19.3
3,16,4,0,2.7,6.47
1,12,0,0,4.7,5.88
15,7,6,0,5.7,24.0
1,16,6,0,0.2,1.51
17,6,3,1,7.0,31.48
2,7,5,1,8.3,11.36
6,8,2,0,2.7,11.81
8,16,0,0,0.6,11.32
16,7,5,0,5.1,23.61
19,16,5,1,2.4,30.85
1,8,4,0,5.1,6.85
3,15,4,0,5.1,8.88
3,20,1,2,0.3,4.18
5,16,2,0,2.8,7.84
12,16,0,0,2.0,14.97
12,20,1,0,8.8,22.55
13,17,6,0,1.1,26.08
9,19,2,2,0.7,21.37
7,17,3,0,6.8,18.52
4,21,3,0,0.5,4.89
19,14,1,0,3.5,26.59
19,9,0,0,1.1,34.37
6,17,2,0,2.5,12.48
13,14,3,0,2.9,18.27
11,16,3,0,1.6,14.27
13,8,0,0,11.1,33.79
13,17,1,0,0.4,23.32
15,6,4,0,1.5,18.86
13,16,6,2,1.7,22.97
11,10,5,0,3.0,23.15
19,15,6,2,1.6,33.54
8,15,2,0,0.3,10.42
8,19,3,1,8.8,26.57
10,7,5,0,1.6,13.44
16,9,5,0,1.3,28.72
19,7,4,0,1.8,23.9
11,7,5,0,0.7,13.9
13,18,0,1,0.3,28.77
9,8,1,0,0.5,16.0
19,10,2,0,0.5,33.05
16,9,0,2,0.7,39.56
7,7,1,0,1.6,10.75
19,20,0,0,2.9,25.87
12,16,3,0,3.0,17.5
15,19,3,0,0.0,26.72
14,19,4,1,7.6,38.61
11,21,0,0,5.2,18.34
10,21,6,0,10.0,22.01
11,15,5,0,1.3,14.36
6,7,3,0,3.3,10.45
2,19,1,0,0.6,4.3
11,11,4,0,5.1,18.25
19,12,5,0,0.5,22.81
6,17,2,1,1.2,14.62
14,15,0,0,2.0,18.68
6,11,6,0,2.7,9.69
17,12,3,0,2.5,23.43
10,6,6,2,0.3,18.46
1,11,5,0,1.6,3.69
3,16,1,2,7.7,11.45
8,8,0,2,6.2,25.4
8,6,6,1,2.7,15.24
15,13,1,0,2.5,20.77
7,9,4,0,0.4,11.8
11,21,3,0,0.7,14.64
7,15,3,1,0.9,12.05
4,13,4,1,2.0,6.85
12,15,1,2,3.9,25.0
6,19,6,0,1.9,12.58
14,16,0,0,0.4,17.36
12,9,1,0,1.7,22.6
11,9,0,0,0.5,19.13
19,17,5,0,4.2,38.09
5,19,4,0,0.5,9.56
14,15,2,2,2.0,25.64
16,9,0,0,3.5,31.73
13,11,3,1,0.8,19.88
4,19,5,1,0.2,7.84
11,14,3,0,2.5,15.24
17,10,5,0,0.2,30.35
7,21,3,0,2.7,10.75
14,17,1,0,4.2,28.92
11,18,6,0,1.2,20.38
9,15,1,0,2.0,13.13
13,19,1,2,7.9,39.48
18,20,6,0,1.9,23.38
11,13,5,0,17.0,30.71
15,13,5,1,0.5,23.11
19,9,6,0,3.7,35.69
1,20,3,0,3.2,4.15
4,16,0,1,6.2,11.03
14,15,5,0,0.3,17.13
14,14,3,0,1.0,18.39
3,14,0,2,0.4,5.79
17,10,6,0,8.1,36.8
3,11,1,0,1.7,5.19
16,10,5,0,7.2,34.58
14,8,2,0,1.0,26.47
13,16,1,2,0.4,23.4
15,13,4,1,1.1,24.22
14,14,0,0,2.7,20.46
19,20,2,2,5.6,36.88
6,9,1,1,1.5,14.88
10,14,5,0,7.4,19.9
15,14,2,0,0.8,18.0
6,12,3,0,3.5,10.84
10,21,0,0,4.0,15.27
7,13,4,0,1.0,9.11
17,20,3,0,0.1,21.68
18,8,2,0,1.4,30.73
17,20,1,1,0.1,25.85
9,10,0,1,6.9,26.77
10,8,5,0,9.2,27.3
10,12,4,1,4.0,19.23
7,11,1,0,3.9,12.89
16,16,4,0,0.8,21.69
18,8,5,0,0.2,32.09
6,14,6,1,4.9,13.02
1,17,0,2,2.5,4.92
1,6,2,1,3.4,3.63
12,15,4,2,4.5,26.07
2,8,0,0,1.6,5.1
4,20,4,1,0.5,6.94
17,20,1,0,4.8,25.29
4,20,4,0,1.8,6.77
11,16,6,0,5.3,18.18
4,20,1,0,1.7,6.13
1,15,1,0,0.7,1.0
7,16,0,0,0.6,8.38
18,12,3,0,4.1,26.97
9,8,5,0,2.6,19.64
3,19,4,0,1.6,6.73
8,8,2,0,2.0,15.88
19,7,1,0,2.4,26.53
4,14,3,2,0.8,7.91
18,16,1,1,1.4,27.57
11,9,3,0,1.0,21.24
14,15,3,2,1.5,26.34
18,18,2,0,2.1,34.36
16,11,3,0,0.6,20.1
3,7,2,0,1.5,5.09
15,14,0,0,1.5,20.05
4,20,1,0,1.0,4.9
5,12,2,0,19.5,24.99
17,15,5,0,0.2,20.59
7,10,6,0,3.1,13.02
16,12,1,1,0.6,24.54
14,19,6,0,5.5,29.8
16,9,5,1,7.4,41.97
7,18,4,0,1.5,13.88
9,21,5,2,5.2,20.68
4,21,0,0,0.9,6.13
11,15,4,2,0.5,19.07
2,18,4,1,1.1,5.84
12,20,3,0,1.3,14.64
12,12,5,0,1.5,17.34
4,7,3,0,1.4,5.45
18,12,5,2,1.6,30.94
7,20,4,0,3.7,12.78
1,9,3,0,0.8,4.08
13,9,6,0,0.1,22.66
6,6,1,0,2.0,9.4
6,17,5,0,1.8,13.59
12,8,5,2,0.2,28.78
8,10,3,0,0.4,14.14
19,10,5,2,2.1,49.64
5,7,4,0,0.8,7.42
18,9,3,0,6.3,36.21
5,6,3,0,0.6,7.4
10,20,2,1,0.1,15.18
1,14,6,0,1.8,1.26
10,6,6,0,12.8,23.55
5,11,2,0,3.0,9.17
12,12,4,0,1.3,16.11
7,8,1,1,0.1,15.67
9,17,5,0,2.0,19.25
12,20,0,0,0.7,17.09
1,6,5,0,3.1,4.63
11,12,0,0,2.6,15.4
15,8,6,0,0.9,27.41
2,18,4,0,0.2,3.72
7,15,1,0,4.2,12.72
12,17,1,0,2.6,24.15
18,17,1,0,5.5,37.87
3,11,2,0,0.9,4.21
7,18,4,0,3.2,15.85
11,17,0,0,0.4,20.61
18,19,1,0,1.0,32.12
12,11,4,0,3.2,18.37
6,19,5,1,5.2,19.62
5,21,0,0,1.2,6.07
1,17,6,0,4.8,6.61
12,9,2,0,3.4,24.24
11,17,3,0,1.3,21.59
4,16,0,1,6.3,12.08
18,11,6,0,2.1,23.41
4,16,6,0,3.1,8.36
17,15,6,0,2.1,23.41
2,9,5,1,1.8,6.02
2,21,0,2,5.7,10.47
12,20,0,0,1.0,15.28
6,18,3,1,0.1,12.29
10,13,1,0,6.4,18.34
16,14,5,0,5.2,24.61
14,7,6,0,1.4,19.19
7,12,3,0,0.6,7.54
19,14,0,0,3.4,26.51
17,14,5,1,0.2,26.31
9,17,2,0,1.7,15.88
13,10,0,0,0.3,21.73
5,6,2,0,2.7,9.52
5,11,4,0,0.1,5.3
10,20,2,0,3.0,15.65
10,21,0,0,3.4,14.75
7,13,3,0,2.0,10.76
15,6,0,0,0.6,19.09
7,7,0,0,0.3,9.85
15,18,4,0,1.1,25.83
3,18,6,0,1.9,7.64
19,21,1,0,3.1,24.81
10,6,0,0,0.0,11.61
15,10,4,0,3.7,31.74
3,7,3,0,3.7,6.54
6,21,4,1,1.8,11.52
12,20,4,1,1.3,19.86
15,15,2,1,5.5,27.37
6,15,1,0,4.6,12.46
13,19,1,0,12.3,34.07
19,9,5,0,1.4,34.18
3,6,6,0,7.1,10.69
8,12,3,0,0.3,11.4
8,13,5,1,1.6,13.31
15,10,6,0,1.9,28.14
4,7,6,0,1.7,6.01
19,13,4,0,2.9,25.74
3,6,3,0,0.6,3.88
13,20,6,0,6.0,22.05
8,12,3,0,2.4,12.18
16,6,1,0,7.0,27.52
13,17,1,1,0.0,28.61
3,11,1,0,3.0,6.13
16,18,0,1,1.6,35.88
9,11,4,0,2.1,12.84
14,20,3,0,4.1,21.26
13,10,4,0,0.8,24.7
7,20,6,2,0.7,11.05
15,7,3,0,3.6,21.79
7,7,3,0,2.2,9.48
6,14,5,0,0.8,7.3
2,10,3,0,2.0,5.5
9,10,3,0,1.8,17.4
17,12,2,1,3.5,27.41
5,11,2,0,0.0,5.87
12,7,5,0,2.7,16.55
1,16,0,2,2.8,3.39
10,6,1,1,4.1,18.66
11,21,6,0,6.6,21.28
16,10,6,0,1.7,29.68
14,9,3,0,1.3,26.96
8,17,4,1,0.3,16.88
17,8,6,1,1.2,39.81
18,7,2,1,0.2,26.75
12,15,1,0,4.9,19.6
17,7,0,0,4.9,25.42
14,19,1,0,1.6,25.23
16,20,3,0,0.9,21.25
14,9,1,1,0.4,29.81
9,7,3,0,5.7,16.27
4,9,5,0,6.3,11.58
11,8,2,1,0.9,25.84
6,14,2,0,2.9,9.51
15,12,3,0,0.9,19.45
5,19,4,1,0.8,12.84
11,18,2,2,0.1,27.02
18,16,4,1,2.6,28.19
13,20,3,0,0.5,16.1
11,17,5,0,0.0,19.0
14,8,3,0,0.3,24.14
18,18,5,0,1.1,32.42
19,20,6,0,3.3,25.57
15,19,2,1,0.7,35.77
9,13,4,0,6.6,18.31
8,14,3,0,1.0,11.36
1,18,6,1,1.2,4.37
4,12,2,1,0.7,6.18
14,11,6,0,0.9,16.68
2,9,5,2,0.2,5.0
16,10,3,2,1.0,39.54
3,13,6,2,5.9,10.61
8,8,6,1,3.5,21.96
6,7,5,1,6.2,14.0
16,8,1,0,0.3,27.95
16,17,5,0,1.8,28.26
7,12,1,0,0.8,9.32
13,13,2,0,3.8,19.58
13,6,3,0,10.5,27.75
5,18,6,0,5.1,13.54
18,12,2,0,0.1,22.48
15,14,0,2,1.1,24.76
18,17,5,1,0.1,39.99
2,18,2,0,0.1,3.02
10,19,2,0,0.2,16.6
13,19,6,1,1.0,27.28
18,20,1,1,1.1,28.07
15,8,5,2,1.5,37.66
12,20,1,2,1.6,22.8
15,8,3,2,4.4,42.47
13,13,2,0,0.5,16.52
18,9,5,0,0.5,33.81
15,19,2,1,3.0,37.09
11,13,3,0,2.5,16.11
19,10,4,1,0.5,42.53
3,19,3,0,5.7,12.13
7,8,1,1,1.2,15.98
14,20,1,0,1.4,19.07
14,9,2,0,1.6,25.12
13,19,1,0,1.2,25.06
12,21,5,2,2.4,24.32
9,9,3,0,1.5,16.64
1,13,2,2,0.9,1.05
19,11,3,1,7.0,36.24
11,12,3,1,1.1,17.29
19,14,2,1,3.6,32.19
18,20,6,0,1.3,22.84
12,11,4,0,1.7,15.59
1,8,6,0,0.8,3.55
19,20,1,1,4.2,33.31
17,18,0,1,4.0,40.35
5,8,6,0,0.1,7.09
3,16,0,0,0.2,3.55
2,8,0,0,7.7,10.08
3,17,1,0,6.6,11.2
8,15,4,0,2.1,10.84
16,7,3,0,2.0,21.79
6,6,2,0,5.0,12.44
13,21,4,0,0.4,16.63
16,21,0,0,3.2,22.64
16,16,5,0,1.9,20.58
3,15,1,0,4.1,8.25
13,6,6,0,0.1,16.03
14,9,1,0,2.7,26.35
8,8,6,0,2.4,16.63
12,10,2,0,5.5,26.19
8,17,5,0,3.4,16.3
9,14,3,1,6.4,19.64
1,17,4,0,6.5,8.55
6,18,5,0,1.6,12.76
19,13,4,0,0.4,23.82
11,17,4,0,3.0,21.26
11,14,3,1,6.2,23.75
13,21,3,0,0.2,16.57
11,21,6,0,2.4,15.71
18,21,3,0,0.4,21.5
15,18,2,0,0.1,25.7
1,10,1,0,3.4,5.44
7,13,0,0,3.4,13.23
13,9,3,0,2.8,26.63
12,10,1,0,5.9,25.59
18,20,6,0,0.3,21.37
19,17,3,1,0.3,41.62
15,8,0,0,6.0,31.85
8,10,5,0,2.1,15.69
19,17,3,0,1.0,32.87
10,8,1,0,4.0,22.68
7,10,6,1,6.7,21.42
18,16,6,0,3.5,24.32
16,19,2,0,4.7,34.59
6,10,6,0,1.0,10.86
9,11,5,0,1.0,11.43
13,14,6,0,6.0,22.1
8,6,6,1,2.9,15.03
16,17,5,1,0.8,35.41
13,15,5,0,2.2,17.75
13,19,0,2,3.5,34.94
17,11,1,0,0.7,23.08
5,6,4,1,3.2,10.67
17,11,6,1,0.1,25.53
9,7,4,0,1.1,11.41
2,13,4,0,3.4,6.84
18,16,2,2,0.5,31.3
9,8,3,0,0.8,14.84
6,15,6,0,6.3,12.88
11,19,3,0,3.4,22.06
6,11,3,1,2.1,10.14
6,11,2,2,0.7,10.48
13,20,4,0,1.3,17.54
11,9,5,1,2.6,26.91
14,10,3,0,0.5,25.33
2,7,5,2,2.0,3.77
8,15,5,0,1.6,11.0
3,20,2,0,1.9,5.06
3,15,2,0,0.3,4.98
1,13,1,0,0.3,3.01
19,21,6,0,10.0,32.82
18,15,3,1,11.6,40.14
17,12,4,0,1.7,22.44
13,15,0,2,4.7,27.46
3,11,2,0,3.2,6.67
1,12,5,0,0.4,1.34
4,17,1,0,1.1,9.4
13,6,0,1,1.1,19.99
17,19,2,0,2.7,31.53
11,21,1,1,2.6,17.44
2,19,5,2,7.7,13.92
16,10,3,0,4.7,32.46
2,12,6,0,5.8,8.03
19,21,6,1,6.7,35.21
19,6,1,1,4.8,33.6
16,7,2,0,1.2,20.12
19,14,6,0,0.7,23.25
9,17,6,0,2.5,17.76
1,8,3,0,3.5,5.39
10,11,5,0,1.5,14.1
19,20,4,0,5.7,27.72
1,12,6,0,9.7,10.92
2,14,1,0,2.5,5.58
16,10,0,2,1.8,40.27
12,21,5,1,5.6,25.39
8,9,3,2,0.1,17.81
18,16,5,1,0.4,26.87
2,17,3,0,5.6,9.16
13,20,5,1,4.0,22.82
6,7,4,2,1.6,12.64
6,8,1,2,6.6,21.69
9,21,0,0,1.3,11.5
16,21,6,0,3.0,21.41
11,20,4,0,3.0,16.41
7,10,1,0,0.6,13.35
10,16,0,2,1.0,16.36
10,20,5,0,7.4,20.1
18,18,6,1,0.6,40.91
9,7,0,0,0.6,11.16
15,18,2,0,2.0,28.98
4,9,0,0,0.3,7.03
8,6,1,0,6.8,16.39
9,9,4,0,0.3,16.65
13,21,6,0,2.9,19.3
9,12,4,0,1.2,12.12
4,20,6,1,4.9,10.51
17,19,2,0,2.7,31.5
16,17,1,1,1.5,33.64
15,8,0,0,12.4,39.37
3,21,2,0,0.2,4.0
5,15,5,0,2.6,9.24
5,13,3,1,13.7,19.87
15,11,5,0,3.5,21.42
18,11,1,0,4.0,23.59
15,19,2,2,0.1,36.97
2,20,4,0,0.1,2.2
13,6,2,0,0.1,15.13
4,10,3,1,14.4,23.76
10,8,1,0,11.7,30.31
13,21,2,0,1.2,17.37
10,20,6,0,1.0,14.47
9,21,5,0,0.5,10.9
8,15,0,0,1.2,11.79
3,20,5,0,1.4,5.16
16,6,1,1,4.1,27.74
14,13,2,0,6.0,22.57
9,12,5,0,4.1,15.27
11,12,2,1,3.1,19.37
3,17,5,0,4.4,10.11
5,15,1,1,4.0,10.51
10,19,4,1,1.9,23.59
13,15,5,0,1.2,16.16
4,15,0,0,1.0,5.37
13,9,5,2,3.4,35.15
12,18,1,2,9.6,38.32
5,20,5,0,2.6,9.82
10,16,0,0,7.3,20.26
9,11,6,0,0.0,11.09
7,21,0,0,4.7,13.01
2,18,1,0,5.8,10.06
7,14,2,0,3.0,12.0
8,20,5,1,8.2,21.49
7,19,4,0,2.7,13.6
14,8,0,1,0.8,31.73
19,20,6,0,0.7,23.14
5,14,0,0,2.4,8.09
18,9,5,0,7.1,38.66
12,10,2,0,0.2,22.11
17,12,5,0,2.8,23.99
13,11,6,1,4.4,24.24
2,15,6,0,0.4,1.63
13,13,1,1,0.4,20.02
7,13,4,0,1.4,8.94
10,13,5,0,1.0,12.97
6,8,0,0,0.7,9.91
3,20,0,1,0.7,5.88
3,21,1,0,0.4,4.09
18,19,2,0,2.8,32.75
11,15,5,2,3.5,20.63
5,11,3,1,3.6,11.74
19,12,2,0,2.3,24.26
19,14,0,1,9.2,37.51
15,15,6,0,6.4,24.46
16,15,5,1,9.5,34.3
9,19,6,0,1.5,16.04
4,17,0,0,6.3,12.15
15,20,4,0,4.3,21.89
12,21,2,0,1.2,14.82
3,9,3,0,0.3,6.28
14,10,4,1,3.4,33.13
17,13,3,1,0.4,25.92
19,6,4,0,1.0,24.83
6,17,2,0,2.1,11.76
4,11,0,0,3.4,7.87
7,20,3,0,7.8,16.62
19,9,2,2,2.7,50.16
17,10,3,0,3.3,32.19
16,16,2,0,1.1,19.61
15,10,4,0,3.5,27.47
8,7,2,0,1.7,11.36
19,13,4,0,5.8,29.56
8,20,0,0,1.5,11.88
18,7,4,0,1.9,23.44
16,9,1,0,1.7,29.58
19,17,0,0,5.0,39.29
10,18,6,0,9.2,25.74
17,10,6,0,1.2,29.05
13,19,6,1,1.9,28.53
13,6,5,0,3.7,20.09
7,11,5,2,6.8,19.57
10,7,2,0,2.0,14.09
2,19,2,0,0.3,1.02
4,10,1,0,1.4,7.55
6,20,2,0,2.4,10.02
18,11,0,2,1.6,32.4
6,16,0,0,0.6,7.99
17,13,6,0,0.1,20.09
14,14,4,2,3.5,26.31
11,18,3,0,14.8,33.5
19,20,2,0,7.5,29.89
2,17,1,0,3.4,5.96
3,21,6,0,5.5,7.6
11,11,5,0,0.9,14.41
6,10,0,0,2.9,12.84
14,17,0,1,0.2,30.41
19,9,0,1,3.7,44.56
16,7,3,0,10.5,29.42
7,7,3,0,5.9,14.91
8,12,2,0,2.3,12.42
19,10,5,0,4.7,38.33
16,21,1,0,8.6,26.89
7,12,3,1,0.7,11.57
9,18,4,1,4.7,25.38
13,16,3,0,0.9,16.34
1,6,0,0,6.3,8.07
8,6,1,0,0.3,9.99
4,21,2,0,0.6,5.44
3,10,3,0,3.8,9.13
3,7,0,0,0.6,4.66
13,13,6,0,0.5,16.76
8,19,4,0,2.4,16.06
7,20,4,0,5.4,13.45
1,8,6,2,0.9,1.98
16,6,2,0,5.5,24.78
6,18,2,0,5.0,15.67
7,7,3,0,2.6,11.36
12,15,2,0,3.1,16.79
9,15,5,2,0.1,16.69
11,12,5,0,1.4,15.39
10,11,0,2,0.9,18.52
1,17,0,0,0.5,1.0
18,13,0,0,1.5,23.2
4,12,5,0,1.3,5.89
5,19,3,0,3.9,12.6
9,15,3,0,2.7,13.6
17,18,2,1,7.3,44.74
3,13,3,0,0.5,4.42
16,8,0,0,0.2,27.22
5,11,1,0,2.3,7.77
16,18,0,0,0.0,27.54
3,12,5,0,4.6,6.45
15,20,6,0,2.1,19.12
3,21,1,0,2.0,5.38
14,15,2,0,1.4,17.55
16,16,4,1,1.4,26.06
17,6,6,1,1.7,26.11
18,6,3,0,0.0,20.98
18,12,3,2,0.3,31.74
14,18,5,1,2.1,32.84
18,16,0,0,0.5,20.46
15,18,0,0,4.5,32.84
15,8,1,0,1.0,26.2
6,8,3,0,0.3,10.27
15,20,6,1,0.8,24.4
18,10,5,1,1.3,39.67
4,20,6,1,0.1,7.28
8,21,2,0,0.5,9.72
15,16,0,0,1.2,21.12
3,11,6,0,1.1,3.76
15,7,3,0,4.8,23.49
13,21,4,0,5.6,20.43
9,8,5,0,0.6,16.78
2,11,1,0,0.4,2.87
8,8,0,0,3.0,17.63
17,19,0,1,4.9,42.84
13,10,2,0,9.9,32.98
1,14,0,1,0.0,2.23
2,17,5,2,1.6,5.28
15,21,3,1,4.0,27.09
12,8,3,1,5.3,30.92
14,17,3,0,0.2,23.71
2,16,4,0,3.4,4.43
18,18,4,1,1.0,40.71
7,18,0,1,0.2,14.12
6,11,6,0,2.0,9.09
14,16,4,1,0.5,22.44
8,10,6,0,4.0,17.04
2,10,6,0,4.1,6.47
17,16,4,0,5.5,26.53
5,19,2,0,1.4,9.72
14,19,4,0,0.0,24.97
3,11,1,0,0.9,4.56
5,11,1,0,1.9,7.04
16,6,6,1,3.6,27.72
18,16,1,0,1.4,23.2
17,20,0,0,2.3,23.82
11,14,3,0,2.2,14.68
17,10,2,0,0.5,31.2
16,6,0,0,2.9,22.28
2,13,3,0,1.7,4.33
4,12,2,2,4.9,12.35
7,12,6,0,3.5,11.67
2,20,2,0,0.4,1.64
6,19,2,1,2.0,13.66
17,10,1,2,3.6,44.76
7,6,1,0,0.3,8.72
5,14,1,0,4.7,10.26
5,21,2,0,0.8,6.34
16,16,5,0,2.1,19.61
19,14,2,0,8.5,30.55
9,13,1,1,2.5,16.14
5,10,2,0,1.7,10.4
8,19,1,0,0.0,14.83
9,8,1,0,0.4,14.59
5,13,1,2,2.6,11.39
10,6,6,0,2.0,13.98
2,8,6,0,1.4,6.17
9,17,5,0,7.7,23.85
11,16,3,0,1.2,13.81
4,12,2,1,2.3,7.86
2,19,0,0,2.5,5.67
6,20,1,0,2.2,8.76
14,9,5,0,1.9,25.42
1,12,0,1,1.2,3.05
18,17,6,0,7.2,37.85
7,16,3,2,1.8,14.89
1,18,2,0,2.3,3.76
1,19,6,0,3.2,4.91
1,10,5,0,0.2,1.41
4,11,1,0,4.6,10.34
4,21,1,1,2.2,8.94
18,19,1,1,3.2,41.81
11,12,5,0,4.4,18.33
1,20,6,0,6.2,7.69
10,18,0,0,1.5,18.35
9,15,3,2,5.0,19.49
4,21,2,0,0.9,6.45
6,17,3,0,3.2,14.39
16,12,6,0,0.3,19.46
2,21,1,0,0.1,2.82
18,12,3,1,0.3,26.43
10,12,0,1,1.2,16.21
17,16,4,0,0.1,21.28
13,18,6,0,3.0,26.35
18,18,4,0,1.1,32.28
13,12,2,2,4.0,24.95
17,8,2,0,0.1,28.69
5,20,3,0,0.7,6.88
11,17,2,0,1.6,19.79
7,8,6,0,1.4,15.4
10,12,5,0,0.4,12.98
17,19,0,0,15.4,44.96
15,7,1,1,1.0,24.61
18,19,1,0,3.8,34.48
19,7,3,0,0.7,23.98
2,8,1,0,6.3,9.73
4,19,3,0,1.5,8.53
3,9,2,0,6.9,11.49
7,21,2,0,1.3,9.48
18,11,5,0,0.0,20.59
10,18,5,0,2.2,18.76
7,13,0,0,2.2,10.23
8,21,1,0,0.4,9.82
6,15,6,1,0.8,9.22
1,15,5,0,4.6,5.88
4,12,0,0,0.1,5.66
14,9,4,0,2.0,26.33
17,7,5,0,2.3,23.19
18,7,0,1,3.5,30.88
11,20,3,0,0.1,12.24
14,9,3,1,2.6,33.74
9,11,0,0,0.0,10.04
15,8,2,1,0.9,33.62
12,11,4,2,2.1,22.12
10,10,0,0,7.3,25.21
19,10,5,1,0.4,40.76
19,7,2,0,0.6,23.92
6,13,0,2,3.3,13.91
6,10,1,1,1.4,13.53
8,16,5,2,2.9,16.49
1,7,5,0,17.9,18.62
17,12,3,1,13.0,37.45
17,18,1,0,1.3,30.74
15,21,1,0,2.1,20.06
7,20,5,0,7.1,14.9
19,14,4,1,0.3,28.51
3,14,6,0,1.8,4.23
11,6,2,0,1.4,13.0
19,12,3,0,1.0,23.56
9,14,1,0,15.5,26.46
10,11,3,1,4.0,17.44
2,6,5,1,1.5,4.55
1,7,2,0,5.3,6.3
16,9,0,0,2.0,30.24
18,19,1,0,6.2,37.24
17,21,2,0,0.9,21.08
6,9,6,0,0.8,12.77
14,7,3,0,0.9,17.29
15,13,5,0,2.3,19.73
14,7,2,0,1.0,16.68
3,8,0,0,0.5,6.39
19,21,2,0,15.7,39.54
12,19,5,0,6.9,27.77
2,9,3,0,3.0,6.54
3,14,1,2,6.7,12.36
18,15,6,0,8.2,31.04
1,6,6,0,3.4,4.26
6,13,1,0,2.2,8.99
5,17,4,1,6.4,17.16
1,20,3,1,2.5,5.0
19,19,6,1,0.4,40.85
1,10,4,0,1.4,4.07
16,12,4,0,1.8,20.97
12,21,5,1,8.2,27.46
8,13,5,0,3.2,12.91
16,20,5,1,6.2,30.15
1,10,0,0,4.3,6.42
4,21,3,0,1.1,7.19
10,13,1,1,3.8,21.37
11,15,3,0,0.7,14.27
17,16,5,0,1.6,22.75
7,13,0,0,4.9,13.45
12,14,3,1,2.8,20.07
7,7,3,0,5.2,12.2
12,8,4,0,0.9,22.19
15,6,3,0,4.2,22.96
2,9,4,2,0.7,6.56
14,20,4,2,2.4,24.94
13,20,2,0,1.7,17.49
4,10,5,0,2.4,8.3
14,16,6,0,0.4,17.29
14,6,0,0,1.3,18.44
16,13,4,1,3.3,28.86
7,7,3,0,2.5,9.88
19,6,4,0,2.4,24.84
2,7,4,0,2.1,4.75
10,20,4,0,8.6,20.46
18,18,1,0,8.2,39.01
17,21,6,0,1.3,21.33
5,10,6,1,1.3,12.24
12,14,1,0,2.4,15.84
6,14,1,0,0.3,7.22
9,7,1,0,1.1,11.67
1,7,6,2,0.8,1.37
15,8,2,0,0.8,26.16
6,12,4,2,3.1,14.28
19,16,2,1,1.5,30.71
18,8,3,1,0.6,39.62
6,6,6,0,6.6,14.65
13,19,5,0,6.2,28.02
1,19,6,0,6.0,8.15
13,19,0,0,1.5,24.34
7,11,2,2,0.2,12.55
15,8,1,0,0.3,26.86
12,6,1,0,1.0,16.35
1,19,3,0,0.7,3.98
15,21,4,1,6.2,28.95
4,18,0,0,12.9,19.7
13,9,2,0,5.1,28.02
5,18,4,0,3.9,12.07
2,6,4,1,2.7,5.65
1,6,5,0,4.4,5.22
16,17,5,0,8.8,37.33
6,7,2,0,2.8,10.39
16,15,2,2,0.5,26.65
14,13,2,0,0.5,17.58
3,7,2,1,2.6,7.2
15,16,1,0,1.2,20.03
3,7,6,0,7.2,11.11
2,20,6,0,2.8,4.25
1,16,4,0,3.4,3.96
9,16,6,0,0.0,10.92
9,21,4,0,2.1,13.12
7,15,1,0,1.7,9.27
3,15,6,0,3.7,7.13
18,13,4,0,1.4,23.81
11,17,2,1,11.3,35.19
7,11,0,1,3.3,12.62
9,21,6,0,3.2,13.75
1,17,5,0,7.6,10.2
14,16,5,1,16.0,37.44
6,9,4,1,0.7,14.41
7,8,0,2,5.0,22.27
10,6,5,0,0.5,13.04
7,16,6,0,1.8,9.17
2,8,0,0,0.3,4.24
4,17,1,0,2.9,9.63
17,19,3,0,1.9,30.09
1,14,4,0,3.0,5.1
10,10,1,0,3.4,20.89
19,18,1,0,2.9,37.59
15,11,0,0,1.0,19.29
10,10,4,0,5.4,22.8
19,6,1,1,2.4,29.14
12,15,2,1,2.0,21.58
16,6,1,0,13.0,31.81
9,9,2,2,1.0,21.75
15,21,3,0,2.3,19.16
17,20,2,0,3.4,23.94
14,8,2,2,0.4,33.76
18,16,0,0,1.3,23.53
2,13,1,0,4.9,7.41
4,17,3,0,0.8,7.29
18,17,1,0,2.0,33.61
7,12,6,0,3.0,12.79
13,20,6,0,3.3,17.74
15,16,2,0,3.9,20.97
1,20,5,1,6.0,7.18
11,12,2,0,1.5,15.14
10,20,1,0,3.7,15.38
5,13,3,0,4.0,11.29
16,19,5,1,1.1,35.46
11,15,3,1,10.3,28.0
6,12,0,1,6.0,13.48
9,15,2,0,1.0,10.77
13,7,2,0,3.4,19.52
8,9,6,0,3.8,17.47
14,20,0,0,1.7,18.6
1,16,6,0,6.0,6.57
17,11,1,2,3.5,33.14
5,8,2,0,3.2,12.04
2,20,1,2,0.7,2.86
9,8,3,0,1.6,17.24
4,20,5,2,1.7,7.61
17,11,5,0,4.0,23.93
17,6,5,2,2.9,32.09
18,19,6,0,0.3,33.01
16,21,4,2,1.1,28.87
8,6,0,0,1.9,9.85
11,10,5,0,4.0,22.39
18,6,2,0,4.1,26.76
10,15,0,0,2.0,14.88
13,13,3,0,0.4,16.29
17,7,3,2,1.0,29.9
18,21,6,0,0.9,22.26
10,11,3,1,4.6,19.22
16,15,3,0,0.6,19.83
5,15,4,0,1.9,6.49
13,10,1,0,3.3,25.94
18,15,1,1,10.0,35.66
17,17,5,0,21.5,50.91
9,17,4,0,9.2,24.92
14,9,6,0,3.8,27.78
17,6,1,0,4.1,25.03
4,19,6,0,4.3,10.19
18,19,6,0,6.0,37.78
15,8,3,0,9.1,36.51
11,18,1,0,1.8,20.68
12,17,0,1,1.6,28.77
9,9,5,0,1.9,18.16
13,7,1,1,3.2,22.71
15,17,0,0,4.5,29.2
15,7,2,0,6.1,23.6
5,7,0,0,1.8,7.27
19,16,0,0,1.4,24.29
14,6,3,0,12.3,29.23
17,15,3,0,0.8,21.52
18,7,5,0,0.8,21.81
3,11,3,0,3.8,6.55
2,8,0,0,0.6,5.25
1,15,4,0,1.5,2.39
10,10,3,1,1.0,22.83
19,6,3,1,0.6,28.12
17,13,0,0,2.6,23.01
12,18,2,1,1.4,27.14
1,9,2,2,1.9,5.39
12,14,1,0,0.7,14.82
17,9,5,0,4.4,33.79
3,19,2,2,1.1,7.83
11,20,3,0,1.3,12.86
17,20,4,0,0.9,22.14
3,20,1,0,1.7,4.99
8,7,5,1,1.9,13.99
4,8,4,2,2.3,13.31
7,10,4,0,10.3,22.18
14,17,3,2,7.1,41.6
14,15,0,0,2.8,21.04
4,20,0,0,0.1,6.48
16,18,0,0,2.8,30.01
1,18,2,2,0.3,4.02
17,19,0,0,3.7,32.31
10,11,5,0,1.5,13.2
16,12,3,0,5.5,24.07
16,9,2,0,8.6,37.35
8,12,5,0,1.6,12.15
7,20,0,0,1.9,10.84
6,15,5,2,2.7,13.46
16,8,4,0,0.7,28.81
16,12,3,0,7.9,27.32
7,9,3,0,1.7,14.62
9,18,5,0,0.5,15.73
14,18,1,0,4.3,28.02
11,13,3,1,0.7,17.08
14,14,4,0,0.5,16.88
7,12,3,1,2.5,14.4
1,13,1,1,3.3,4.76
13,13,3,0,2.5,18.43
3,7,6,0,3.2,6.16
4,14,3,0,0.4,5.65
11,11,1,0,1.9,15.82
2,16,6,0,1.3,4.47
14,9,6,0,10.9,33.18
12,20,3,0,0.2,13.98
17,10,5,2,1.1,43.31
12,15,2,0,8.5,22.79
12,10,6,0,12.3,32.68
1,12,5,0,5.2,4.89
13,19,3,0,0.2,22.66
14,14,0,0,2.5,19.84
2,12,0,2,1.5,4.53
12,14,2,1,4.9,22.89
16,9,6,0,0.2,28.45
4,15,3,0,0.7,5.11
8,19,4,0,2.0,15.69
2,15,6,0,0.5,3.54
10,9,3,1,3.5,25.88
9,11,0,2,5.2,19.49
15,13,1,0,3.7,21.57
13,19,2,0,1.7,22.67
17,14,1,0,6.3,27.08
16,6,4,0,0.4,18.68
2,6,3,0,0.9,3.9
14,18,4,0,2.0,25.17
3,13,1,0,0.2,3.48
12,16,3,0,0.3,15.28
8,12,6,0,1.5,12.04
2,14,5,0,8.6,12.2
4,16,5,0,7.2,12.1
14,8,6,0,1.9,26.63
16,15,4,0,0.5,20.41
19,17,5,2,0.6,45.88
2,10,5,0,1.4,4.2
12,8,0,2,0.7,30.87
14,20,5,0,0.3,17.54
6,10,0,0,3.4,13.92
13,15,2,0,2.6,19.24
4,6,0,0,1.0,5.49
18,19,0,0,4.5,35.27
12,16,1,1,4.5,22.07
19,9,0,0,2.0,34.18
8,11,0,0,0.3,10.04
7,7,1,0,7.5,15.05
16,18,0,0,3.3,31.16
19,12,5,2,0.9,32.86
6,13,6,1,2.8,11.66
11,6,0,0,1.6,14.65
5,18,2,0,3.0,11.5
16,9,0,0,1.9,30.16
7,16,0,2,2.0,15.33
5,9,2,0,4.0,12.77
11,18,6,1,2.9,26.23
15,10,1,0,0.2,26.34
3,19,5,2,0.2,8.85
5,17,6,0,1.1,11.3
5,17,0,0,1.7,10.34
9,9,5,0,1.0,17.28
15,14,4,2,3.2,29.07
3,12,5,2,0.7,5.85
6,18,1,1,3.7,17.09
17,7,1,1,4.5,29.42
8,6,6,0,0.4,9.64
11,14,0,1,3.2,20.51
6,6,2,1,9.8,18.86
8,11,1,0,0.6,9.5
10,21,2,0,7.2,19.15
3,20,6,0,2.8,5.73
14,20,6,0,2.7,19.91
14,7,4,1,0.2,19.52
10,21,2,0,4.1,16.52
12,9,6,0,2.0,23.11
6,11,6,0,3.8,10.65
12,10,6,0,5.0,27.33
14,21,3,0,2.2,19.8
2,16,6,2,0.9,4.84
9,11,6,0,0.5,12.75
10,8,2,1,0.5,20.87
17,10,1,0,6.1,35.05
17,7,2,2,0.4,27.98
3,12,2,0,1.5,5.09
19,8,3,0,1.2,34.84
1,6,3,0,6.0,6.58
12,19,0,2,1.9,29.91
7,13,1,0,16.9,25.22
4,13,6,0,4.0,8.01
10,8,0,2,5.7,31.58
13,18,6,0,0.3,23.99
2,12,6,0,0.9,4.67
10,14,3,0,0.4,13.19
4,13,6,0,1.9,7.14
18,8,6,0,3.8,35.4
5,20,2,0,0.6,6.74
19,18,3,1,0.4,39.32
2,7,4,0,2.9,5.95
12,18,2,0,0.8,22.23
17,15,0,0,2.0,22.56
10,21,2,0,0.2,11.39
2,12,4,0,3.4,6.7
6,12,3,1,2.3,11.56
8,14,1,2,3.1,17.29
19,10,6,1,1.0,42.23
11,9,5,0,1.0,20.06
12,13,1,1,4.8,22.11
9,19,1,2,3.8,24.95
2,9,6,0,2.6,5.08
8,21,3,0,3.0,13.15
11,9,1,0,0.3,20.1
4,17,4,0,5.8,13.56
10,19,6,2,4.4,27.77
16,17,3,0,2.7,30.5
8,7,1,0,7.5,16.98
4,18,6,0,0.6,6.63
10,20,5,0,3.5,14.11
12,6,0,0,9.9,23.29
14,9,3,2,1.1,34.91
16,12,3,0,0.0,20.61
18,17,2,1,4.0,43.34
12,21,6,0,0.0,15.05
18,14,1,0,6.2,27.51
7,21,0,0,0.2,8.63
7,14,6,1,3.2,15.07
9,17,5,0,1.4,17.11
1,15,4,0,0.7,2.44
6,20,3,0,6.9,15.37
6,6,4,2,4.1,13.99
12,10,4,0,1.2,21.4
12,12,4,0,1.0,14.1
10,18,2,0,4.0,21.65
6,12,6,0,5.4,12.98
17,15,4,1,3.8,29.16
19,21,1,2,3.1,34.93
18,11,1,0,0.8,22.52
6,21,0,2,5.7,14.99
19,16,0,1,4.2,33.05
10,15,5,0,2.2,14.49
8,9,4,2,2.1,22.9
6,8,4,0,2.5,12.96
7,17,2,0,5.3,17.36
1,18,6,0,4.1,5.73
18,14,4,0,5.8,27.33
12,20,4,0,2.1,17.3
16,17,6,1,2.9,40.41
10,18,4,1,5.8,27.99
10,15,3,1,0.8,14.95
14,9,3,0,1.8,27.97
10,13,2,2,2.9,19.27
10,18,2,0,7.4,24.8
11,6,1,0,0.0,12.44
2,12,2,0,0.7,1.77
8,17,5,0,0.8,14.68
7,11,1,0,1.2,10.44
8,18,6,0,1.0,14.99
1,17,4,1,2.7,5.87
2,6,2,2,6.5,9.61
18,20,5,1,3.0,30.69
15,9,2,0,0.8,26.34
1,17,2,1,6.0,9.33
5,20,1,1,3.0,11.21
2,19,6,0,0.7,4.56
3,10,6,1,1.3,8.5
19,16,1,0,4.7,27.02
18,13,0,0,4.0,25.58
18,20,1,0,2.6,24.14
14,9,1,0,0.5,25.14
8,8,3,1,4.9,20.37
12,7,2,0,1.1,15.03
10,9,1,0,4.4,21.35
17,16,2,2,3.1,31.72
11,15,2,2,0.9,18.83
2,19,3,0,0.7,3.32
4,18,2,0,0.4,6.02
1,9,5,0,0.8,4.47
15,18,1,0,0.5,27.24
13,15,2,0,2.9,17.58
8,10,0,0,2.7,17.55
4,18,0,1,2.6,13.57
10,12,3,1,3.1,18.17
19,14,5,0,5.1,28.23
18,7,6,0,7.3,29.67
5,10,6,0,0.8,9.87
19,21,1,0,2.7,26.42
16,16,3,0,0.2,18.46
1,15,0,0,0.4,1.0
12,14,5,0,3.2,18.4
2,17,1,0,2.0,5.29
8,19,2,0,4.3,17.65
18,18,1,0,1.7,33.67
16,8,4,0,0.4,28.14
5,6,1,0,6.2,12.69
13,7,2,0,0.3,16.29
19,19,4,0,0.6,34.15
3,11,6,0,1.0,4.77
8,21,5,0,16.1,26.15
12,10,3,0,1.6,22.09
2,6,5,1,2.1,5.27
11,6,1,0,4.4,17.85
12,16,6,0,3.0,17.69
18,9,3,2,5.5,47.82
13,17,1,2,2.0,34.67
5,20,0,0,10.7,16.24
12,9,0,1,4.8,30.67
2,20,2,0,1.5,4.36
5,11,6,2,1.4,10.45
7,11,6,0,8.0,15.91
12,21,5,1,3.5,22.23
16,15,0,1,2.9,27.47
8,19,4,0,4.3,18.14
9,11,4,1,2.5,15.11
15,6,6,0,0.5,18.82
5,15,6,0,1.2,8.11
13,14,1,0,2.4,17.75
5,16,6,2,0.1,8.4
11,12,3,0,1.7,13.67
10,12,4,0,4.2,16.89
13,16,1,0,0.5,16.63
9,12,3,0,0.2,11.69
14,7,6,0,5.4,21.62
18,7,6,1,2.9,29.51
15,11,0,2,0.6,26.32
10,12,1,0,4.9,17.37
7,8,3,0,3.2,15.59
8,18,2,0,1.2,14.3
3,9,6,0,1.4,7.27
15,19,5,0,0.5,24.36
16,17,5,0,5.4,33.03
4,8,6,0,2.1,7.49
6,12,2,0,2.4,9.8
1,12,4,1,6.4,8.16
4,9,5,2,0.0,8.97
11,18,3,0,0.2,18.72
12,12,6,0,0.5,16.24
5,10,6,0,0.1,7.63
16,6,6,2,3.2,30.41
13,15,2,0,3.0,18.88
13,9,4,1,0.7,28.48
17,12,1,0,0.5,21.24
7,18,6,0,0.5,12.38
8,21,1,0,9.2,19.95
13,21,3,0,3.5,17.69
16,20,3,0,2.6,20.68
4,7,3,0,1.2,6.94
8,7,5,1,1.7,13.39
16,6,3,0,0.3,18.95
10,7,6,0,18.9,31.39
12,15,2,0,4.2,18.96
12,19,2,0,2.9,23.4
5,13,4,0,2.7,9.23
16,16,2,0,2.1,20.64
1,13,5,0,0.9,2.5
9,13,1,0,0.8,12.1
12,20,4,0,2.4,16.68
5,21,2,0,0.2,6.12
3,6,3,2,0.2,4.29
5,6,2,0,2.5,9.31
2,17,0,1,7.6,10.39
14,15,4,0,7.4,23.4
2,9,6,0,0.0,4.6
13,11,6,0,0.3,16.35
7,13,5,0,2.6,11.59
10,18,2,0,5.7,21.71
13,7,2,0,9.3,23.69
16,18,5,0,5.9,34.3
14,21,1,0,3.4,20.17
11,8,3,1,0.7,24.62
10,11,3,1,0.2,15.75
6,15,1,0,0.1,6.34
4,9,1,0,2.8,9.11
1,17,0,0,0.1,1.98
7,7,5,0,4.0,12.19
9,12,4,1,3.7,16.83
8,9,3,0,0.2,14.24
5,13,1,0,7.1,13.91
19,13,1,0,2.2,25.2
10,12,5,1,7.0,22.11
11,15,6,0,7.0,18.28
15,14,4,0,0.7,18.69
6,9,1,0,1.4,11.27
15,12,6,0,0.4,18.81
5,15,0,0,4.5,9.83
19,15,4,1,2.1,31.42
19,20,6,0,7.9,31.4
10,17,0,1,0.7,22.03
12,6,2,0,3.5,17.64
4,9,3,0,13.6,20.3
18,7,1,1,3.3,29.22
16,14,6,0,0.2,20.79
8,21,4,1,2.7,14.82
4,10,0,1,0.6,9.51
12,8,3,0,0.1,20.62
2,9,3,1,1.2,5.3
4,11,1,2,0.9,6.51
5,15,6,0,4.7,10.58
3,6,3,0,1.4,4.24
9,12,1,0,4.0,13.96
18,13,6,0,0.0,21.01
11,12,6,0,0.0,14.33
3,12,2,0,0.1,2.64
2,14,1,0,0.7,4.25
9,18,5,0,1.4,18.14
14,9,0,0,2.8,26.32
4,19,5,0,12.8,18.25
9,21,6,0,1.3,13.08
13,12,6,1,0.2,19.83
18,14,3,0,0.7,21.65
15,20,3,0,6.8,25.25
10,10,3,0,3.6,20.54
16,7,6,0,4.7,23.88
12,20,1,0,0.4,14.2
5,10,4,1,0.4,13.01
2,9,1,0,0.4,3.22
10,13,0,2,5.8,24.01
1,21,1,0,0.7,1.91
7,20,3,0,3.1,11.66
17,10,2,1,2.2,38.89
16,14,0,1,2.4,26.01
3,14,5,0,0.7,4.02
14,8,2,2,3.0,37.9
10,18,0,0,0.1,18.43
7,15,0,1,15.1,25.05
17,20,6,0,0.1,20.41
6,11,3,1,0.2,7.48
4,11,6,0,1.2,5.61
17,9,5,0,5.3,34.58
9,16,1,0,0.9,11.63
4,18,6,0,1.9,8.64
7,15,5,0,0.1,8.62
2,8,3,0,0.2,3.81
17,6,3,0,2.8,24.14
8,17,6,1,0.6,17.95
15,12,3,0,3.6,21.37
15,20,2,1,4.6,26.32
8,20,5,0,5.7,15.71
16,10,5,0,0.4,29.1
19,19,0,0,1.8,35.0
11,15,4,0,8.8,22.31
2,20,1,0,4.4,5.35
17,12,3,0,0.4,20.45
16,6,5,0,2.1,21.59
15,13,5,0,7.7,25.47
13,8,0,0,1.7,25.7
15,12,1,1,5.4,28.41
4,17,4,1,2.1,10.76
16,8,4,1,0.3,35.99
12,19,3,2,0.5,30.82
4,8,4,0,0.1,7.13
3,15,4,0,0.7,3.68
17,14,6,1,6.7,32.39
18,18,1,0,3.2,34.87
18,7,1,1,4.0,30.42
17,19,6,0,2.9,32.08
12,9,3,0,1.5,23.94
4,11,5,0,0.7,6.55
12,19,0,2,7.8,36.41
15,8,3,1,2.2,35.94
16,17,2,1,2.0,36.24
5,15,4,0,16.6,22.2
15,19,6,0,1.5,26.88
17,15,0,0,5.8,26.33
18,12,5,1,5.9,31.53
5,12,5,0,0.8,7.94
13,20,1,0,0.3,17.15
19,10,2,0,11.1,42.73
13,8,5,0,1.7,23.1
18,7,2,0,0.0,20.84
14,20,4,0,2.1,19.58
4,20,1,0,2.9,8.1
4,9,0,1,4.5,15.46
19,19,1,0,8.6,41.33
13,20,4,0,7.4,23.01
12,18,6,0,8.4,29.54
7,9,5,2,0.1,17.59
12,16,2,0,3.7,17.99
4,13,6,0,0.8,6.09
2,13,4,0,0.6,3.97
2,18,5,0,4.8,8.72
5,10,3,2,1.6,13.38
10,18,2,1,7.5,29.53
10,11,4,0,0.1,12.39
9,13,0,0,4.9,15.7
13,20,0,0,0.4,16.8
7,6,5,0,0.6,7.91
5,10,5,1,1.9,11.9
10,9,0,0,1.5,18.22
10,21,3,0,2.0,14.46
6,9,1,2,8.4,22.03
19,16,0,0,3.2,25.93
8,7,5,0,1.0,10.51
1,15,5,0,0.6,1.32
17,6,3,0,1.6,24.39
7,19,0,1,1.8,15.11
14,20,3,0,2.8,19.21
17,11,0,0,0.9,20.95
9,12,1,0,4.4,14.71
17,10,4,0,0.3,28.92
5,21,0,2,2.5,11.31
8,20,4,0,2.9,12.63
6,13,0,2,0.7,11.42
11,14,1,2,5.2,24.2
19,16,6,2,2.9,34.45
4,16,5,1,3.1,9.15
18,7,4,0,2.1,23.72
1,16,3,2,7.2,8.16
13,18,0,0,3.6,25.25
14,9,5,0,1.4,25.28
1,16,0,0,0.8,2.52
11,14,3,0,0.2,13.81
17,10,1,0,0.5,29.08
4,8,2,0,14.8,21.75
12,11,0,0,1.6,16.58
10,20,6,0,6.9,18.6
6,8,3,0,0.6,10.26
1,19,2,1,1.7,2.87
7,10,0,0,9.7,21.38
16,8,4,0,0.3,29.18
14,11,5,0,2.7,19.82
6,17,5,0,7.5,18.3
5,21,3,0,9.0,14.89
18,15,4,0,5.6,27.34
15,10,1,0,5.8,31.53
6,19,2,0,3.2,14.16
19,14,3,0,0.7,24.35
1,21,6,2,3.9,6.35
1,8,0,0,11.5,11.87
13,11,5,1,2.2,22.59
3,13,0,1,0.9,4.79
10,12,2,0,2.6,15.02
3,21,4,2,3.5,8.38
9,11,4,1,0.7,14.27
8,19,3,0,3.8,17.3
3,20,3,0,2.7,6.99
13,7,4,0,2.8,17.8
6,21,3,0,1.1,8.18
13,20,4,0,0.5,14.87
12,12,2,1,2.9,21.66
13,13,3,1,2.6,22.12
2,6,4,0,1.2,3.19
16,20,3,1,1.1,25.63
6,14,0,1,1.3,9.37
19,9,5,0,2.0,35.31
13,13,0,0,11.0,28.14
17,20,1,0,4.3,26.01
9,15,4,1,5.7,18.7
17,12,1,1,2.1,27.21
2,19,4,0,2.2,5.43
19,18,5,0,0.7,33.29
19,15,3,1,3.8,33.42
7,12,4,1,1.6,12.67
10,7,0,0,4.1,16.01
10,21,3,0,1.6,13.49
9,6,5,1,0.3,14.37
17,9,0,0,0.6,30.81
15,17,3,0,5.0,29.59
2,21,4,1,0.9,3.54
4,21,4,0,0.9,5.98
19,7,0,1,8.0,37.25
17,13,2,0,3.2,24.89
5,15,4,0,0.4,5.12
7,21,2,0,0.5,8.35
18,12,3,0,1.0,23.44
7,13,2,0,2.7,11.04
17,16,0,0,4.2,24.73
7,11,1,0,1.0,9.31
4,6,1,2,6.1,13.64
8,19,0,0,0.3,15.28
13,18,6,0,0.7,22.89
4,18,1,0,10.6,17.56
6,17,0,0,0.4,10.63
5,14,4,0,6.6,12.36
12,11,2,0,3.7,17.35
4,17,1,1,0.2,9.25
9,18,4,0,2.0,18.13
4,15,1,0,2.2,6.77
19,6,3,0,8.1,29.69
14,6,0,0,1.6,19.83
5,21,0,0,1.8,8.69
18,13,4,1,0.4,27.41
10,11,6,0,3.1,14.73
19,13,3,0,0.7,23.54
12,13,2,0,0.2,14.75
18,20,3,2,17.3,47.98
17,16,6,0,0.9,20.85
11,19,3,0,0.5,18.91
3,13,5,0,3.6,7.88
17,15,2,1,5.2,31.53
1,20,2,0,0.2,1.65
15,12,3,0,0.3,18.9
9,12,1,1,0.3,12.53
15,15,5,0,0.1,19.6
3,9,1,0,3.2,6.99
19,14,3,0,2.7,25.77
13,17,1,1,3.3,30.94
12,7,2,0,2.1,15.68
1,16,2,0,5.1,6.12
17,14,1,2,2.4,31.22
13,15,2,0,7.5,23.85
1,8,0,0,2.0,3.98
10,19,2,1,4.7,26.96
15,18,3,0,1.6,28.75
7,20,4,0,1.7,9.64
18,21,1,0,5.7,26.38
16,7,5,0,0.3,19.12
14,18,6,1,2.5,32.48
18,9,1,0,3.9,34.75
7,10,6,0,4.2,17.11
17,7,6,1,2.7,28.32
18,18,2,0,1.8,32.6
12,20,2,0,0.9,16.38
8,6,4,0,7.2,16.28
2,15,4,0,1.4,4.43
7,16,5,0,4.8,12.39
4,10,3,0,0.1,6.75
18,14,0,0,0.8,22.27
6,20,3,0,1.3,7.8
9,17,5,0,3.3,18.11
9,17,1,0,1.2,15.8
14,20,2,0,0.1,16.67
8,10,3,0,0.6,13.39
19,17,6,0,0.9,35.26
3,16,2,0,0.6,3.32
18,15,2,0,0.7,22.55
5,14,3,0,4.4,10.89
14,19,3,0,1.6,26.92
4,18,6,0,1.6,8.22
7,17,6,0,10.2,22.06
12,15,4,2,1.8,22.07
2,11,5,1,7.9,10.56
11,8,5,0,1.1,18.75
14,9,6,0,1.5,26.05
16,9,0,0,1.5,30.8
6,6,6,1,2.4,10.48
4,8,4,1,2.6,11.91
15,8,0,0,0.9,26.58
1,18,3,1,4.7,7.89
7,19,5,0,2.1,14.97
12,6,5,0,0.0,14.86
10,18,0,1,2.7,24.4
5,14,1,0,4.8,10.97
12,16,4,1,0.9,19.47
18,6,4,0,0.1,20.79
10,14,4,0,4.9,17.19
6,6,5,0,11.2,17.99
12,21,2,0,0.2,14.08
7,7,5,0,8.3,16.01
18,7,2,0,1.3,21.77
2,19,5,0,8.5,13.55
10,11,3,0,3.1,15.18
15,12,5,1,6.6,28.7
12,16,3,0,4.6,19.09
17,6,2,0,0.1,19.78
4,8,4,0,0.2,7.25
7,7,2,0,2.2,10.5
9,13,0,0,0.4,12.04
19,14,4,0,1.9,23.74
7,18,5,0,9.3,21.68
2,7,5,0,1.0,4.52
6,7,5,0,2.0,9.09
18,15,5,2,1.5,31.74
6,20,5,0,3.0,9.69
13,14,2,1,0.6,18.79
19,19,6,0,0.9,34.98
2,9,3,0,5.9,11.44
12,10,6,0,5.0,25.47
15,18,2,2,4.7,41.12
14,16,1,0,4.4,20.7
6,14,6,0,1.8,9.07
18,11,2,0,3.9,24.91
5,15,4,0,1.5,6.89
18,17,5,2,0.3,44.55
3,14,2,1,1.5,5.49
3,14,6,1,0.5,5.17
10,12,3,0,1.5,13.88
19,19,6,1,1.1,43.69
3,17,5,0,2.7,7.82
12,15,6,0,1.3,15.8
16,14,0,1,3.7,27.51
17,10,1,0,2.2,31.68
7,21,4,0,7.6,17.44
13,10,3,0,0.3,23.05
2,17,1,0,3.5,7.03
4,13,2,0,3.3,8.46
10,15,1,0,9.0,19.96
7,9,5,1,1.4,17.96
17,14,5,1,1.1,26.57
6,12,0,2,0.6,11.53
19,12,1,0,0.9,22.74
5,18,6,1,2.1,12.62
10,20,1,1,5.5,19.64
9,8,5,0,1.0,16.05
13,9,2,0,0.5,22.14
19,12,2,0,1.0,23.66
6,16,4,0,0.3,8.15
4,16,6,0,7.8,11.41
3,19,6,0,6.2,11.57
3,10,2,0,1.1,5.92
4,17,1,0,0.9,7.84
5,8,0,0,7.1,16.07
8,6,2,1,0.0,12.98
16,12,6,1,2.8,27.57
3,11,6,0,7.4,11.25
12,15,5,0,2.1,16.01
8,20,5,0,0.0,11.01
13,12,4,0,0.7,16.59
4,20,4,0,7.7,11.88
14,19,1,1,0.1,29.65
14,7,2,0,1.5,18.09
13,18,2,1,4.7,32.61
6,17,4,1,5.5,17.89
17,9,2,0,1.9,30.07
4,7,1,0,0.8,4.65
8,13,0,0,2.7,11.86
17,12,5,0,0.9,21.63
3,6,1,0,0.9,3.42
17,7,2,2,4.9,33.76
9,7,1,1,0.5,13.68
2,9,5,2,0.0,4.9
13,8,3,0,1.2,23.77
2,6,6,0,2.0,4.4
11,17,5,0,3.7,23.4
15,19,6,0,4.6,31.36
11,7,5,0,3.3,15.82
3,21,3,0,3.0,6.35
3,16,2,0,3.3,6.45
12,14,2,2,1.0,22.01
5,18,0,2,1.4,15.41
7,6,5,0,2.9,10.8
7,14,1,1,0.2,12.73
13,12,0,0,1.1,17.56
9,7,2,0,1.6,10.5
13,7,2,1,2.3,20.58
12,10,4,0,2.0,21.95
13,18,0,1,3.8,31.27
10,10,2,0,1.9,19.47
1,9,3,1,7.0,8.42
8,17,6,2,1.4,20.79
16,15,4,0,2.2,21.26
13,15,1,0,0.0,15.27
3,18,6,0,1.1,7.05
3,17,4,0,6.0,12.08
5,8,5,0,1.2,8.93
11,9,5,1,0.9,24.89
7,15,1,0,2.4,11.38
10,9,3,2,0.2,25.23
10,7,1,1,2.3,16.86
2,10,0,0,1.1,3.95
3,20,6,0,1.4,5.53
8,10,1,0,4.7,17.85
11,10,1,0,3.3,21.46
13,16,4,0,1.8,17.41
7,20,3,0,2.6,9.94
13,16,1,0,4.4,20.72
2,15,0,0,4.1,6.75
6,6,4,1,0.6,9.0
9,11,3,1,1.1,14.78
2,16,3,0,1.3,3.57
18,7,2,0,0.6,22.42
16,12,5,1,0.0,24.0
12,9,6,2,0.6,30.1
7,20,0,0,5.0,13.95
7,10,5,0,2.4,16.06
17,10,4,0,1.3,31.04
13,10,4,0,2.8,25.74
11,7,0,0,4.0,17.2
6,10,3,0,1.3,11.54
14,8,1,0,1.9,25.85
6,9,0,0,0.2,10.28
6,18,4,0,2.7,12.9
2,7,5,0,1.3,4.86
15,9,6,1,1.7,36.04
17,18,0,0,1.6,31.77
8,14,3,2,3.0,15.92
5,13,6,0,2.5,8.59
17,18,6,0,1.6,30.9
1,19,6,0,0.1,1.37
18,20,2,0,2.9,24.45
15,16,6,0,6.4,24.5
5,17,2,0,4.4,13.49
7,8,1,1,12.0,27.46
18,6,1,1,0.4,28.1
6,6,6,0,0.8,7.03
5,11,3,1,2.3,10.79
19,8,5,0,0.8,32.42
10,9,1,0,0.1,18.53
15,6,2,0,1.5,20.01
10,13,3,0,1.0,11.79
16,6,6,0,0.9,18.02
12,10,3,0,9.2,31.28
18,11,3,0,0.8,23.12
1,20,0,0,0.4,1.46
16,7,5,0,0.4,20.37
6,12,6,0,4.9,12.75
3,21,5,0,3.8,6.2
2,12,1,0,0.4,1.8
2,21,5,1,0.7,2.77
13,6,4,0,4.1,20.67
9,9,2,0,1.0,16.0
16,17,1,0,12.0,40.03
5,18,6,1,2.3,13.58
7,21,5,0,0.6,8.2
13,9,2,0,5.9,28.24
13,10,6,0,1.2,23.28
7,6,6,2,1.0,13.76
10,6,1,0,1.2,13.96
15,12,4,0,4.4,22.76
6,14,2,0,0.6,9.1
5,6,4,0,1.4,7.56
2,21,2,0,0.1,2.67
15,7,0,1,5.3,26.3
16,11,6,0,1.2,19.39
19,20,0,0,0.9,23.57
9,20,2,0,2.6,14.25
19,11,2,0,3.7,25.95
7,7,4,0,5.0,15.24
4,14,6,0,1.3,4.8
3,9,5,0,5.0,9.87
11,18,6,0,1.9,20.39
1,12,3,0,0.3,2.32
6,11,2,1,5.6,14.86
11,16,1,0,2.4,14.47
1,18,1,1,2.8,5.37
7,16,1,0,8.3,15.31
6,8,0,0,2.5,13.29
14,13,5,0,0.0,15.95
2,12,4,0,6.1,9.64
4,14,5,0,1.0,5.4
11,21,0,1,2.1,18.76
15,8,5,2,0.7,37.41
18,6,5,0,1.1,23.25
1,7,6,1,3.5,5.25
3,17,1,0,1.7,5.73
3,16,2,2,3.0,6.75
7,20,1,0,5.2,14.51
1,17,5,1,1.3,3.26
11,6,2,0,2.5,17.21
6,16,6,1,4.5,13.55
3,10,4,0,3.8,9.35
19,21,3,0,2.3,24.91
2,20,2,0,1.5,3.34
18,15,0,1,1.6,29.3
12,19,1,0,1.7,20.57
10,7,6,0,1.3,13.12
5,21,6,0,3.6,9.42
9,8,1,1,0.4,18.82
2,13,5,0,10.3,14.1
2,20,5,0,4.5,7.44
6,15,5,2,1.1,11.29
10,19,6,0,0.1,18.29
18,10,5,0,3.7,35.99
12,9,1,0,4.0,23.7
4,21,2,1,9.9,16.0
17,10,4,0,0.9,30.26
15,15,2,0,0.3,18.13
6,11,0,1,7.4,16.74
16,17,1,0,0.9,28.41
17,12,2,1,3.8,27.73
3,19,1,0,0.2,5.33
10,18,6,0,4.3,20.96
5,14,0,0,0.4,6.34
14,6,6,0,3.6,20.0
13,9,3,0,2.3,25.54
6,21,3,0,9.3,17.14
12,17,3,2,0.1,29.76
8,17,1,0,1.0,13.39
5,14,2,1,0.2,7.74
15,10,1,0,6.3,32.74
16,13,6,0,2.7,21.21
1,17,4,1,2.3,4.18
16,6,6,0,0.4,19.66
5,9,2,1,2.0,13.7
3,17,6,0,1.5,6.68
15,21,6,0,1.1,18.16
13,21,0,0,4.4,20.02
16,19,5,0,0.2,27.61
11,17,3,0,3.1,23.11
2,14,2,1,5.2,8.52
6,18,2,0,7.1,17.66
6,6,3,0,4.1,11.03
14,6,6,1,1.0,21.05
11,9,0,1,2.8,25.22
8,19,1,0,0.5,13.99
8,8,1,0,0.4,14.74
1,12,6,0,3.1,4.5
7,16,6,0,5.7,12.7
6,8,5,0,0.2,12.8
8,6,2,2,0.3,15.34
19,17,3,0,2.5,33.79
8,21,6,0,0.7,11.23
14,20,6,1,2.8,24.08
18,16,4,0,0.7,23.25
16,15,0,1,0.4,25.09
9,7,1,0,2.4,14.12
15,15,0,0,5.9,22.18
10,18,0,1,3.5,25.61
16,9,5,0,5.1,32.33
4,6,0,1,0.9,6.67
13,6,3,0,6.5,21.16
5,17,5,1,1.4,12.18
7,19,6,0,5.7,17.87
9,13,3,0,1.9,13.39
8,12,5,0,0.9,10.29
16,19,3,0,0.9,29.48
6,13,5,0,2.5,9.08
16,18,5,0,0.2,27.67
6,9,2,0,8.0,18.83
14,11,3,0,1.0,17.64
1,20,2,1,1.2,3.19
9,18,6,0,0.8,16.52
13,8,5,0,0.0,21.68
19,16,1,0,3.5,26.45
17,18,5,0,2.7,31.77
11,13,1,2,5.0,22.99
8,9,1,0,0.1,14.21
5,8,1,0,7.9,15.95
10,9,1,0,1.2,17.93
7,11,3,1,7.3,18.59
10,16,4,0,0.3,11.97
4,12,3,1,4.1,11.39
9,12,6,0,2.6,12.04
14,19,4,1,1.3,30.66
2,20,3,0,0.2,4.04
9,17,6,2,2.8,24.88
1,21,1,0,0.1,1.0
10,9,0,0,2.1,18.41
10,13,5,1,2.8,16.13
3,12,4,0,4.0,7.02
6,7,0,0,14.2,22.07
6,18,1,2,0.9,16.46
2,13,4,0,1.2,3.31
18,14,0,0,1.3,21.52
2,10,3,0,3.9,6.44
12,20,6,0,8.1,21.69
5,9,1,1,11.0,21.18
7,21,3,0,8.7,16.97
16,9,3,0,6.3,34.93
1,18,1,0,14.1,15.47
1,21,4,0,1.4,2.48
17,9,5,2,8.9,49.94
1,11,2,1,4.3,4.88
13,16,2,0,0.6,16.29
9,9,5,0,0.1,14.65
15,21,1,2,0.7,26.45
3,12,2,0,4.5,7.52
14,12,5,0,3.0,19.85
11,10,0,0,0.8,20.39
12,18,5,0,4.1,25.15
13,10,4,1,0.5,28.12
13,20,6,0,5.2,20.51
1,15,5,2,4.7,6.37
10,13,3,0,10.8,23.52
3,12,3,0,0.5,4.37
4,19,6,2,7.1,15.0
16,12,1,1,1.3,26.94
8,11,3,1,1.6,13.17
16,12,0,0,1.9,21.97
17,12,5,1,3.0,28.94
19,15,6,0,15.8,39.36
15,19,0,0,2.7,29.13
16,7,1,0,7.8,28.02
15,19,3,0,0.9,27.17
2,15,6,1,1.5,3.65
11,7,2,0,2.1,14.56
1,19,5,0,1.2,1.51
15,15,2,0,11.3,30.05
19,12,4,0,3.9,26.66
4,19,1,0,2.0,10.06
11,15,4,0,4.2,17.79
5,12,2,0,1.9,7.66
3,12,2,0,0.1,3.24
13,10,2,2,2.4,33.17
10,6,4,0,2.9,14.75
11,19,6,0,11.9,30.86
18,7,1,1,0.1,27.73
2,18,5,0,2.2,6.31
7,14,6,2,0.3,11.81
9,13,5,0,0.5,11.18
10,13,0,1,2.8,17.5
18,15,0,0,0.8,22.13
7,21,2,0,4.1,14.06
7,6,1,0,2.2,11.13
3,11,1,0,0.7,4.65
12,20,3,1,2.0,18.43
7,20,3,0,0.0,8.89
17,14,6,0,6.0,26.62
1,21,4,0,0.0,1.63
5,20,3,1,0.0,7.1
16,13,6,1,2.8,26.72
15,8,5,0,10.9,36.86
2,9,5,0,5.8,11.37
9,20,6,0,0.9,12.56
7,8,4,0,0.7,11.55
4,11,0,0,3.0,6.53
18,19,2,0,5.2,36.36
4,14,1,2,1.3,8.47
13,20,0,1,1.7,22.28
1,13,6,0,0.4,1.0
3,20,5,0,0.5,4.87
16,21,0,2,2.5,30.01
4,21,4,0,0.3,5.96
16,20,2,0,0.7,18.52
19,21,5,2,0.8,32.47
1,18,4,0,1.8,3.89
5,15,6,0,0.1,4.95
19,9,0,0,2.1,35.48
11,20,1,0,7.9,22.16
13,7,3,0,0.1,15.04
5,18,4,0,3.0,12.11
4,13,5,0,5.4,10.94
4,13,0,2,1.1,8.36
4,19,3,0,0.4,6.36
4,17,3,0,0.1,7.43
18,16,0,0,3.1,24.29
18,11,2,0,2.4,23.53
16,19,0,1,0.8,35.02
9,13,5,0,5.3,17.41
18,14,6,0,4.0,25.68
2,18,1,0,1.0,3.21
4,6,5,0,4.2,8.21
12,14,6,0,0.8,15.5
7,7,3,0,3.4,11.11
15,19,1,0,0.4,26.14
7,21,4,2,3.5,14.93
17,18,3,1,0.8,37.8
16,6,2,1,2.5,27.62
19,21,0,1,0.6,28.81
9,13,4,1,3.9,17.11
14,13,5,2,0.2,23.71
17,16,1,0,0.5,21.13
5,9,4,0,0.6,9.92
2,13,2,1,0.1,2.61
16,12,0,0,4.1,23.44
14,18,4,0,11.9,36.6
14,7,5,0,4.5,20.52
1,10,1,0,5.9,7.83
3,19,4,0,0.0,5.02
7,15,0,0,0.4,9.2
15,9,5,0,2.5,28.03
19,21,4,1,11.4,39.56
2,8,1,1,3.2,7.02
19,6,0,1,1.4,29.39
9,10,2,1,0.5,17.37
19,15,2,0,0.5,23.58
5,13,3,0,1.4,7.81
18,17,4,0,3.8,35.36
16,14,1,2,0.1,27.96
4,12,4,0,5.7,10.38
12,17,0,1,8.5,34.11
7,16,3,0,6.6,14.44
14,6,1,2,7.3,31.43
12,6,4,0,0.0,13.97
3,20,1,1,11.4,16.34
5,21,0,0,1.4,7.84
17,6,3,0,6.1,25.03
10,7,1,0,0.6,12.03
10,6,0,2,1.8,18.5
11,9,2,0,0.1,19.46
17,15,1,2,0.1,29.45
5,14,3,1,8.6,17.64
13,17,6,1,5.0,33.51
10,9,5,0,2.3,20.84
9,18,5,0,2.2,18.08
17,9,1,0,4.1,34.13
1,12,1,2,1.3,3.64
4,19,0,2,4.3,12.62
4,16,4,1,2.0,8.26
18,14,5,0,3.0,24.55
9,12,4,0,10.0,20.64
18,6,5,2,1.9,33.18
14,6,1,0,1.6,18.17
15,9,3,1,7.1,38.35
6,9,3,0,7.0,18.38
10,6,6,0,14.6,26.14
15,11,5,1,2.4,24.65
4,15,5,0,1.3,6.01
18,7,0,0,0.8,23.05
18,16,1,2,0.1,31.07
17,10,1,0,3.9,32.04
12,13,6,1,0.8,18.92
7,20,4,1,2.8,13.82
16,8,0,0,7.5,35.87
11,21,2,0,9.0,22.42
14,14,3,0,0.0,16.85
3,12,3,0,1.1,4.29
19,14,1,0,5.4,28.36
18,6,6,1,2.3,29.34
10,10,0,0,4.9,24.21
6,17,2,0,5.8,15.3
13,18,3,0,1.8,25.54
10,8,0,0,1.3,18.81
18,9,2,0,1.8,32.64
16,9,5,1,3.2,39.23
6,16,1,0,1.4,9.54
13,17,4,0,4.5,26.55
4,12,3,0,7.0,13.17
14,15,3,0,1.0,17.89
1,16,2,0,10.1,10.93
5,13,4,2,2.9,10.11
8,16,5,0,6.3,16.32
12,15,0,0,0.3,15.81
2,10,1,0,0.9,3.33
12,18,0,0,1.2,22.0
5,18,2,0,1.1,10.49
5,17,3,0,0.6,9.71
13,15,5,0,6.1,20.98
9,12,3,0,1.6,11.12
10,8,0,0,9.9,29.09
1,8,5,0,2.6,4.11
3,8,6,0,0.4,5.19
18,17,1,1,2.4,40.24
12,9,2,0,15.1,35.79
3,11,1,1,2.5,6.29
9,20,2,0,0.0,11.12
2,10,1,0,8.1,11.57
3,13,6,0,0.8,2.36
14,19,0,1,3.5,33.14
4,19,4,0,2.2,9.62
19,17,5,0,1.2,33.42
13,18,2,0,1.0,22.24
7,10,0,0,7.9,19.77
12,16,3,0,7.3,20.93
3,17,3,0,2.2,7.63
9,10,1,0,0.9,17.01
2,21,3,0,0.3,2.4
9,19,4,0,0.5,15.94
12,15,2,0,2.2,15.46
12,7,1,0,1.1,15.41
15,17,2,0,0.1,26.11
2,16,2,0,1.8,4.21
18,16,6,0,4.1,25.36
13,10,0,0,6.7,29.03
14,21,3,0,2.6,19.45
5,20,5,0,3.9,9.31
10,17,2,0,1.4,17.82
12,12,4,0,2.1,16.14
10,7,6,0,3.9,15.66
11,19,4,0,3.9,23.56
2,18,5,0,1.7,5.01
5,11,3,2,2.4,9.62
7,12,3,0,7.7,16.14
6,10,1,0,3.0,12.46
3,14,1,0,3.1,7.09
13,19,1,0,4.6,26.25
3,9,3,2,0.4,8.32
6,19,2,1,2.2,15.79
11,19,0,1,9.6,33.34
17,18,5,2,1.3,40.78
10,15,6,0,1.0,12.62
12,20,5,0,2.8,18.17
17,6,5,1,0.7,26.47
4,19,1,0,2.4,10.2
2,13,0,2,0.5,5.66
11,20,4,0,2.6,15.08
7,13,3,0,2.8,12.32
2,12,4,2,1.6,6.7
18,13,1,0,1.4,23.15
4,7,2,1,0.8,5.93
8,8,6,0,1.2,13.33
14,14,6,0,2.1,18.7
12,6,1,2,0.9,20.34
18,21,0,0,4.6,24.71
11,13,6,0,3.7,16.01
8,13,1,0,0.9,9.73
2,12,5,1,0.3,2.49
15,18,2,1,0.0,32.06
9,19,2,0,2.7,17.72
19,16,3,0,0.7,22.59
8,21,3,1,0.0,11.94
19,10,5,1,1.3,42.41
5,9,2,0,9.8,16.16
11,15,5,0,3.5,16.67
15,15,2,1,5.9,27.62
8,18,0,0,0.5,15.3
19,20,1,2,0.2,30.98
8,15,3,0,0.0,10.41
19,19,0,0,9.3,44.2
18,15,6,0,1.1,23.45
10,11,1,2,1.8,17.06
7,17,3,0,1.5,15.29
9,21,6,0,3.9,14.55
1,16,5,0,1.1,1.78
19,6,6,1,2.3,30.64
5,18,0,0,16.3,26.12
19,10,4,0,1.8,33.48
1,19,6,0,2.4,4.72
15,9,4,0,2.1,29.03
16,9,3,0,4.9,31.76
7,12,0,0,0.9,8.4
12,14,6,0,0.6,13.59
8,13,1,1,4.2,17.34
5,16,6,1,1.6,8.33
10,18,1,2,7.4,30.58
5,19,0,0,3.1,10.79
17,17,4,1,2.5,39.57
5,13,0,0,0.2,5.19
15,10,4,0,3.9,30.93
13,11,4,0,3.5,17.58
1,7,5,0,3.1,3.76
11,21,5,0,0.9,14.31
1,18,1,0,8.8,11.2
11,16,3,0,1.2,13.94
18,21,2,0,0.5,22.06
18,19,0,0,13.1,45.15
16,8,4,0,4.1,31.52
13,10,0,0,1.6,23.83
7,7,3,0,8.2,16.64
1,8,3,0,0.3,1.62
16,9,2,0,0.3,27.78
1,11,6,0,3.4,4.65
17,10,2,1,0.6,40.74
6,15,4,0,7.5,15.59
2,9,5,0,5.5,9.07
17,18,6,1,1.1,38.64
6,21,2,0,6.6,13.82
14,20,5,0,0.1,16.49
18,7,6,0,2.4,24.97
6,17,5,0,8.2,17.01
10,16,4,0,5.8,18.33
18,10,1,1,1.3,40.54
9,10,5,0,0.6,16.28
8,16,4,0,0.7,11.7
10,12,2,0,2.2,13.75
17,6,0,1,2.7,27.98
6,9,2,1,0.1,13.86
14,16,3,0,1.6,19.5
6,21,2,0,5.3,13.87
7,10,1,0,1.8,14.71
12,13,4,0,0.6,15.5
3,17,5,0,9.3,14.97
14,20,3,0,0.9,16.42
19,17,4,2,4.8,51.48
16,21,4,0,0.6,20.23
7,13,5,0,1.7,10.23
8,6,6,0,2.0,12.11
18,10,2,0,2.1,33.23
13,15,0,0,2.2,17.04
9,6,6,1,0.8,14.33
10,6,3,0,2.2,13.92
9,7,5,2,2.0,16.26
15,7,1,0,0.7,19.58
2,20,1,0,13.3,14.01
13,20,0,0,6.0,21.71
2,14,0,0,6.6,8.34
19,9,2,0,3.5,35.51
2,8,1,0,0.5,5.27
3,16,3,0,2.5,5.67
6,6,5,2,5.2,13.86
3,17,0,0,0.1,5.26
10,7,0,0,2.1,14.02
6,11,0,0,1.5,8.78
16,14,5,0,0.7,20.0
17,10,3,0,1.4,31.81
19,9,1,0,12.3,44.25
3,18,6,0,3.9,8.38
18,10,3,0,1.1,32.71
7,14,5,1,2.8,13.35
9,17,3,1,0.8,21.69
12,18,2,0,2.8,23.48
5,12,6,0,6.8,12.03
3,13,5,1,2.4,7.72
11,20,6,0,4.0,15.83
4,9,6,0,1.8,8.95
5,16,0,1,2.2,10.18
1,13,1,0,3.6,3.67
18,11,6,1,5.0,31.14
12,10,2,0,3.2,23.66
13,18,2,0,11.4,33.04
9,17,5,0,5.1,21.26
2,12,4,1,4.5,7.58
5,11,0,0,5.6,12.96
13,8,1,0,1.0,24.54
16,10,1,1,1.7,35.66
16,14,1,1,2.5,27.08
3,12,5,1,1.9,6.34
4,17,0,0,5.6,12.41
11,9,6,1,0.1,24.82
14,12,6,0,0.7,17.6
3,10,5,0,6.4,11.42
16,16,1,2,0.2,26.41
15,18,6,0,0.8,26.8
10,20,3,0,1.3,13.97
9,21,3,0,4.2,14.74
11,7,0,1,2.5,19.3
16,18,1,0,9.3,37.44
10,11,5,0,0.8,13.59
17,21,4,0,6.2,26.85
19,12,4,0,1.0,23.45
2,13,4,1,0.8,3.57
2,11,3,0,2.1,2.82
6,13,5,0,0.2,7.05
19,21,4,1,1.5,30.5
8,12,1,0,1.3,10.29
3,7,1,0,0.5,4.06
14,19,4,0,5.9,29.7
16,11,2,1,1.5,25.16
1,14,4,0,12.0,12.65
3,17,2,0,6.9,13.47
18,11,0,0,0.7,22.64
9,9,0,0,2.1,17.19
6,12,1,1,2.8,11.56
1,8,5,1,5.1,5.82
10,10,3,0,6.5,25.02
6,6,5,0,2.9,9.55
12,20,1,1,0.1,17.25
4,15,1,0,2.0,7.53
13,8,5,0,6.5,28.38
17,13,3,1,3.8,29.46
8,14,1,0,6.1,15.03
3,14,6,0,3.4,6.03
12,20,6,0,0.1,14.93
7,15,3,1,10.3,20.81
12,7,1,0,7.5,21.25
2,9,6,1,0.4,5.82
14,10,0,2,0.4,33.98
5,20,2,2,2.3,10.44
9,8,1,1,4.2,21.84
11,18,2,0,1.4,21.33
5,16,4,1,0.4,9.07
3,6,6,0,2.1,4.87
17,11,1,1,1.2,27.5
2,19,0,0,1.3,4.92
1,20,3,0,3.1,3.83
7,15,0,0,6.5,15.56
14,7,2,1,2.5,24.55
5,21,3,0,3.5,9.99
19,14,0,0,3.2,25.14
11,6,0,1,2.4,18.1
2,16,0,0,1.1,3.45
8,14,5,0,1.4,10.33
9,21,3,0,1.1,13.1
3,12,0,0,7.5,11.6
2,16,6,0,5.3,8.01
7,18,6,2,2.6,21.26
5,15,0,0,7.3,13.89
5,7,2,0,6.5,11.79
13,19,0,0,7.9,31.97
6,11,6,2,0.8,11.08
18,13,0,0,3.8,26.66
2,20,4,0,2.8,4.43
6,7,3,0,4.0,11.72
9,21,4,1,0.9,13.85
3,20,5,1,3.6,8.69
1,10,2,0,1.6,2.73
1,18,4,0,5.4,6.74
19,17,5,0,4.8,36.91
5,16,1,0,0.7,7.51
13,11,3,0,0.6,16.19
19,8,0,0,3.8,37.31
12,19,4,0,2.4,23.77
16,17,4,1,2.4,36.91
19,7,0,0,4.2,25.46
3,21,0,0,5.8,9.02
12,20,2,0,0.8,15.02
5,16,4,0,2.4,9.19
2,11,4,0,5.3,7.64
7,8,6,0,6.2,18.28
13,7,1,1,1.0,19.55
15,20,6,2,0.3,23.74
3,6,5,1,0.8,4.89
5,19,1,0,8.7,17.08
8,13,6,2,1.9,15.49
1,6,4,0,1.6,2.71
8,17,1,0,0.0,13.48
18,20,4,0,0.2,21.96
16,10,3,0,3.3,32.02
18,16,2,1,2.7,29.34
12,11,1,0,2.6,17.58
13,21,4,0,0.4,16.32
13,16,1,0,1.3,16.8
10,17,5,1,5.0,24.76
7,17,2,1,0.6,15.05
14,8,3,0,6.4,29.8
16,19,0,0,0.4,29.09
15,21,0,1,0.6,23.38
12,12,1,0,1.9,15.59
9,7,4,0,8.7,19.26
8,12,5,0,1.2,10.22
18,7,2,0,3.2,23.75
18,21,3,0,2.7,23.3
13,10,3,0,0.5,23.66
18,12,6,0,0.9,21.69
15,21,3,1,8.0,30.57
4,16,0,0,0.6,6.01
17,16,2,0,3.6,23.5
5,19,6,0,10.0,19.01
16,8,0,0,0.4,28.88
9,19,1,0,1.5,18.01
10,21,3,2,0.8,17.22
18,16,2,0,0.8,20.72
17,9,3,0,0.4,31.37
18,6,0,0,3.1,25.45
7,21,0,0,4.1,11.81
4,8,0,2,3.4,14.57
5,14,3,0,7.8,13.66
16,15,2,1,0.5,24.58
3,10,2,2,1.2,7.22
18,20,1,0,1.3,23.13
14,20,3,0,0.8,17.77
15,13,1,0,0.5,17.56
17,7,5,1,2.0,26.79
1,8,1,0,5.4,6.6
17,12,1,0,9.3,29.28
11,19,1,0,0.4,19.68
17,15,0,0,5.2,23.2
14,9,5,1,5.2,35.69
19,14,6,0,1.5,23.13
7,19,1,0,0.3,12.26
13,12,2,0,13.8,28.63
18,19,1,0,3.2,33.78
14,16,0,0,12.1,28.41
1,17,4,0,2.0,2.69
7,6,6,0,1.5,8.82
8,9,5,0,0.9,13.62
18,15,4,0,12.3,34.53
9,16,4,0,0.9,12.85
1,11,5,1,0.1,1.0
17,11,3,1,2.2,27.39
19,15,6,0,1.4,24.77
6,11,6,0,0.9,8.23
3,10,2,1,3.0,8.63
5,8,0,0,1.4,8.15
2,7,5,2,1.5,5.1
4,8,4,2,0.1,9.39
10,14,0,0,2.7,13.82
10,8,0,0,0.4,18.08
11,8,3,0,0.7,19.45
16,6,4,0,3.8,22.35
17,7,1,2,1.1,29.03
16,16,0,2,0.5,26.66
7,17,4,0,2.6,15.05
16,8,6,0,0.7,28.56
3,7,0,0,0.9,3.57
16,13,3,0,2.9,21.91
8,11,3,0,4.0,14.53
12,12,1,2,4.0,26.35
3,6,3,0,2.0,6.18
17,11,4,0,1.8,21.91
18,7,5,0,4.6,25.19
11,18,3,0,0.6,19.44
4,20,5,0,0.5,4.78
16,11,1,0,3.3,23.44
17,8,6,0,1.6,30.95
9,12,2,1,3.7,16.66
6,8,0,0,0.9,12.81
2,14,0,0,1.2,5.48
9,8,4,1,6.8,26.44
6,12,1,1,1.6,9.59
3,17,1,0,2.7,6.96
6,9,1,0,0.3,10.55
7,13,0,1,0.6,10.68
1,19,3,0,0.1,2.34
1,7,0,0,1.7,2.06
5,13,0,0,13.5,18.24
6,14,0,0,6.2,12.21
13,18,6,0,3.0,25.22
2,13,6,0,5.9,8.5
15,11,3,1,2.7,25.15
15,15,2,1,1.4,21.34
13,6,4,2,0.6,21.85
14,12,2,0,3.2,19.69
7,6,2,0,0.6,9.04
14,12,0,1,1.6,20.82
10,19,2,0,5.2,22.59
17,7,0,0,0.4,21.53
14,13,0,0,0.4,17.32
8,7,4,0,0.8,10.23
4,8,1,0,2.4,8.63
16,18,0,0,0.9,29.56
13,17,6,2,2.1,31.87
18,8,2,0,1.1,32.25
14,6,4,2,2.1,26.88
18,10,5,1,1.0,40.98
5,10,5,0,11.7,19.96
9,15,5,1,2.0,15.45
3,10,2,0,4.1,8.69
8,19,1,0,3.6,16.91
10,18,3,0,2.0,18.64
19,14,1,0,0.8,23.06
3,11,4,0,2.1,6.11
11,11,1,0,3.4,17.16
11,8,5,0,1.8,19.17
17,10,1,0,0.3,30.38
16,15,4,0,0.1,18.04
7,12,4,0,1.2,10.59
4,8,5,0,0.5,5.4
19,7,6,1,7.1,35.5
12,10,2,0,0.6,20.15
15,8,0,1,1.5,34.48
11,10,3,0,3.7,21.22
5,14,3,0,5.1,11.86
5,16,5,0,1.9,8.18
15,15,6,0,0.6,19.3
18,6,3,2,0.9,31.5
11,9,1,0,1.6,21.34
12,15,4,0,1.4,15.76
2,20,6,0,1.3,3.45
15,21,4,0,0.4,18.51
4,10,5,1,7.3,16.02
18,7,4,0,0.1,20.43
6,17,0,1,1.7,14.77
19,7,4,0,11.8,35.05
11,6,4,0,3.2,15.71
2,19,6,0,1.3,4.73
8,13,1,0,0.5,9.91
11,7,2,1,10.0,26.18
5,8,3,0,0.0,9.22
18,20,1,0,3.4,25.26
18,17,1,2,6.4,48.87
14,7,1,0,0.1,16.53
10,9,3,0,3.9,22.29
3,19,5,0,20.3,26.09
9,6,1,0,3.1,14.51
3,8,2,0,1.6,7.02
11,10,5,0,6.2,25.17
12,15,4,1,2.4,20.47
12,6,2,0,4.2,18.63
3,21,6,1,2.7,7.0
7,9,5,0,0.1,13.28
14,11,4,0,0.7,16.12
11,20,4,1,0.2,15.73
7,9,1,2,0.3,16.95
10,12,1,0,0.0,10.98
11,19,3,0,1.6,20.82
15,12,0,1,0.6,22.23
19,11,2,2,5.8,38.42
16,14,3,2,4.2,30.85
12,7,3,0,2.6,16.89
18,18,2,0,2.0,32.52
13,15,5,0,0.9,16.52
5,13,6,2,1.9,9.78
4,13,2,0,3.1,7.89
14,16,4,0,4.6,21.64
8,15,6,2,0.3,13.72
9,19,0,0,3.7,19.01
19,19,5,1,4.1,44.39
3,16,1,0,2.5,5.22
5,9,0,0,0.7,9.19
18,11,0,0,2.3,23.75
1,16,1,0,2.1,3.67
8,11,0,0,1.9,11.69
19,10,5,0,1.9,35.25
17,19,5,0,0.4,31.25
17,6,5,2,0.6,28.68
11,8,3,0,0.3,19.36
2,12,3,0,0.8,2.91
6,13,5,0,0.9,8.36
14,7,1,0,0.8,16.65
3,8,1,2,0.7,6.5
12,9,2,0,4.0,22.88
4,19,2,0,5.1,12.96
12,16,5,1,1.2,19.11
13,10,6,0,1.1,24.43
2,8,0,0,5.6,8.59
2,10,0,1,2.9,7.58
15,13,1,1,1.0,24.27
17,13,6,0,3.8,24.95
7,19,0,0,1.3,13.71
14,7,4,2,2.6,25.46
12,11,3,0,14.7,28.96
17,9,0,1,1.1,37.12
14,14,0,2,8.0,34.3
6,15,2,0,1.2,8.43
19,7,4,0,2.3,25.53
6,13,0,0,1.8,9.11
18,6,3,0,4.6,26.89
5,16,0,0,0.2,5.05
6,11,1,2,3.0,12.69
2,16,4,0,4.3,8.09
8,16,0,0,1.9,12.07
15,19,6,1,0.3,33.87
15,17,4,0,0.8,26.4
11,15,0,0,3.4,17.59
1,18,3,0,6.8,9.14
18,6,3,0,1.6,23.63
12,7,4,1,2.5,19.78
12,8,5,0,0.8,20.88
11,14,2,0,1.6,14.9
8,10,2,0,1.2,14.53
7,15,1,1,3.2,15.31
2,15,5,2,12.5,15.74
11,17,2,0,5.0,25.36
10,7,4,1,0.6,14.71
3,15,2,0,2.6,6.37
10,10,1,0,0.2,16.65
18,10,0,1,0.9,39.89
14,6,2,0,0.6,17.36
18,8,4,0,1.2,31.32
8,10,4,0,3.4,17.1
10,14,1,0,2.1,14.35
13,15,6,0,8.1,24.21
8,21,1,0,0.7,11.02
4,6,6,0,1.4,6.89
4,13,3,0,1.2,6.86
5,6,3,0,0.8,6.63
1,14,3,0,15.0,15.75
17,21,6,1,1.5,26.54
2,11,0,0,8.5,10.9
8,6,4,2,1.5,14.78
7,13,3,2,0.7,13.28
15,10,4,0,0.4,26.71
5,12,1,0,5.8,11.12
2,12,0,0,0.1,3.39
7,20,1,0,10.0,20.05
8,12,4,0,1.6,10.48
7,11,5,0,0.9,9.35
7,16,6,0,2.9,11.93
14,13,5,2,0.4,23.3
18,14,3,2,0.2,29.96
6,17,5,0,5.3,17.04
4,20,1,0,1.7,6.45
10,7,6,0,2.2,15.67
18,12,5,0,0.6,21.29
12,20,2,1,0.2,16.7
16,7,0,1,1.4,25.4
7,11,4,0,2.1,11.64
6,7,6,0,4.4,12.15
5,15,3,0,2.1,7.74
3,11,1,2,4.6,9.02
12,7,0,0,0.4,15.09
15,6,3,0,0.2,18.52
10,12,1,1,0.5,15.06
19,8,5,1,4.4,43.25
16,19,6,2,4.3,43.19
11,17,4,0,0.5,19.96
8,19,6,0,0.1,13.88
3,18,2,0,3.5,9.88
7,9,2,2,5.8,22.41
7,18,6,1,4.2,18.77
14,21,5,1,0.7,21.0
2,21,4,0,2.6,5.03
10,11,0,1,4.2,19.03
19,10,4,0,0.9,33.29
9,9,5,0,2.3,19.49
16,14,1,0,1.1,20.02
19,11,6,0,0.8,23.78
18,11,6,0,10.5,31.06
9,7,6,1,7.3,21.79
16,11,6,1,1.8,25.47
13,12,0,0,0.4,17.43
10,13,2,0,3.9,15.41
14,20,5,0,0.9,18.65
12,19,1,0,0.6,22.45
19,13,5,0,1.4,24.34
7,21,3,1,2.3,11.95
15,14,3,0,0.3,18.94
16,15,3,1,2.5,27.34
8,16,2,1,0.0,11.39
10,18,4,0,6.7,23.41
4,17,0,0,7.6,15.3
19,8,6,1,4.0,44.63
19,15,2,0,1.9,24.23
15,20,1,1,0.9,24.91
14,12,1,1,4.1,26.76
1,12,3,0,8.1,9.19
16,6,0,2,0.5,26.56
10,13,3,0,1.9,15.38
19,20,1,2,1.1,32.32
3,9,1,0,1.3,7.54
5,10,6,1,1.6,12.46
9,19,4,0,9.1,25.97
18,11,6,1,0.9,27.33
11,8,4,0,2.0,21.22
16,10,6,0,9.1,38.41
2,15,4,0,1.9,4.69
12,10,3,1,6.0,32.71
6,6,5,0,0.2,8.5
11,8,0,0,9.2,28.57
8,8,4,1,0.6,18.27
12,6,2,2,11.7,33.19
2,18,4,0,0.6,3.62
9,12,3,1,1.8,13.39
15,6,0,0,1.1,19.98
2,12,4,1,1.7,3.66
1,9,6,1,0.9,1.9
10,14,0,0,10.1,21.87
2,12,2,0,1.1,3.7
12,10,1,0,3.2,23.86
8,12,6,0,0.4,11.6
5,14,0,2,5.2,13.49
1,15,5,0,2.3,2.68
15,11,4,2,11.7,36.71
6,6,6,0,1.7,8.19
12,11,3,2,0.7,19.93
8,6,5,1,1.3,14.09
13,18,5,1,4.0,32.58
19,17,3,0,3.2,36.68
1,9,3,0,4.5,6.62
11,19,3,0,0.2,19.9
1,13,5,0,2.6,2.8
8,21,0,0,8.1,17.8
5,10,3,1,0.3,10.83
17,20,1,0,0.3,21.29
8,10,5,0,3.8,18.26
10,21,5,0,1.1,13.18
2,18,5,0,3.2,5.71
9,15,2,0,2.4,12.7
3,16,0,1,12.8,16.86
18,13,0,0,6.6,28.56
7,13,3,1,3.4,14.95
15,6,5,0,0.9,17.93
18,18,6,1,0.9,39.28
3,18,5,0,6.4,11.88
14,10,3,1,2.6,32.42
2,17,0,0,4.7,7.93
14,10,3,0,1.8,26.81
11,13,3,0,0.3,13.09
16,6,3,1,1.2,24.78
8,12,3,1,0.5,11.33
7,12,3,0,4.6,13.36
11,18,4,0,3.6,23.6
3,14,4,0,0.3,4.16
17,7,5,0,2.9,23.16
14,20,5,0,6.2,23.59
6,21,6,0,3.6,12.59
8,8,6,2,2.1,23.83
5,9,4,2,1.1,13.38
8,6,0,0,6.5,16.26
2,20,2,0,1.6,4.72
15,12,0,0,5.8,22.83
12,19,6,0,4.6,25.96
17,15,5,0,5.1,25.36
1,8,4,0,13.8,14.91
15,8,0,2,4.1,39.04
14,8,2,1,0.1,32.14
16,13,3,0,0.7,18.32
9,14,1,0,0.1,10.3
1,15,4,1,0.6,1.6
17,18,4,1,0.2,37.29
13,19,2,0,2.1,24.39
5,7,3,1,0.1,7.27
10,15,3,0,1.9,13.83
6,20,1,0,6.9,14.65
19,15,3,0,4.1,26.14
13,6,2,1,8.6,28.47
1,19,5,0,0.8,2.45
15,14,3,0,2.3,19.18
14,11,5,1,1.2,21.61
8,19,6,1,2.0,19.28
10,20,6,1,2.4,17.34
9,14,5,0,0.1,11.35
17,11,2,2,0.8,28.75
9,7,4,0,3.7,15.31
3,6,4,0,4.4,7.76
11,19,4,0,2.5,21.76
12,13,0,0,0.9,15.72
10,8,4,0,1.6,18.35
17,6,2,1,0.3,24.17
17,20,1,0,9.2,29.58
11,21,6,0,6.1,19.35
4,13,3,0,0.2,4.56
7,17,4,0,0.5,12.15
14,6,0,0,2.6,18.39
7,13,6,2,0.8,13.0
8,6,6,1,8.2,20.2
1,14,5,2,4.2,7.38
4,19,0,0,1.0,7.49
12,14,2,0,0.0,15.9
3,17,1,0,4.8,9.96
13,18,4,1,1.7,29.83
6,14,4,0,3.1,9.18
11,8,0,0,1.0,19.43
4,9,2,0,0.5,8.36
16,10,0,0,3.4,29.66
7,11,0,0,1.8,9.25
11,14,1,0,0.8,13.35
1,18,2,1,0.4,3.01
7,16,1,2,2.6,14.96
12,17,2,0,3.9,23.59
7,9,4,0,1.0,13.62
7,19,3,1,4.0,20.24
10,19,5,0,0.6,19.52
16,11,3,0,1.2,19.47
8,18,6,1,4.1,21.95
9,6,2,0,3.2,12.62
9,7,3,0,0.9,12.23
2,13,0,0,0.4,2.32
13,9,4,0,0.1,21.99
13,15,5,0,5.5,20.97
4,12,5,0,0.2,4.91
12,9,6,0,0.4,22.2
17,21,5,0,0.8,22.0
2,19,4,0,1.8,6.76
13,21,3,0,4.7,20.57
18,14,5,0,0.9,21.87
15,14,5,0,2.4,19.58
8,9,2,0,0.3,12.46
15,18,0,0,1.9,27.48
1,20,2,0,0.6,1.48
10,13,3,0,0.7,13.07
12,11,4,0,1.4,14.94
5,6,4,0,4.3,8.69
9,20,2,2,4.1,19.9
8,12,1,0,1.6,11.4
16,6,2,0,0.4,20.11
14,8,1,0,1.0,25.27
13,13,6,1,2.1,20.56
13,20,2,0,6.1,22.6
5,14,1,0,10.4,15.65
16,8,1,0,3.0,30.99
11,6,5,0,1.3,14.44
5,6,6,2,3.5,11.03
13,12,5,2,1.2,23.35
11,10,1,0,2.9,21.32
19,18,1,0,0.8,34.98
3,19,0,1,0.9,6.87
15,21,1,0,0.2,17.92
7,6,5,0,1.6,9.11
7,21,1,1,2.9,11.96
6,11,4,0,4.7,11.4
3,19,0,2,5.0,11.09
13,11,1,0,14.7,29.27
7,19,5,0,0.3,12.91
5,9,5,0,2.0,11.12
18,12,3,1,2.2,29.53
8,12,5,0,4.9,12.42
17,17,0,0,0.9,29.37
1,14,5,2,0.2,2.51
14,17,4,0,1.1,23.86
17,6,2,0,12.4,31.77
10,10,4,0,6.9,24.13
12,20,6,0,1.5,16.23
16,15,4,0,6.3,24.96
14,8,0,0,0.1,25.07
16,12,0,1,1.1,24.54
8,9,3,0,3.9,15.45
10,9,5,1,0.8,23.41
17,18,3,0,0.7,28.58
18,17,0,2,5.9,49.14
16,6,5,0,2.9,23.7
17,6,0,0,13.5,34.84
16,15,0,0,0.4,20.05
19,7,2,0,1.3,23.72
8,20,4,0,1.1,10.28
6,7,3,0,6.4,13.12
6,6,3,0,0.9,7.93
9,13,1,0,1.3,12.6
4,11,6,0,0.5,6.32
12,11,2,1,4.5,21.78
12,15,0,1,0.8,18.52
17,15,0,0,0.2,19.92
15,14,2,0,1.7,18.68
9,10,5,0,1.5,17.14
7,20,3,1,0.6,10.49
10,9,0,1,0.4,23.8
16,20,6,0,6.8,25.02
12,16,1,0,0.2,14.53
7,11,3,0,0.3,8.85
18,13,4,0,0.8,21.86
15,19,6,0,9.2,35.31
6,6,2,0,0.3,7.37
12,12,3,0,5.1,18.75
11,13,4,0,6.7,18.97
3,14,1,2,1.4,6.26
2,16,5,0,1.0,3.42
6,13,2,0,3.4,10.15
5,12,5,0,3.6,9.8
18,21,6,0,4.5,26.5
16,8,0,1,5.3,38.48
8,7,5,0,0.9,9.47
11,20,0,0,3.5,16.54
10,8,6,0,0.4,16.83
12,9,4,0,2.1,23.4
6,9,3,1,2.8,16.93
5,11,1,0,0.5,7.91
9,17,4,0,0.2,15.93
16,12,1,0,0.6,18.64
14,17,5,0,1.6,25.26
8,9,1,0,6.6,20.19
19,21,5,0,2.3,24.75
14,15,1,0,4.1,20.2
7,11,2,1,0.6,11.76
5,14,4,0,0.3,7.08
18,19,2,0,0.8,31.23
2,11,3,0,1.1,3.61
11,19,3,0,2.4,22.82
8,8,0,0,6.4,19.89
1,6,0,0,1.7,2.79
12,16,0,0,2.2,17.02
2,15,6,2,0.0,4.14
18,15,3,0,0.1,21.77
7,18,1,1,0.3,16.69
17,10,5,1,3.6,40.13
14,21,6,2,2.0,25.8
7,15,1,0,0.6,9.4
3,15,4,1,2.7,6.58
6,8,3,2,2.4,16.54
2,13,5,0,0.3,3.34
17,15,5,0,3.1,23.21
12,20,5,0,4.4,17.59
12,6,0,0,1.0,15.36
17,16,5,0,3.5,23.57
10,7,5,0,0.7,12.2
3,8,3,1,4.2,9.31
18,8,1,0,7.3,39.55
13,17,6,1,1.7,27.64
12,13,6,0,0.8,15.48
17,10,1,0,1.5,30.52
4,13,2,0,0.9,5.75
10,16,2,0,0.0,11.82
11,21,4,1,3.2,20.02
6,19,3,0,0.1,10.27
6,20,2,0,0.7,8.22
9,20,2,2,3.8,19.88
15,16,3,0,3.3,19.44
2,11,1,1,0.2,3.37
4,20,4,0,3.2,7.61
5,17,4,0,8.0,15.71
17,7,4,0,0.2,20.2
8,16,2,2,1.6,14.04
8,9,1,0,3.9,17.14
12,21,4,1,3.3,20.39
8,14,3,2,0.8,15.08
19,21,4,0,0.5,23.87
3,9,6,0,4.6,10.63
18,10,0,1,9.4,47.23
19,10,1,0,4.4,36.72
19,15,0,0,9.9,33.81
15,13,1,0,2.8,21.85
6,11,5,1,7.9,17.68
16,15,3,1,3.5,26.53
8,12,5,0,7.2,16.42
16,11,2,0,0.5,19.39
18,19,2,2,5.1,48.36
16,19,5,0,0.7,30.3
11,19,1,1,0.1,24.26
7,10,4,0,2.2,14.06
17,21,0,1,1.1,26.6
17,20,3,2,0.1,28.24
12,10,4,0,11.8,32.97
13,8,2,0,3.3,25.33
10,12,4,0,7.0,18.51
7,18,5,0,21.0,34.05
14,15,5,0,1.5,18.02
1,10,6,0,0.9,2.2
17,12,6,0,0.6,20.65
4,20,0,0,2.2,8.41
5,7,2,1,2.8,11.51
7,14,1,0,1.9,10.47
10,13,3,0,1.5,13.68
17,20,5,0,0.6,20.58
7,10,3,1,1.7,16.6
1,7,2,0,0.3,1.73
7,11,1,0,6.0,14.66
11,13,6,0,0.1,13.42
9,12,5,1,1.4,15.93
12,21,0,1,0.3,18.27
3,13,3,0,4.5,7.92
4,9,2,0,1.1,8.3
4,21,3,0,0.4,4.21
13,19,6,1,2.3,31.13
19,8,6,0,7.4,40.48
10,21,1,0,7.2,19.71
5,12,0,0,0.9,7.5
7,7,6,1,3.8,15.06
16,19,1,0,0.1,28.49
1,10,6,0,0.4,2.52
12,18,5,0,2.1,22.49
2,12,4,0,0.8,4.22
7,6,1,0,4.8,12.85
11,9,1,0,8.0,27.23
13,20,3,0,0.0,15.65
2,7,6,0,0.8,4.32
7,11,1,0,1.7,11.27
15,17,2,0,2.5,27.07
11,6,5,0,7.4,20.43
2,12,3,0,6.7,9.75
7,8,3,0,3.0,15.13
4,17,4,0,0.9,5.8
11,6,5,0,4.6,18.4
2,20,2,0,0.7,3.13
16,13,5,0,10.1,29.06
7,12,1,2,0.0,12.89
13,7,4,0,2.5,18.76
5,12,2,0,0.3,5.84
17,8,4,0,1.6,31.39
12,20,5,0,3.0,17.38
19,18,0,0,3.5,37.98
7,14,5,1,4.6,15.83
6,13,1,0,2.7,8.07
8,10,4,0,0.9,14.69
13,12,0,1,6.6,24.94
5,8,1,0,5.0,13.99
2,6,4,0,0.5,2.5
9,6,4,0,5.3,16.67
11,20,5,0,10.8,22.39
6,16,6,0,3.0,11.63
7,7,4,0,1.0,8.85
7,13,4,0,2.8,10.48
19,6,3,1,1.3,30.7
6,21,6,1,3.4,13.87
11,16,4,1,2.4,18.74
11,17,5,1,8.0,32.1
7,10,3,0,2.9,14.38
2,14,3,0,0.7,4.13
19,17,0,0,3.9,35.95
4,14,1,1,1.1,7.65
6,7,3,0,1.0,7.63
17,12,2,0,1.5,21.65
5,16,3,1,0.0,7.21
7,6,2,1,10.4,19.32
9,8,6,1,2.3,20.55
1,11,0,0,4.5,5.72
1,14,2,0,0.9,1.91
19,15,0,0,4.1,27.02
6,7,0,0,2.5,10.44
18,12,0,0,1.7,23.64
10,20,2,0,10.6,22.1
11,9,2,0,2.0,19.58
1,7,0,0,3.2,3.7
1,8,6,1,0.0,1.35
13,11,0,1,1.1,19.85
5,21,6,0,6.6,12.08
1,15,1,0,4.3,5.05
3,14,6,0,2.3,4.4
18,21,6,0,6.9,28.15
9,13,6,1,2.0,14.88
14,15,0,1,2.5,24.65
17,19,4,1,1.4,38.05
14,16,1,0,2.9,20.75
4,14,1,1,1.2,6.81
5,9,1,0,1.5,11.79
17,17,4,0,10.2,39.93
2,9,1,0,0.4,3.43
5,20,1,1,0.3,6.64
4,14,2,0,0.1,3.87
4,13,5,0,1.2,5.25
6,17,2,0,1.5,11.97
13,20,0,0,0.3,16.1
5,7,0,0,2.4,9.06
7,13,6,0,2.6,11.4
1,6,3,0,4.2,5.42
14,14,5,0,11.2,28.51
4,14,4,0,2.9,6.94
17,18,2,0,0.4,30.62
14,20,0,0,0.3,17.5
16,13,4,1,4.5,29.72
14,16,1,0,3.2,20.48
16,10,4,0,0.5,28.65
8,10,2,0,0.9,15.65
3,18,5,0,4.2,9.7
19,8,3,2,2.5,48.72
1,10,6,0,2.6,2.7
2,9,2,0,0.7,4.81
15,6,6,0,3.0,21.67
10,21,5,0,4.4,16.54
18,21,0,0,6.5,28.3
14,14,6,2,4.0,27.68
17,20,0,1,2.6,29.86
13,15,4,0,3.4,20.08
1,19,2,0,2.0,2.72
5,9,0,1,0.8,12.67
13,8,1,0,6.4,28.28
14,11,1,0,2.3,18.84
3,6,3,0,2.7,6.2
15,10,4,0,13.8,38.99
19,21,0,1,12.6,41.16
17,20,3,1,2.6,28.25
3,12,1,2,0.1,5.18
16,7,3,0,1.5,22.17
14,15,3,1,8.3,29.73
12,14,0,0,1.0,15.49
12,17,0,0,21.7,42.3
11,20,0,0,0.3,13.2
17,11,4,0,2.5,23.75
8,7,6,0,2.2,11.88
17,13,3,1,0.9,27.02
11,13,3,0,8.9,22.65
2,6,4,0,2.9,5.41
10,17,1,1,0.8,21.58
10,6,2,1,1.5,16.92
11,6,6,0,3.8,16.58
6,17,1,0,1.1,11.84
4,9,4,1,6.4,15.14
12,9,6,1,0.5,26.22
11,21,6,0,0.9,12.47
13,13,3,0,0.5,15.79
5,6,3,0,0.3,5.15
6,15,0,1,1.1,10.01
1,8,0,0,21.3,22.81
6,16,3,0,0.3,9.04
18,6,3,1,0.7,27.17
9,14,5,0,1.0,12.13
15,15,6,2,2.9,28.1
8,17,0,0,4.1,18.76
19,14,0,0,4.2,26.63
16,12,1,0,0.0,18.61
6,21,3,2,3.2,12.62
6,18,6,1,3.0,16.31
3,17,3,2,2.2,12.08
10,20,4,0,1.4,12.7
1,13,1,0,4.8,5.51
14,6,2,0,1.3,18.11
4,10,2,0,0.8,6.85
12,20,2,0,1.1,15.51
6,19,6,2,1.7,16.17
11,7,5,0,0.7,14.96
12,21,0,1,2.8,20.94
10,18,6,2,6.5,31.56
18,6,2,0,2.7,23.99
7,8,4,1,1.8,17.5
7,12,6,0,4.8,12.23
11,6,6,1,4.1,21.6
4,16,0,0,1.4,5.67
1,7,0,0,2.8,4.69
13,7,2,0,3.9,19.47
18,9,0,2,0.8,43.62
9,20,1,1,1.4,14.09
9,17,1,0,0.3,16.2
9,8,2,2,13.2,36.18
10,8,6,0,0.3,16.95
2,15,4,1,0.6,2.07
6,10,0,0,2.0,12.19
15,8,3,0,6.0,31.38
3,16,6,0,1.3,5.37
11,12,2,0,4.4,18.43
6,10,5,0,3.4,15.37
3,9,0,0,3.1,8.55
11,17,2,0,5.6,25.32
15,8,2,0,0.0,27.88
13,20,4,2,7.9,29.8
10,17,3,0,5.3,23.61
6,9,0,0,8.3,19.1
15,19,2,0,4.7,31.39
18,20,2,0,6.3,28.38
18,17,6,1,0.7,39.71
7,7,0,1,1.2,12.13
15,6,2,0,1.1,20.16
18,8,2,0,0.3,32.85
18,21,2,1,3.9,32.01
9,16,1,2,0.4,16.2
2,7,1,0,0.2,2.45
8,21,3,0,4.5,14.8
2,6,4,0,7.1,9.42
11,6,6,0,4.3,17.18
7,7,6,1,5.2,17.81
6,18,0,0,2.7,12.54
10,18,4,0,6.6,24.77
5,14,4,0,2.1,7.35
11,18,6,0,13.4,30.43
1,18,1,0,0.3,1.94
2,10,3,0,5.0,6.92
1,14,4,1,3.1,5.5
19,13,6,0,2.6,25.47
2,18,4,0,3.9,7.95
4,21,2,0,5.5,10.87
12,16,0,0,6.0,19.79
18,11,3,0,0.6,22.25
1,6,6,0,0.7,1.0
1,15,0,1,0.0,1.0
14,10,1,0,0.4,23.2
4,17,4,1,0.9,9.97
5,6,4,0,3.8,10.42
11,12,5,0,1.9,14.18
13,15,0,0,4.3,20.32
16,19,1,0,2.0,30.44
13,16,6,0,2.4,18.29
2,13,5,0,0.4,2.7
16,13,5,0,4.5,23.09
6,12,2,0,4.3,11.13
14,7,5,0,1.1,17.78
1,10,5,2,1.2,2.44
17,9,2,1,0.7,39.28
11,10,4,0,5.0,24.73
19,15,4,0,4.1,28.69
3,14,3,0,2.8,6.52
11,20,5,0,0.8,13.93
5,9,0,1,0.6,12.33
17,21,4,0,0.2,19.76
7,20,1,0,0.1,8.03
10,20,6,2,0.6,18.84
11,17,0,1,0.3,24.15
3,13,3,1,2.4,5.97
10,13,5,1,1.3,17.45
10,7,2,1,1.8,15.38
14,19,3,0,2.7,26.3
12,11,0,0,3.2,17.22
15,10,2,0,3.1,29.14
10,7,1,0,0.9,12.99
10,17,2,1,5.0,26.06
19,15,2,0,7.5,30.04
1,9,1,0,1.1,1.0
10,12,4,0,0.1,11.54
2,18,4,0,6.9,11.0
17,6,2,1,7.7,33.31
7,20,6,0,0.2,9.45
7,21,2,0,0.0,8.25
9,14,3,0,5.1,15.71
2,15,6,0,1.1,4.14
14,17,4,1,7.4,37.49
17,6,1,0,0.7,21.58
1,20,5,2,5.9,6.5
9,17,5,2,0.2,21.38
19,10,2,2,0.9,47.25
4,12,2,0,10.9,16.72
8,13,5,2,0.8,15.01
13,7,3,0,0.4,15.41
4,9,3,1,5.8,14.0
9,7,3,2,0.4,14.28
9,9,0,2,0.3,22.52
18,20,1,1,1.2,27.71
12,11,0,0,3.0,16.24
10,11,2,0,3.7,15.74
11,17,3,0,6.4,26.56
7,18,3,1,2.3,17.64
9,7,5,0,1.5,13.54
6,21,5,0,1.3,8.2
19,16,6,0,5.6,30.16
16,9,3,0,3.9,31.14
15,9,4,2,7.1,45.23
7,19,5,0,10.0,22.52
16,6,1,1,1.1,25.53
5,20,0,0,2.3,8.74
16,19,1,1,3.0,37.73
1,7,5,0,0.5,1.13
19,19,3,0,0.2,32.63
5,8,2,2,6.1,18.41
7,18,4,0,2.3,14.88
19,20,5,0,2.5,26.63
5,16,1,0,2.4,8.01
17,10,2,0,4.2,33.66
8,16,5,0,0.5,9.61
1,13,3,0,2.9,4.7
2,20,6,0,1.9,2.48
15,11,3,0,6.8,25.2
18,8,3,0,2.2,33.84
11,11,3,0,8.6,22.45
10,12,5,2,1.3,17.98
4,11,6,0,10.2,15.46
5,15,4,1,6.2,13.95
4,11,4,0,2.6,8.0
13,6,1,0,1.3,16.14
13,8,5,0,1.4,23.18
18,12,6,0,4.4,26.53
2,9,6,0,2.6,6.77
16,17,3,0,1.5,29.38
1,9,4,1,3.0,6.1
19,12,5,0,4.0,26.31
9,14,2,1,0.1,13.75
3,19,4,2,0.3,5.04
7,16,4,0,0.3,8.77
10,18,6,0,0.8,18.34
1,18,1,0,1.7,2.69
10,20,4,0,4.9,17.56
9,7,2,0,1.3,11.92
15,14,3,1,0.1,21.83
15,8,0,2,2.0,38.34
3,11,1,1,17.1,23.15
5,9,2,0,1.3,9.19
9,6,1,0,9.8,21.13
9,14,5,0,0.3,10.18
7,16,3,0,0.6,9.2
12,20,4,0,3.9,17.92
9,11,5,0,2.1,12.55
6,21,4,2,4.3,14.69
2,13,6,1,6.0,9.35
9,20,2,0,0.9,11.53
17,20,3,2,3.4,33.41
1,7,0,0,2.8,3.32
19,12,0,0,5.9,28.86
6,11,4,1,1.7,10.56
5,7,5,2,0.2,8.11
2,21,6,0,2.6,4.56
9,7,3,0,9.6,19.87
14,9,3,1,0.0,30.96
4,9,2,0,0.8,8.0
4,21,5,0,1.1,5.68
15,8,0,0,4.4,30.95
8,13,2,2,1.2,13.89
4,19,1,0,0.8,9.05
16,12,3,1,3.1,27.46
4,7,0,0,0.1,6.01
16,8,2,0,0.6,28.04
12,15,4,2,1.6,23.36
16,14,1,0,1.3,20.44
19,18,2,0,1.3,34.5
8,10,4,0,0.3,13.89
6,7,0,1,1.3,9.85
10,8,0,0,4.8,22.0
5,13,1,0,1.6,5.97
18,9,4,0,2.6,34.09
10,19,3,0,0.5,18.11
10,7,6,0,0.2,12.25
7,7,6,1,6.4,16.35
18,11,0,0,1.2,23.15
1,13,5,0,1.3,1.57
7,12,3,0,6.3,14.76
1,9,3,2,3.7,8.25
15,7,6,0,4.2,22.14
4,14,2,0,3.4,8.97
10,9,2,1,0.3,22.24
9,14,0,0,9.5,20.17
2,10,3,0,7.2,10.61
14,19,2,0,0.8,24.54
16,17,4,1,4.9,40.31
1,20,4,0,1.6,2.62
2,17,4,1,3.5,7.16
7,16,4,0,0.5,9.25
10,16,3,0,2.3,14.47
1,19,4,0,0.4,2.86
13,12,3,2,2.3,24.4
1,17,6,0,0.8,1.61
5,21,0,0,1.8,7.93
16,10,0,0,3.3,31.12
15,20,4,0,6.3,23.23
17,7,4,0,0.5,21.72
16,11,4,0,6.7,25.53
13,21,0,0,1.5,16.74
11,12,2,0,5.6,19.37
17,19,0,1,2.2,40.94
17,20,4,2,5.9,34.5
2,16,2,0,3.3,5.66
13,18,2,0,2.1,25.75
14,11,1,0,1.1,17.3
11,18,6,0,10.4,30.57
10,19,3,0,4.8,23.62
3,8,6,0,1.4,7.88
17,15,4,2,0.5,28.85
15,13,3,0,4.5,23.33
9,8,1,0,13.8,30.12
10,19,3,0,1.0,19.29
8,10,4,0,7.4,20.19
13,14,1,1,0.4,18.84
18,16,3,0,9.1,31.34
5,10,0,2,4.1,16.36
6,20,2,0,1.3,8.17
17,12,6,0,1.1,21.91
11,16,1,2,3.1,20.17
16,19,0,0,2.7,31.07
9,12,4,0,7.5,18.0
2,10,2,1,4.4,9.64
5,21,6,0,2.3,8.65
1,7,1,0,7.9,8.39
4,10,2,0,2.7,8.92
4,12,5,0,5.7,11.06
3,12,5,0,5.5,8.14
9,9,1,2,7.5,32.14
12,6,1,0,0.2,14.56
10,11,3,0,2.6,15.08
2,18,2,0,1.9,4.43
11,20,5,0,2.0,15.27
10,19,6,0,1.8,18.18
6,8,5,0,5.5,17.46
18,16,2,1,1.2,27.75
2,10,5,0,1.9,4.63
2,9,6,0,0.7,5.18
10,20,0,0,0.9,13.43
16,18,5,0,3.2,31.79
12,7,5,1,0.4,19.22
1,17,4,0,0.6,2.08
8,20,0,0,2.3,10.8
16,12,3,0,0.1,19.48
18,19,1,0,0.4,31.71
13,10,6,2,6.0,38.85
15,20,5,0,5.6,22.52
12,19,6,0,1.3,23.35
8,12,3,0,1.3,11.13
10,14,3,0,8.3,20.87
14,9,0,0,0.1,22.7
5,10,6,2,2.6,16.91
18,14,1,0,2.7,24.63
19,18,4,1,4.7,47.07
15,15,3,0,9.1,26.51
6,16,4,1,1.3,10.7
11,21,1,0,1.7,15.57
11,19,1,0,3.3,23.9
18,18,0,2,10.3,53.36
18,9,6,0,6.6,37.35
10,10,2,0,3.3,20.9
2,18,6,1,5.8,10.85
9,10,5,0,0.3,15.09
14,13,0,0,1.4,19.03
19,20,6,1,0.0,28.29
10,18,4,2,0.6,27.12
4,20,6,1,3.0,8.79
6,9,0,0,6.5,15.79
14,9,1,0,3.0,27.49
4,18,3,1,3.3,11.89
15,12,5,0,0.3,17.9
16,16,5,1,3.3,27.45
7,10,2,0,1.8,15.47
17,11,1,0,3.2,24.2
19,11,5,0,1.2,23.85
19,17,5,2,2.6,49.4
17,21,3,0,1.7,20.88
6,11,4,2,2.5,13.57
11,19,4,2,0.5,29.41
16,15,4,2,1.5,28.57
8,10,0,2,1.4,20.75
11,18,4,1,4.0,26.97
7,18,4,1,3.7,19.37
19,10,0,0,7.2,39.3
10,14,3,0,3.0,15.0
9,18,1,0,1.1,17.65
4,13,5,0,4.6,8.98
15,20,2,0,2.1,19.08
13,9,5,0,0.6,23.56
2,12,4,2,4.1,8.68
2,13,4,0,0.4,2.68
16,17,6,0,0.6,27.94
9,14,5,1,4.3,16.7
13,10,5,0,4.4,27.27
3,8,6,0,4.7,8.66
9,20,4,1,1.0,15.05
13,18,0,0,6.0,28.68
2,9,0,0,3.8,7.05
8,20,0,0,5.4,15.24
9,15,2,0,3.7,14.45
16,11,1,1,2.6,26.12
2,15,4,0,0.3,2.16
6,16,3,2,3.7,13.64
8,10,5,0,3.5,18.9
5,14,5,0,1.1,7.26
9,18,4,2,4.0,26.38
1,16,4,2,2.4,3.84
9,16,4,0,2.5,13.71
10,19,5,0,1.4,17.86
4,8,6,1,0.4,8.25
3,7,4,0,0.7,4.14
10,11,5,0,4.4,17.22
15,18,1,1,1.0,32.88
11,12,3,0,0.0,13.34
14,10,0,0,17.4,41.32
6,6,6,0,0.7,8.46
12,8,3,2,3.2,30.37
13,8,4,0,7.8,31.0
17,17,3,1,2.7,39.1
16,19,4,0,4.8,33.67
3,9,3,0,11.2,16.95
2,19,2,0,5.9,8.72
11,15,3,0,2.4,15.12
9,11,0,0,1.4,11.81
3,10,0,0,2.0,7.31
18,6,6,1,5.5,31.36
15,20,3,1,5.8,28.19
14,11,5,0,5.6,22.71
2,19,5,1,2.7,7.23
17,19,5,0,1.9,30.66
8,14,3,0,1.1,10.46
10,16,5,0,0.0,11.5
18,6,1,0,4.3,26.15
19,13,3,0,1.0,23.71
8,21,0,0,1.2,10.0
8,13,6,0,5.6,14.77
3,8,5,0,0.2,5.83
3,21,2,2,7.9,12.12
12,20,5,1,0.0,18.42
17,18,0,0,8.4,38.43
4,14,1,2,1.8,8.47
17,16,3,0,0.3,20.46
14,18,5,1,3.4,35.34
19,18,2,0,6.8,39.96
9,16,6,0,1.7,13.04
12,13,0,0,3.5,16.43
5,8,6,0,11.6,20.46
11,15,6,0,0.8,13.94
3,10,2,0,5.2,10.09
15,8,4,0,1.0,26.7
14,10,0,0,1.7,25.74
11,21,4,1,1.0,18.03
8,14,2,0,1.8,12.27
4,20,3,1,0.0,6.54
12,17,3,0,1.1,20.97
8,21,3,0,1.8,11.56
6,9,6,0,3.0,13.41
15,11,4,2,3.0,29.37
12,8,6,0,2.6,24.4
16,8,3,0,1.0,29.84
16,21,6,0,8.8,29.28
4,10,1,0,1.5,9.32
11,13,0,0,0.7,14.36
13,19,0,0,2.4,24.01
9,13,6,1,4.1,18.68
4,8,2,1,0.0,9.15
12,13,5,2,1.0,22.1
9,18,4,0,5.2,20.23
13,16,0,0,2.1,16.73
16,18,6,0,1.6,29.05
6,13,4,2,8.0,19.11
10,8,2,0,0.3,17.66
13,15,3,0,2.9,18.2
7,20,5,2,1.3,13.36
19,18,2,0,0.2,33.44
19,20,1,0,0.7,23.63
17,15,3,0,3.0,23.32
13,7,3,0,0.1,17.61
13,15,3,2,2.7,25.42
2,7,2,0,9.4,11.89
10,14,1,0,4.8,16.92
13,12,5,0,1.3,16.32
9,21,4,0,0.4,11.32
1,11,2,0,1.9,2.77
14,21,0,0,1.5,18.18
16,21,0,0,10.7,29.09
15,12,2,0,13.8,31.58
1,13,4,1,1.6,3.29
17,17,0,0,0.5,28.93
13,6,4,1,7.2,26.61
15,13,3,0,4.7,22.88
16,8,2,0,2.1,30.09
16,21,3,2,1.4,27.95
2,8,0,0,1.8,5.02
17,11,4,0,7.0,27.52
11,9,3,0,0.6,19.45
8,9,0,0,4.9,19.85
3,9,6,0,0.1,4.76
12,15,1,0,7.6,23.35
16,14,3,0,2.1,21.9
14,13,1,0,0.8,16.61
16,8,1,1,0.0,34.3
17,6,5,0,2.5,22.72
11,6,0,0,0.8,13.81
17,6,2,0,3.0,24.85
19,9,4,0,1.0,33.73
1,19,6,0,0.3,2.84
12,11,0,0,2.1,16.39
15,9,5,0,2.5,28.75
18,16,5,1,1.8,28.56
14,16,6,1,1.8,21.71
1,8,3,0,2.7,4.45
13,13,4,1,2.2,21.49
15,19,5,1,0.4,34.31
7,13,2,0,0.7,9.55
15,11,0,2,0.5,24.0
10,14,2,0,3.5,15.8
14,17,3,0,2.3,25.6
6,15,0,0,1.7,9.15
14,6,3,2,4.8,29.51
12,18,4,0,1.2,21.53
11,13,4,0,2.5,16.2
19,11,2,0,0.2,23.12
2,6,2,0,4.1,6.81
1,9,4,0,3.6,7.86
8,10,1,1,4.9,23.36
14,12,4,0,6.5,23.95
9,13,6,0,4.3,15.15
2,14,0,1,5.6,9.24
5,17,6,0,1.3,9.88
8,17,3,0,1.3,16.34
16,11,4,0,8.7,26.94
16,15,4,1,7.4,30.8
13,14,5,0,2.4,17.9
15,9,3,0,1.4,27.27
1,13,5,0,6.0,6.62
3,8,3,1,1.2,6.02
6,9,6,0,0.5,11.77
14,15,0,0,3.1,19.71
4,9,3,0,0.1,6.35
18,11,2,0,1.4,22.91
15,20,4,0,4.9,22.82
9,14,3,0,1.0,10.94
18,11,0,1,8.0,33.89
3,6,3,2,9.4,14.73
10,10,4,0,5.1,22.12
17,14,1,0,13.2,33.72
7,10,3,0,2.3,15.22
15,11,2,1,2.5,25.11
1,8,4,0,5.4,7.81
11,13,0,0,2.0,16.25
17,15,6,1,1.6,27.34
5,16,6,1,2.9,11.8
7,21,4,0,3.2,12.47
19,18,5,0,4.2,38.31
15,9,1,0,3.3,28.78
3,9,0,0,4.1,8.24
15,16,1,1,3.4,26.14
5,17,6,0,2.0,12.28
12,10,1,0,0.4,19.46
5,19,2,1,4.6,17.4
3,15,6,0,0.1,4.34
9,20,3,0,14.7,25.91
9,14,2,0,5.3,15.69
7,18,2,1,3.3,17.87
2,13,5,0,10.2,13.18
16,12,2,0,2.8,21.43
9,10,0,0,0.2,14.55
13,14,3,1,2.5,23.1
19,14,3,0,1.0,24.91
17,15,6,0,1.4,21.83
6,15,0,2,1.8,13.53
4,7,2,2,4.5,12.12
1,9,2,2,2.1,5.76
18,13,1,0,1.9,24.69
19,21,6,1,1.1,28.15
9,18,6,0,2.3,18.41
13,19,1,0,0.9,22.57
8,6,5,0,0.9,10.64
13,18,4,0,4.2,28.55
15,20,1,0,1.3,19.15
11,10,3,0,0.2,17.82
12,13,0,1,1.3,20.36
14,7,2,0,3.1,19.91
4,7,4,0,5.0,10.05
1,18,1,0,9.8,12.27
4,21,6,2,4.1,9.94
19,21,4,0,1.7,25.73
9,13,0,0,1.1,11.39
10,15,0,0,0.4,12.88
4,21,6,1,3.0,8.73
9,17,4,0,2.1,17.91
13,14,4,0,3.4,18.3
12,12,5,0,0.8,14.78
11,13,4,1,1.2,17.7
12,10,2,0,1.0,21.32
18,6,3,0,4.8,27.76
12,9,1,0,0.6,19.86
16,20,6,2,2.8,29.57
5,7,1,0,0.2,7.53
12,8,1,0,2.4,23.37
11,17,4,0,0.2,18.11
9,8,6,0,0.6,15.94
18,14,4,0,0.4,22.79
3,18,5,0,1.3,6.7
17,20,4,2,1.3,29.25
14,15,5,0,5.3,20.86
1,20,5,1,0.8,2.7
17,9,2,0,0.3,29.41
8,7,2,2,2.8,16.14
5,8,2,0,3.5,13.73
5,8,2,0,1.0,9.01
9,19,0,0,2.8,19.13
3,12,2,1,4.5,9.31
19,13,2,1,1.3,29.74
9,18,2,0,2.2,18.8
18,21,5,0,0.5,23.86
16,16,1,0,0.1,19.26
1,18,6,0,11.9,13.07
2,11,1,0,1.1,3.72
14,9,1,0,1.0,24.1
14,11,3,0,10.9,28.73
1,18,0,1,3.9,6.24
16,16,5,1,2.6,25.85
15,6,4,0,3.6,21.54
15,18,5,1,3.7,35.0
12,15,2,0,4.3,19.03
16,13,1,1,0.2,23.67
14,6,5,0,1.6,18.65
15,20,0,1,1.0,24.64
15,10,2,0,0.2,28.06
19,7,3,0,1.6,25.57
8,21,4,0,2.9,12.94
2,20,2,0,0.6,3.45
2,11,6,0,1.1,3.66
10,14,4,0,3.1,15.66
3,10,5,1,2.6,7.43
17,9,2,0,6.1,35.86
8,19,3,0,4.7,17.69
4,7,5,0,10.1,15.96
14,17,0,0,2.7,27.38
10,8,4,0,3.6,21.36
1,11,4,1,5.9,8.16
4,13,0,0,5.5,10.78
1,19,6,0,3.8,5.35
17,13,4,0,2.1,22.86
17,10,5,0,1.0,29.43
7,10,1,0,6.3,17.9
15,15,6,0,4.5,21.65
13,19,0,2,5.5,37.39
2,18,3,0,0.5,3.98
19,8,6,0,1.1,34.99
13,21,2,0,1.7,17.64
11,20,2,1,5.5,22.01
15,12,0,1,6.7,27.78
10,20,1,0,1.0,13.62
9,18,5,2,3.5,26.93
9,11,3,0,0.2,11.1
1,20,2,0,1.6,2.01
17,6,2,1,2.0,28.19
12,9,5,1,4.4,30.58
10,11,1,2,6.7,22.72
5,21,4,1,1.2,9.67
18,16,6,2,2.3,31.73
15,11,0,0,3.1,20.85
6,16,1,0,1.2,8.44
7,19,1,0,12.7,25.4
17,20,1,1,6.3,30.6
6,17,1,0,1.1,11.91
8,17,4,0,2.1,16.33
12,8,5,1,0.8,26.82
14,11,3,2,2.2,26.16
12,17,6,0,3.4,23.45
10,15,1,0,0.3,12.19
15,11,6,0,6.1,24.49
7,17,1,0,2.7,14.65
9,14,0,0,13.7,24.52
10,14,2,2,0.1,15.46
10,7,4,0,5.3,17.87
16,9,1,0,4.7,31.42
7,14,3,0,0.4,9.64
5,20,3,0,1.2,7.47
3,19,3,0,6.5,11.4
18,18,0,1,2.2,41.8
11,9,3,1,1.5,27.31
15,13,5,0,7.1,25.73
5,15,0,1,0.3,6.22
12,17,4,0,1.9,22.65
4,8,3,0,3.2,10.0
15,8,2,0,2.8,29.24
9,14,1,0,0.9,12.14
7,21,4,0,2.5,11.18
10,16,5,0,3.7,15.58
13,15,2,0,2.6,17.67
8,13,4,0,3.5,12.48
12,6,5,0,0.9,15.77
19,15,3,0,5.4,28.02
1,19,4,0,1.8,3.2
16,7,4,0,13.1,31.28
17,8,4,0,0.1,29.63
18,19,0,1,1.4,41.14
11,16,2,0,0.6,14.95
18,7,6,0,2.4,23.01
7,8,5,0,0.8,12.29
18,13,3,0,4.0,25.32
8,16,1,2,6.4,19.93
6,16,3,0,0.7,7.94
7,17,3,0,0.5,13.11
10,19,0,1,6.2,29.08
11,21,0,0,1.3,14.66
13,11,4,0,1.7,17.44
9,20,3,1,0.7,14.21
7,19,2,1,1.7,15.93
9,12,0,0,0.8,12.14
13,15,5,0,3.3,18.85
3,20,0,1,2.1,6.79
3,20,2,0,4.7,9.27
1,18,0,0,1.1,4.46
2,15,6,0,2.1,4.29
3,11,2,0,0.9,4.23
15,6,6,0,8.2,26.1
6,16,6,0,2.2,9.02
13,8,1,1,0.6,28.76
1,18,2,0,1.0,2.36
19,6,1,0,0.3,23.14
1,17,5,0,0.1,2.52
2,20,4,1,2.2,6.01
15,21,4,0,1.2,17.99
14,15,6,0,10.0,26.09
19,17,0,0,0.6,32.8
11,14,2,0,4.7,18.05
15,18,0,2,1.1,39.95
6,14,2,0,0.8,9.1
9,10,0,0,10.5,24.91
5,9,4,1,4.9,15.45
2,17,5,0,3.0,5.33
6,21,4,0,3.6,10.16
18,14,0,0,14.3,35.73
19,14,2,0,2.7,25.29
9,20,3,0,0.3,11.2
6,8,5,0,0.2,10.04
14,10,2,0,3.3,27.58
13,8,0,0,3.2,26.35
11,15,2,0,4.1,17.86
12,7,1,1,0.3,17.78
19,6,2,1,8.7,37.65
19,17,4,0,2.4,34.64
19,15,6,2,3.1,36.04
13,7,4,0,0.1,17.42
14,13,1,0,9.7,25.76
18,16,5,0,2.5,23.96
12,13,2,0,2.5,16.82
4,8,5,0,8.6,14.93
10,12,3,0,8.0,20.64
17,21,2,0,0.7,21.32
4,12,4,0,8.0,13.38
12,7,6,2,4.0,22.71
13,14,4,0,0.1,15.37
4,8,5,0,0.8,7.35
10,7,0,1,1.6,18.3
3,17,4,0,2.6,7.12
15,8,0,0,3.6,30.48
2,7,4,0,0.7,1.69
17,20,4,1,5.4,31.58
6,13,6,1,5.6,14.05
8,10,3,0,3.0,16.75
3,8,0,0,7.6,14.04
18,10,0,0,5.0,35.1
1,16,4,0,0.8,1.86
16,16,0,2,4.8,31.28
7,13,4,0,9.2,18.44
3,12,4,0,0.4,4.35
4,11,5,0,11.5,16.31
9,19,2,0,0.1,16.01
5,18,0,2,2.2,12.43
19,6,6,1,4.5,33.97
15,15,1,0,4.7,23.81
8,6,5,1,4.0,16.02
6,6,0,0,2.3,9.09
18,19,6,0,3.2,35.66
19,15,0,0,3.6,25.94
15,19,3,0,2.0,29.33
7,13,1,0,2.7,12.43
10,13,1,0,5.6,17.8
6,19,6,0,1.1,10.47
14,12,3,0,2.2,19.55
17,11,3,0,0.0,20.16
9,9,0,0,3.5,19.16
19,6,2,0,0.7,23.84
5,20,6,1,2.0,10.01
7,20,3,0,0.7,8.9
19,14,1,0,0.1,23.67
7,20,6,0,2.0,10.36
2,6,1,0,1.7,3.69
16,9,0,0,1.7,27.85
13,8,6,0,0.7,23.0
8,12,2,0,8.8,19.08
6,10,4,1,0.0,12.26
6,10,6,0,6.7,17.57
9,9,3,0,4.0,18.9
4,6,3,0,0.6,5.06
11,10,0,0,1.9,20.89
5,9,5,0,13.5,22.35
17,19,5,0,3.1,31.96
7,15,2,0,0.4,9.58
15,18,1,1,1.8,34.37
15,13,1,0,1.9,20.63
14,7,4,1,4.9,26.26
13,13,1,0,7.4,23.43
11,6,5,0,0.3,15.03
13,18,5,0,1.1,23.79
9,9,3,0,1.1,16.5
10,8,4,0,16.6,33.24
4,10,2,2,2.5,12.73
17,18,4,0,6.4,35.78
14,10,6,1,1.7,33.28
18,10,2,1,3.8,42.82
11,21,5,0,1.0,13.72
16,17,1,0,7.3,34.96
1,9,0,0,1.8,4.41
7,13,4,1,4.9,16.45
10,8,4,1,0.9,23.96
9,17,3,0,3.5,20.0
3,9,3,0,1.6,5.18
14,6,5,0,0.1,16.95
15,12,2,1,1.6,23.0
2,6,0,2,2.4,6.69
14,20,6,0,0.5,17.4
16,7,3,0,0.6,20.54
7,16,3,0,1.9,10.87
4,12,1,0,1.3,6.57
18,6,1,1,1.7,28.8
5,16,5,0,1.9,7.83
6,8,5,0,0.5,9.27
7,18,3,0,0.6,11.43
15,11,2,0,5.7,22.58
1,11,6,0,0.5,2.76
4,11,0,1,3.3,10.33
1,16,3,0,1.6,2.84
11,18,2,0,10.3,29.15
18,7,2,0,0.2,20.83
14,7,3,0,5.3,21.92
11,11,2,0,2.0,15.78
10,15,4,0,0.0,11.45
17,10,2,0,0.9,30.68
4,19,3,0,1.6,7.92
15,12,2,1,1.1,22.27
16,12,6,0,1.4,20.19
13,10,3,0,7.5,30.43
9,13,1,0,1.3,11.6
11,15,3,1,1.6,18.31
11,11,2,0,4.3,18.1
6,20,3,0,4.7,10.78
1,10,0,0,0.3,3.29
6,9,3,0,3.7,15.43
13,12,3,1,2.0,20.36
5,9,0,2,0.4,12.61
15,10,0,0,0.9,26.25
18,10,0,1,0.1,39.59
14,6,5,0,1.3,18.2
15,20,4,0,0.9,18.37
5,6,5,1,1.4,9.48
4,8,3,0,2.6,10.32
2,20,5,0,4.0,5.26
7,19,5,1,2.8,17.24
10,16,0,0,3.4,15.56
16,8,0,0,6.0,33.77
10,7,1,0,6.2,19.2
18,17,5,1,5.9,45.57
17,7,4,1,0.5,25.46
13,11,3,0,0.9,15.74
1,18,6,1,2.1,4.1
1,6,6,1,1.3,2.27
15,11,2,0,0.4,17.35
1,10,4,1,1.0,3.6
6,11,4,0,11.1,18.21
13,10,1,0,1.3,25.19
1,12,3,0,1.6,3.06
5,6,3,0,0.0,7.99
9,18,0,0,3.8,20.88
17,8,0,0,1.6,32.29
16,11,4,0,0.3,19.98
8,6,1,0,10.4,20.19
17,18,3,0,4.5,33.94
15,16,1,1,3.9,24.82
1,16,2,1,9.5,10.88
12,12,6,1,1.6,18.83
5,9,3,0,3.8,12.24
6,8,0,1,0.7,12.6
1,15,4,0,3.6,5.3
1,14,1,0,0.0,1.4
10,6,6,0,0.4,12.34
10,13,6,0,1.7,15.12
3,6,6,1,0.0,4.95
17,18,0,0,1.9,30.54
19,19,4,0,2.2,34.98
11,10,0,1,2.9,26.17
18,15,3,0,0.3,21.72
2,13,1,1,0.6,3.61
9,11,2,1,2.9,15.51
17,12,5,0,3.2,24.17
14,16,6,0,0.1,16.31
4,13,0,0,2.3,8.0
17,18,5,0,4.6,34.01
17,11,1,0,0.2,20.62
12,16,3,0,1.6,16.51
18,11,0,2,1.2,31.34
3,16,3,1,7.3,10.97
11,11,2,1,0.6,17.76
18,10,6,0,1.1,32.64
4,13,2,0,6.9,11.9
17,18,6,0,1.2,31.72
18,7,4,0,2.3,25.62
5,12,4,1,0.1,7.85
14,20,4,2,12.6,35.06
10,9,3,0,5.2,23.21
15,6,4,1,3.0,24.15
1,18,1,0,0.2,2.33
16,10,5,0,0.2,27.74
11,8,5,0,2.4,21.68
6,9,3,0,1.0,11.52
16,12,3,1,2.9,27.17
2,10,4,1,2.7,7.11
1,19,6,0,5.5,7.77
9,20,5,0,1.0,11.56
12,9,5,0,2.6,24.09
17,6,4,1,4.5,31.1
15,11,3,2,2.0,27.23
19,16,2,1,5.3,33.33
10,15,6,1,0.4,14.43
12,11,2,0,4.0,18.8
14,21,4,0,8.6,26.28
9,12,2,0,1.2,12.3
13,21,1,0,1.4,17.4
3,6,1,1,0.3,6.18
14,19,1,1,3.1,34.61
10,9,3,0,2.4,20.63
16,17,3,0,0.1,28.68
7,14,3,0,4.2,12.49
4,20,3,0,5.3,9.89
11,17,3,0,7.1,23.85
16,19,4,0,2.4,30.41
4,15,2,2,1.8,8.34
17,11,4,0,6.3,25.92
13,7,2,0,1.5,15.84
11,9,4,0,3.2,22.26
3,11,1,2,2.9,8.75
9,9,0,1,1.4,20.81
6,20,3,0,0.3,6.47
11,15,0,2,0.1,18.62
16,12,0,0,1.7,22.07
19,17,1,0,2.0,35.23
5,18,0,0,5.2,13.67
14,8,0,0,1.6,27.05
17,11,1,0,1.0,22.31
3,18,2,2,1.9,8.04
4,20,4,1,0.8,6.55
16,21,5,0,0.3,20.93
16,17,0,0,0.4,29.13
4,9,3,0,1.2,8.83
19,8,1,0,0.0,32.67
17,17,6,0,0.7,29.67
13,8,6,0,4.6,26.77
1,19,0,1,0.8,3.92
12,7,5,1,0.4,18.7
4,16,2,0,8.9,13.89
11,8,2,0,2.9,23.13
5,18,5,0,0.2,8.08
2,17,3,0,0.2,4.24
17,19,0,0,2.8,33.02
8,15,3,0,2.3,12.94
6,6,2,0,0.2,7.4
9,20,6,1,0.8,14.3
13,8,2,0,7.9,32.42
11,14,4,1,2.5,18.99
16,9,2,0,1.7,29.83
16,20,1,1,0.9,23.64
2,8,4,0,0.4,4.27
10,21,3,0,1.5,13.35
12,13,2,0,7.7,21.76
8,6,5,0,0.1,9.11
11,10,1,0,14.1,32.65
10,6,4,2,0.7,16.6
13,12,1,1,1.6,21.78
17,10,4,0,0.1,28.86
7,20,4,0,2.6,12.06
3,7,4,0,2.0,6.19
13,17,5,1,3.3,31.09
19,21,3,1,2.3,31.02
7,19,4,0,1.5,13.54
9,6,4,0,4.0,15.16
19,16,1,1,0.1,27.46
13,20,4,0,2.3,17.47
8,12,3,0,0.4,9.64
18,17,6,0,1.7,32.43
2,6,5,1,4.7,6.8
18,8,5,0,0.5,31.56
18,16,1,2,8.2,38.3
11,20,6,0,6.6,20.79
1,11,4,0,1.6,2.04
14,20,1,0,0.0,17.04
16,11,5,2,4.7,32.87
11,20,3,0,6.4,20.34
1,12,1,0,0.6,2.37
7,16,3,0,7.4,14.94
16,19,6,0,7.4,35.04
14,16,6,1,1.9,21.05
15,6,2,0,4.8,22.31
14,12,4,1,1.8,21.02
11,7,3,2,2.5,21.08
16,11,4,0,1.2,21.2
19,18,6,1,0.5,42.4
17,13,3,0,4.1,24.54
6,18,0,0,0.0,9.72
11,10,6,0,2.6,21.29
17,15,0,1,6.0,31.8
9,8,0,0,0.8,15.57
18,16,6,0,1.2,22.8
17,13,3,2,2.7,30.69
12,13,5,1,0.9,19.36
5,9,5,0,5.6,13.43
11,13,4,0,1.4,15.04
4,10,0,0,2.6,11.09
4,18,4,0,0.8,5.69
3,16,3,0,0.1,1.0
17,10,4,0,0.6,31.43
7,8,4,0,0.1,12.12
4,20,0,1,1.9,8.34
13,12,6,0,2.7,17.63
12,16,5,0,0.1,14.94
1,19,1,0,0.3,1.45
19,16,2,0,2.0,25.33
18,14,3,0,4.8,25.26
11,14,3,0,3.0,15.69
3,6,3,0,0.3,3.48
17,6,2,0,6.6,27.22
12,15,1,0,7.5,22.14
10,17,5,0,1.2,18.23
8,17,4,0,2.9,17.24
15,16,5,0,2.0,19.05
5,20,3,0,8.5,14.28
4,10,4,0,2.1,9.75
19,6,0,2,9.7,42.33
4,9,5,0,0.7,7.55
15,17,0,1,1.3,33.99
17,6,0,1,4.6,30.12
12,20,6,2,4.6,25.08
3,7,5,0,4.0,8.49
10,7,3,1,5.9,19.59
15,21,2,2,3.6,28.25
10,9,3,0,3.0,21.17
18,13,0,0,1.8,21.76
1,7,0,2,1.9,4.94
3,19,3,0,1.6,6.96
12,14,2,0,2.9,16.49
1,20,2,1,1.6,4.27
3,17,6,0,0.5,4.96
3,14,4,0,0.3,3.67
5,7,1,0,7.7,13.48
19,6,0,0,0.1,24.45
1,15,2,1,0.3,1.35
4,20,5,0,1.8,5.96
4,15,6,1,0.9,7.36
17,14,0,0,1.6,23.5
14,20,1,0,0.4,16.35
18,7,5,0,0.4,21.61
1,13,0,0,4.8,5.83
16,19,6,1,4.3,40.01
3,8,6,0,0.3,4.7
9,6,2,1,3.3,15.38
4,16,4,0,2.8,7.22
5,6,3,0,3.7,10.6
11,15,6,0,1.9,16.03
9,7,5,1,0.9,13.38
3,12,3,0,3.3,7.95
6,17,2,0,1.4,13.52
11,11,2,0,0.7,13.73
9,21,5,0,1.6,11.91
15,17,1,0,4.3,30.8
3,16,6,0,1.9,5.57
1,7,5,2,1.1,1.0
19,9,0,0,5.3,37.89
14,7,1,0,6.4,23.14
17,6,3,0,1.7,22.61
14,17,0,0,1.4,25.36
17,8,1,0,2.8,33.08
14,20,3,2,0.2,24.25
12,9,0,1,3.5,29.03
16,15,4,0,4.6,22.99
1,10,6,0,1.5,3.59
13,10,5,1,0.6,27.53
6,20,5,2,0.1,10.92
17,12,5,0,3.0,22.18
12,19,4,0,0.9,21.49
19,20,6,1,1.9,28.71
6,15,1,0,1.5,8.56
7,13,6,0,0.6,9.79
1,14,2,2,2.1,3.19
1,17,0,1,1.8,2.75
5,12,1,0,2.9,9.93
6,10,2,0,0.9,11.62
16,14,5,0,0.7,19.8
16,13,5,2,5.1,32.85
14,15,5,2,3.6,26.55
1,14,2,1,4.4,6.88
13,15,0,0,0.4,16.76
10,21,0,0,0.8,11.4
10,13,2,0,2.6,14.18
9,11,3,0,5.8,16.22
13,9,5,0,6.7,30.6
3,14,1,0,5.3,10.04
18,21,0,0,0.1,21.07
2,17,6,2,5.2,9.89
17,14,2,0,6.9,27.83
19,15,3,1,0.2,28.98
13,21,4,0,1.6,17.23
13,15,2,1,2.3,22.17
1,14,6,0,0.8,3.29
2,19,3,0,2.2,6.06
1,15,4,0,6.5,7.88
5,8,3,0,6.1,13.06
3,16,0,0,8.4,13.67
7,17,2,1,2.0,16.46
13,20,6,0,1.6,17.25
18,8,4,0,3.3,36.4
7,16,3,0,1.6,10.48
1,11,4,0,0.1,1.0
5,11,1,1,3.8,11.21
17,20,6,0,1.0,21.24
8,18,2,0,0.2,14.23
15,20,0,1,0.1,22.36
4,18,4,0,8.0,14.48
2,11,5,1,0.9,5.13
5,10,3,0,1.8,11.16
1,19,5,0,9.0,10.6
5,10,4,0,1.9,10.12
6,7,6,0,0.2,8.23
2,19,5,1,2.4,6.96
1,12,3,0,0.3,1.0
4,17,4,0,0.3,6.82
7,9,0,0,5.7,18.77
1,19,0,0,1.0,4.21
1,8,2,1,3.4,6.71
8,13,0,0,2.1,11.11
16,9,4,1,0.8,34.59
13,20,6,2,2.2,24.28
18,16,4,0,0.2,21.5
10,9,0,1,1.3,22.33
12,13,1,0,2.2,14.81
1,6,4,0,0.8,2.02
10,14,2,0,3.2,15.87
9,19,1,0,0.2,15.96
3,21,0,2,2.0,5.87
19,12,6,0,3.8,27.37
9,20,3,0,1.7,12.85
10,17,4,0,6.2,24.23
19,7,3,0,3.0,25.7
16,16,5,0,9.5,28.82
18,21,2,1,1.0,28.99
14,17,1,0,8.4,32.42
3,11,3,1,2.8,7.41
2,13,2,1,4.1,6.87
1,16,3,0,7.0,8.41
18,10,3,0,2.4,34.48
9,11,2,0,5.9,16.3
13,17,4,1,2.3,29.95
2,15,3,0,2.7,4.31
7,13,2,0,1.8,10.33
16,18,3,0,0.5,27.09
19,11,6,0,2.4,25.15
15,17,4,0,11.4,36.4
11,14,6,0,4.6,16.77
1,20,6,0,4.1,5.56
7,17,2,0,3.1,15.23
8,14,6,0,1.3,10.93
10,14,3,0,0.6,12.87
5,11,0,1,0.8,7.08
9,17,4,0,0.0,16.45
1,20,3,0,3.4,4.47
2,17,1,0,5.0,8.27
19,14,2,0,0.9,23.49
14,8,3,0,0.3,25.83
10,10,4,0,1.2,19.15
9,7,6,1,1.0,14.86
10,17,4,0,1.8,20.23
6,18,1,0,0.9,11.25
17,18,6,2,1.2,42.6
6,13,1,0,7.1,13.95
4,16,5,0,1.2,6.91
3,18,5,0,4.6,9.19
19,9,3,2,2.9,50.02
18,11,0,0,1.2,23.11
4,11,6,0,5.1,10.96
8,21,4,0,2.7,12.16
17,10,0,1,0.0,36.78
5,17,6,1,0.2,12.77
13,17,6,0,4.2,26.53
1,6,6,0,1.8,2.73
13,16,6,0,1.6,17.64
4,12,0,0,0.5,4.53
14,15,3,1,0.5,20.56
3,20,2,0,4.8,9.73
5,13,2,0,5.3,10.19
7,6,2,0,2.5,10.54
1,15,1,0,1.0,3.3
12,12,6,0,8.1,22.54
11,9,6,2,2.9,30.05
8,11,4,0,4.8,14.91
6,14,1,0,0.0,5.74
2,20,4,0,1.8,3.46
19,21,5,0,6.1,28.07
14,10,4,0,1.2,26.49
1,13,4,0,3.9,4.6
10,21,3,0,3.2,13.49
16,21,2,0,0.5,19.45
4,10,6,0,4.5,10.12
11,7,1,0,0.4,14.13
16,9,5,1,3.9,39.68
1,19,1,0,14.1,16.05
16,7,6,2,9.5,36.93
19,12,3,0,4.8,27.48
9,12,4,0,2.3,13.46
9,19,5,2,3.4,26.1
9,20,2,0,3.9,14.35
17,8,6,0,0.0,30.91
12,19,0,0,0.3,21.31
13,18,0,1,2.7,32.46
8,12,3,0,0.0,9.11
16,20,2,0,7.2,26.4
18,6,0,0,2.0,24.23
1,6,0,1,0.9,2.02
1,14,6,0,1.5,4.09
12,11,5,0,5.7,19.97
6,18,5,0,7.9,19.9
9,19,6,1,0.4,20.4
5,21,1,0,4.5,11.46
16,17,6,0,2.6,29.76
18,10,2,1,2.6,43.18
17,18,0,0,4.5,33.88
18,21,5,0,0.8,22.21
1,11,6,2,2.3,4.49
19,11,5,1,1.2,29.04
8,6,5,0,0.3,9.55
3,10,1,0,0.3,5.44
5,14,2,0,0.4,5.98
8,9,4,2,2.9,23.26
19,8,5,2,0.3,47.75
18,6,2,0,2.5,23.68
18,19,3,0,2.7,34.33
1,20,1,1,7.0,9.13
15,7,4,0,3.0,20.1
18,8,5,0,12.7,45.51
7,9,6,0,0.1,12.19
16,12,5,0,3.7,23.83
16,11,1,1,0.1,25.01
15,16,1,2,3.9,28.84
6,13,0,0,1.5,9.17
9,19,5,0,2.8,18.69
7,14,2,0,1.1,11.06
14,20,1,1,0.5,20.87
11,11,1,0,3.9,17.6
16,12,3,0,7.0,26.65
6,9,3,0,0.6,11.49
16,7,3,0,7.6,25.97
16,14,1,0,0.5,18.87
12,14,4,2,4.0,22.8
17,20,2,0,9.6,30.93
5,9,1,0,0.5,8.4
13,17,6,0,1.7,24.36
8,8,6,0,1.2,15.62
5,15,0,0,1.5,7.63
12,19,6,0,4.2,23.67
9,16,5,1,3.2,16.55
3,11,4,0,10.4,13.72
3,19,4,0,0.6,6.44
1,19,2,0,2.4,3.72
18,8,4,1,1.8,39.71
12,6,2,0,7.5,21.95
9,9,6,1,0.0,20.01
9,6,4,0,13.6,25.35
18,7,5,0,2.0,24.6
18,8,2,0,2.9,32.94
7,13,3,2,1.3,13.21
4,15,3,0,5.7,11.07
13,9,4,0,2.5,25.31
17,9,4,0,3.3,32.54
2,18,6,0,3.1,7.24
14,15,2,0,1.4,16.91
3,21,6,0,0.2,4.53
5,14,2,0,4.9,11.0
14,12,5,0,1.0,18.38
3,21,1,0,5.7,9.05
7,7,3,0,2.8,9.95
18,8,1,0,1.3,33.71
13,9,1,0,2.7,26.9
10,9,0,0,3.1,20.36
13,15,2,0,3.7,19.51
16,13,0,0,5.2,24.9
9,15,0,0,0.5,11.93
2,19,1,0,8.7,13.27
5,15,0,0,1.6,8.37
17,11,5,0,5.9,26.76
4,21,2,0,0.7,5.65
17,8,1,0,0.1,29.24
9,16,2,0,2.6,14.79
2,14,5,0,1.2,2.35
18,15,4,0,12.5,34.85
11,21,0,1,0.3,16.89
13,13,1,0,0.1,15.56
8,14,3,2,0.1,13.65
1,20,2,0,0.7,2.56
17,21,6,1,2.6,26.31
12,10,5,0,2.1,22.56
4,8,0,1,1.3,10.62
13,9,2,0,0.3,24.11
9,19,5,0,0.8,15.8
7,18,2,0,0.6,12.96
5,17,4,2,4.1,17.59
5,10,6,2,4.5,15.0
17,14,5,0,4.5,25.1
9,14,2,0,10.4,22.14
6,19,6,0,6.5,17.55
19,8,4,0,2.1,34.29
16,12,4,0,1.6,21.49
2,21,4,2,7.4,12.23
10,11,0,0,2.8,14.45
16,20,5,0,1.0,20.67
5,9,2,0,2.5,12.65
15,21,2,0,14.5,33.62
13,10,6,0,5.7,27.87
13,19,6,0,1.0,23.87
13,20,5,0,9.2,24.86
15,15,4,0,12.0,29.0
14,7,2,0,0.8,15.55
8,16,2,0,6.8,16.5
11,12,4,1,6.4,23.54
18,19,3,0,0.1,30.46
4,9,3,1,3.3,10.81
10,7,4,0,1.1,13.11
1,16,6,0,3.4,4.6
5,11,0,0,7.3,13.02
13,16,6,0,2.1,18.25
1,17,6,1,1.6,3.07
8,7,2,0,7.6,18.48
3,21,6,0,11.0,15.51
3,15,2,0,0.2,5.23
7,7,3,0,7.7,15.25
4,12,6,0,0.3,5.6
3,6,4,0,1.2,4.95
15,12,5,0,4.3,22.63
8,15,5,0,4.5,13.76
3,10,6,0,3.9,8.06
7,6,0,0,0.1,6.71
18,21,6,0,0.4,21.0
11,11,4,0,8.3,20.48
11,12,3,0,0.3,13.18
17,6,3,0,0.2,20.15
6,14,6,0,5.4,11.45
8,20,2,2,3.1,17.3
1,12,1,0,1.3,2.38
10,6,0,0,0.5,11.77
19,8,0,1,6.5,48.69
3,21,1,0,13.4,16.63
4,10,5,0,0.2,7.82
11,9,5,0,2.4,20.55
15,7,5,1,0.9,23.33
1,21,3,1,5.4,7.13
9,20,4,0,1.3,11.77
11,6,0,0,3.8,16.96
19,9,1,0,2.3,35.14
13,12,2,0,2.3,17.57
16,16,6,0,5.9,23.19
4,9,2,0,1.9,8.91
1,14,6,0,5.6,6.68
13,21,3,1,1.4,20.72
1,19,0,0,0.6,3.09
5,13,4,0,1.8,8.93
5,13,0,1,2.1,9.7
14,10,6,1,2.0,33.72
14,17,5,0,5.0,30.18
8,20,2,0,2.5,12.43
4,6,0,0,6.6,11.47
7,20,2,1,2.2,12.91
19,14,1,0,0.8,23.99
15,7,1,0,0.4,18.53
4,11,2,0,6.1,11.74
19,15,4,0,0.2,23.22
9,21,4,1,0.4,12.33
13,19,0,0,0.2,23.62
14,10,2,0,1.7,26.06
14,15,3,0,2.3,19.49
10,18,4,0,0.1,17.1
16,20,6,0,2.2,21.09
5,13,4,1,1.5,8.32
6,16,5,2,4.5,15.72
2,8,1,0,5.3,9.48
13,11,4,0,3.5,19.78
13,11,6,2,1.9,24.68
19,15,4,0,0.7,23.72
18,8,6,2,5.6,49.16
19,17,5,0,1.3,32.35
1,17,6,0,1.3,3.81
8,20,4,0,7.4,17.21
16,17,5,1,11.1,47.01
2,12,2,1,6.9,9.81
8,16,2,0,19.0,29.36
6,9,1,0,6.1,17.28
16,10,0,0,3.7,32.89
11,14,5,0,1.0,14.89
17,11,4,0,9.2,28.24
19,21,0,0,6.3,29.27
11,15,2,0,0.8,14.23
8,20,4,0,2.0,11.69
4,18,0,0,0.2,7.04
11,9,5,0,9.2,28.66
8,13,5,0,2.6,12.8
9,21,0,2,0.8,16.61
2,14,6,0,1.0,3.76
16,15,5,0,11.8,30.88
6,10,3,0,2.9,12.34
19,7,2,2,1.6,33.97
8,20,1,0,2.1,11.99
14,20,1,0,0.3,17.36
16,11,3,2,0.2,26.59
12,16,0,0,2.7,16.12
5,20,5,0,2.2,8.29
19,17,3,0,1.3,34.33
18,13,3,1,2.5,29.36
9,18,5,0,0.2,16.31
2,10,2,0,8.6,11.48
12,6,5,0,1.0,15.88
2,13,5,0,0.2,1.63
10,14,6,2,0.6,17.57
1,6,4,0,0.3,1.0
4,13,0,0,0.6,4.65
12,15,1,2,1.6,20.78
9,17,1,0,4.0,20.77
4,7,3,0,1.0,5.73
9,9,6,0,1.7,18.37
6,18,3,0,7.9,18.25
1,20,3,0,1.1,2.25
10,20,0,0,4.8,17.65
14,7,3,0,0.5,16.24
18,7,3,0,0.6,23.05
6,15,4,0,1.8,9.44
18,8,0,0,0.8,32.94
16,19,2,0,7.0,34.4
15,13,6,0,0.2,18.72
16,9,2,0,2.7,30.76
8,12,5,2,2.8,16.9
13,17,4,2,0.2,33.11
11,15,1,0,4.0,18.0
7,8,5,2,1.9,21.39
17,15,2,2,3.9,32.5
18,17,0,0,5.3,36.69
19,19,1,0,1.2,34.05
13,20,3,2,2.0,23.73
15,19,0,0,0.9,27.54
1,21,1,0,0.7,1.95
16,18,2,0,0.0,27.63
5,16,5,0,9.9,14.98
3,19,3,0,1.7,5.98
10,8,3,0,0.0,19.45
19,7,6,0,0.0,23.73
5,18,0,0,1.0,10.03
7,17,5,1,0.0,11.23
14,11,3,0,1.4,17.99
3,11,1,0,0.2,4.0
13,6,6,0,0.1,15.61
13,12,6,0,3.3,18.73
10,17,4,2,7.1,32.01
2,19,2,0,1.6,5.0
6,19,0,0,5.4,17.07
8,9,5,0,0.1,13.88
4,18,4,0,4.5,11.3
12,16,4,0,0.2,14.17
15,17,0,0,5.5,32.24
8,8,1,0,6.4,20.91
7,18,5,0,4.6,16.61
14,18,2,2,5.2,39.92
19,13,0,0,2.5,25.9
14,7,5,0,0.9,18.63
13,14,4,1,3.1,22.61
1,18,4,1,1.7,2.67
19,13,0,0,0.0,22.79
1,21,5,2,1.9,5.69
4,13,4,0,3.2,8.4
10,18,0,0,0.0,18.83
3,8,6,0,2.9,6.22
9,18,0,0,3.2,18.14
3,9,2,0,0.5,4.38
6,7,0,0,1.7,9.16
6,7,6,0,10.0,16.64
12,9,5,1,6.5,31.63
1,11,5,0,1.6,1.53
16,10,4,0,1.3,28.67
5,20,3,0,0.4,5.0
9,6,2,0,0.1,9.76
10,21,5,1,1.1,15.75
13,18,4,0,8.5,29.26
15,15,4,0,9.6,25.6
12,6,2,0,5.0,21.02
5,20,2,1,1.3,9.72
5,11,4,0,0.5,5.71
18,8,6,0,2.7,34.2
12,8,3,0,3.1,23.57
3,12,6,1,1.7,5.73
7,18,1,0,3.5,13.07
17,18,6,2,4.1,47.58
19,6,4,0,4.6,27.36
18,6,2,0,2.1,23.95
1,19,0,0,4.7,7.69
5,18,0,0,0.1,9.66
2,15,2,1,3.4,6.69
1,8,6,1,0.8,2.62
7,19,2,0,0.9,13.98
11,13,1,0,0.3,13.11
11,6,5,2,0.6,20.36
18,21,2,0,14.5,35.97
17,15,0,1,1.6,25.24
2,18,3,2,7.9,11.3
7,9,2,0,0.5,12.65
7,14,1,1,0.7,12.0
10,19,3,0,2.4,19.27
3,9,1,0,1.3,4.75
12,15,3,0,3.1,17.21
3,13,2,0,1.6,5.61
11,12,0,0,5.0,17.54
12,8,3,1,1.7,27.56
4,12,4,0,2.5,7.24
16,20,5,0,1.2,20.49
18,12,1,0,3.7,26.91
4,15,3,0,3.2,8.12
6,8,1,0,1.5,13.14
15,7,0,0,1.0,20.29
1,20,1,0,2.9,4.6
3,14,1,0,8.6,11.83
5,20,4,1,0.4,7.89
17,6,1,0,4.8,26.41
14,19,3,0,2.3,26.94
9,12,1,2,2.2,17.13
3,9,2,1,9.8,17.6
13,7,1,0,2.8,17.45
3,20,2,0,5.3,9.38
11,7,5,1,2.2,18.92
2,13,1,0,0.9,3.29
15,12,6,1,3.6,26.5
13,17,5,0,7.7,30.92
19,12,6,0,5.5,29.14
16,10,1,0,0.7,28.01
18,19,3,0,1.1,32.17
7,21,6,0,2.2,10.5
13,15,2,0,2.5,17.31
4,13,5,0,0.6,6.38
9,19,5,2,0.8,22.68
10,7,2,0,4.3,17.05
9,7,4,0,3.9,15.12
7,10,1,1,5.5,20.51
15,20,1,0,8.1,26.11
8,6,3,0,1.1,9.59
19,11,4,0,5.9,28.89
11,9,4,0,3.3,22.77
5,11,6,0,9.5,15.34
2,12,3,2,1.0,5.43
10,18,5,0,0.9,19.19
16,8,2,0,3.7,31.65
13,21,5,0,7.9,22.99
8,16,0,0,5.2,14.78
9,18,3,1,3.9,23.72
11,13,2,0,1.5,15.11
11,12,5,0,3.8,18.65
16,18,5,0,4.8,33.41
10,6,4,0,4.2,15.95
12,11,3,0,3.4,16.94
6,12,0,0,0.1,7.37
12,21,1,0,3.2,18.26
10,19,3,2,2.0,27.49
18,16,0,0,9.8,29.7
18,20,0,0,2.8,24.61
4,9,3,0,2.8,7.03
9,19,2,0,15.4,30.8
7,7,3,0,0.3,7.73
18,21,5,1,1.0,27.93
8,15,6,0,3.2,11.7
11,14,4,0,1.1,14.38
7,21,5,2,1.3,13.45
9,12,0,0,6.7,17.37
8,21,0,0,2.6,12.5
3,6,1,0,0.3,4.73
17,13,0,0,1.1,22.24
2,20,6,0,0.2,1.0
15,8,1,0,2.4,30.18
14,9,0,0,0.6,24.92
18,17,0,0,5.8,37.68
16,10,3,1,2.6,36.05
4,6,3,1,0.2,6.29
6,20,4,0,1.1,7.97
6,11,5,0,2.9,11.45
11,15,2,0,1.2,15.61
17,11,4,0,2.2,23.64
3,7,0,0,7.2,12.29
13,16,4,0,1.3,16.52
3,15,3,0,1.2,5.24
16,11,5,1,5.1,28.31
15,13,0,0,1.2,19.65
11,11,0,2,0.2,17.74
18,9,4,1,0.6,40.02
15,20,5,0,8.9,25.61
5,9,6,0,8.1,17.31
16,14,1,0,0.8,19.81
16,21,6,0,2.4,21.19
17,11,2,0,0.4,19.43
9,13,5,0,3.4,13.61
3,13,4,0,0.6,2.84
13,12,6,0,0.2,14.6
3,8,4,2,5.2,11.7
7,15,2,0,1.2,9.93
6,6,0,0,0.3,8.47
9,10,0,0,5.4,20.92
12,21,1,1,4.3,20.97
15,18,4,0,3.5,29.14
3,20,2,1,7.3,12.64
10,15,4,1,2.0,17.34
1,15,3,1,0.4,2.98
19,20,4,0,0.2,24.2
19,7,4,0,1.2,24.0
13,17,3,0,0.3,22.22
12,15,3,0,2.3,16.88
1,18,6,0,0.0,1.47
19,7,2,0,1.8,25.05
16,19,6,0,0.6,29.26
15,12,0,0,1.4,18.74
16,16,1,0,3.4,20.21
11,18,6,0,1.3,21.45
6,8,3,1,1.3,13.37
11,18,0,0,14.0,31.77
3,13,2,0,3.8,7.62
15,14,5,0,2.2,19.84
1,19,4,2,2.6,5.21
7,18,2,1,2.9,18.99
1,13,2,0,0.1,1.0
17,11,3,0,0.3,19.49
9,10,1,0,3.1,18.69
13,8,6,0,1.4,26.07
11,8,3,1,0.2,25.94
6,12,4,0,1.1,8.44
1,18,3,0,0.4,2.8
7,10,4,0,7.4,20.3
12,17,3,1,0.7,27.66
19,19,5,0,0.5,33.11
17,11,1,1,3.0,29.18
4,19,5,0,2.2,9.89
3,11,0,0,2.6,6.26
1,14,1,0,1.7,2.1
18,6,6,0,1.9,24.54
15,13,3,1,4.5,27.95
8,15,2,1,0.7,11.68
1,18,0,0,1.5,3.22
14,18,2,0,9.5,33.65
4,10,5,0,0.6,7.74
5,18,6,0,1.0,8.44
13,11,1,0,0.6,15.91
15,11,6,0,0.1,18.48
6,6,0,1,0.9,8.48
1,8,5,1,0.1,1.58
19,17,3,0,0.5,35.18
13,11,2,1,1.4,20.13
6,19,3,0,0.1,10.62
15,20,4,0,4.2,22.37
16,19,6,0,4.8,32.79
16,16,0,0,1.6,20.69
10,16,2,1,12.5,26.91
9,14,1,1,3.4,18.05
9,11,1,0,4.1,14.93
17,21,1,0,0.6,21.85
17,20,5,0,5.5,26.19
17,17,1,0,8.7,38.56
12,18,2,1,0.8,27.23
13,11,6,2,3.5,26.53
12,6,6,0,4.1,19.7
14,14,6,1,1.1,21.16
10,21,5,0,1.9,14.3
19,9,4,0,0.3,34.1
2,20,1,0,0.6,1.51
4,7,6,1,0.2,7.21
19,6,1,0,2.5,25.63
7,8,5,1,2.9,16.99
15,8,1,0,7.4,32.95
15,10,4,0,2.3,29.98
6,6,5,0,0.9,7.71
3,12,5,1,0.2,4.62
6,18,0,0,6.5,16.09
16,6,5,1,2.0,24.5
2,9,1,0,4.0,6.74
7,11,5,0,0.0,7.5
11,20,1,1,2.0,18.38
7,6,1,0,1.2,9.02
4,12,6,1,0.1,6.35
7,15,5,0,4.5,12.43
4,20,0,0,2.2,7.91
12,12,1,1,1.2,18.37
5,8,6,1,4.9,15.45
19,9,0,0,1.8,34.48
5,11,0,0,0.0,5.19
19,19,5,0,8.7,43.08
3,16,3,0,0.9,4.48
11,12,6,0,5.3,17.58
7,19,3,0,5.1,17.79
17,18,1,1,0.5,38.33
9,9,2,1,1.9,19.96
9,15,3,0,0.1,10.09
10,16,6,1,1.3,15.53
13,14,5,0,3.9,20.05
15,14,6,0,0.8,18.55
5,14,5,1,0.4,9.58
3,21,3,1,2.1,6.22
8,17,2,0,2.3,15.69
10,15,4,1,3.4,17.96
13,11,1,0,4.3,19.63
3,7,6,1,3.6,9.25
8,7,4,0,5.6,13.41
9,16,4,1,0.8,13.61
12,9,0,0,2.5,23.77
11,14,0,0,1.3,14.63
2,8,1,0,9.8,12.66
18,11,2,0,1.7,23.43
9,7,0,0,9.6,21.67
2,20,6,2,4.4,7.54
2,6,6,1,3.8,7.49
3,21,3,0,2.0,4.75
16,17,6,1,1.8,35.8
19,10,1,0,2.2,35.91
4,13,5,0,1.0,6.5
18,15,4,1,7.0,33.51
18,15,6,0,4.7,26.47
10,7,1,1,4.8,19.94
11,15,5,1,1.7,18.84
17,14,5,0,0.2,19.59
16,17,0,0,3.4,31.24
13,13,5,0,1.4,16.31
2,8,2,2,6.1,11.01
2,6,5,0,4.5,6.99
14,9,5,0,0.5,26.01
4,13,4,0,2.8,6.49
17,8,2,0,3.5,31.96
13,15,1,1,2.5,21.67
4,17,2,0,2.2,9.11
3,7,2,2,0.8,4.98
12,12,1,0,0.8,16.13
8,9,4,0,4.4,17.46
2,11,6,0,0.1,2.74
6,10,5,2,4.5,19.28
10,7,2,0,2.2,14.27
12,15,2,0,8.3,23.0
10,7,6,0,17.8,29.63
10,19,1,0,3.3,20.32
3,14,3,0,1.6,5.6
10,16,6,0,1.9,13.79
9,15,2,0,0.7,11.57
19,7,0,0,0.3,22.77
14,13,5,1,2.6,23.37
2,13,5,0,4.9,7.78
5,6,6,0,0.9,7.53
8,6,4,0,1.6,10.58
7,18,6,0,2.4,14.03
6,9,2,0,7.2,18.16
11,7,1,0,0.4,14.73
12,17,0,0,0.8,22.13
18,20,6,0,7.5,29.48
19,6,1,0,0.1,22.45
10,14,6,2,3.2,20.35
14,18,2,2,3.1,35.45
3,8,0,1,1.4,7.85
18,19,4,0,1.9,33.84
15,19,4,0,5.8,32.16
6,19,6,1,0.5,13.65
10,6,4,0,0.8,13.31
12,7,3,0,2.2,16.81
7,13,1,0,1.6,10.24
17,10,2,0,2.6,32.7
1,16,0,1,7.6,11.31
18,12,6,1,7.5,34.21
15,11,6,1,0.8,23.23
19,18,5,1,1.1,42.15
1,21,5,0,0.5,2.04
5,21,1,1,7.9,14.43
15,6,2,0,1.5,19.51
3,11,3,0,1.8,5.14
1,16,2,0,4.9,6.37
8,12,1,1,2.2,13.19
12,9,2,2,0.4,32.46
19,13,5,0,1.7,23.95
12,13,5,0,3.0,17.31
13,12,0,0,3.8,19.05
1,21,3,0,3.1,4.97
19,16,5,0,0.4,22.44
6,20,0,1,1.1,9.53
8,7,3,0,4.0,14.18
4,11,5,0,6.4,10.71
5,11,3,1,0.1,7.52
7,17,2,0,0.1,11.91
4,20,0,0,3.1,7.79
4,17,3,1,2.4,10.44
15,12,6,1,0.5,22.29
5,11,3,0,2.4,6.85
9,7,2,0,11.0,22.32
2,13,5,0,3.0,4.58
7,20,5,0,1.8,10.17
17,9,6,0,5.3,36.0
16,14,1,0,0.7,20.6
17,13,1,1,1.6,26.86
2,19,5,0,2.3,5.35
11,8,6,0,2.1,22.3
2,8,4,0,7.6,11.18
1,13,4,0,1.0,1.5
2,7,6,0,0.2,1.0
9,14,3,1,7.4,20.18
2,9,5,0,0.7,4.69
15,20,1,0,1.4,18.31
10,11,3,0,2.3,15.19
15,8,0,0,11.2,35.98
10,8,6,0,2.3,20.96
17,8,6,0,1.8,30.62
9,16,1,0,2.6,13.63
18,18,1,0,10.6,41.01
4,15,1,2,5.1,11.36
9,17,6,0,0.6,15.36
16,19,4,0,4.9,32.38
4,19,2,0,5.5,12.85
16,19,2,0,3.5,30.96
19,17,6,0,3.2,37.59
1,7,4,0,1.7,3.19
6,13,5,0,3.1,9.63
10,21,5,1,4.0,19.56
16,14,6,0,0.4,19.12
4,20,6,2,0.9,8.57
13,13,4,1,0.6,19.76
16,20,4,0,5.5,23.95
6,15,5,0,3.4,11.87
11,8,2,0,1.8,20.88
3,12,3,0,5.2,8.52
10,16,4,0,3.8,17.13
1,15,3,0,7.3,8.73
11,7,3,2,0.2,18.92
12,9,0,0,2.1,23.17
14,17,2,0,3.7,27.77
8,18,6,0,0.7,16.14
11,19,3,0,1.2,21.19
4,18,6,1,1.6,10.75
7,11,6,0,4.7,13.74
10,16,2,0,2.0,13.96
19,10,2,1,2.0,44.08
4,18,0,1,1.7,9.05
2,14,6,1,0.8,4.4
18,15,5,1,7.7,35.39
14,9,2,0,1.1,25.39
16,10,3,0,2.5,30.4
11,9,5,0,0.5,19.12
10,19,5,0,1.7,18.44
17,18,1,0,7.0,37.67
14,19,3,1,16.2,47.33
4,13,3,0,1.3,7.11
19,21,2,2,0.5,32.6
2,18,3,0,1.1,4.48
7,13,6,0,1.2,8.17
9,20,1,0,3.1,14.3
19,8,2,0,2.1,36.42
16,6,4,0,4.4,22.79
16,11,3,0,3.6,21.89
18,7,3,0,0.9,22.77
11,7,0,2,4.6,23.8
7,8,4,0,5.6,19.35
9,13,4,0,2.7,14.47
4,8,6,0,7.9,15.79
13,21,1,0,4.6,20.25
4,12,6,1,2.7,8.89
19,15,4,1,7.1,35.99
2,19,6,2,2.8,7.66
9,15,6,0,2.2,12.79
12,14,0,0,1.3,15.81
2,18,1,1,6.4,11.7
6,13,6,2,0.4,9.6
5,6,6,2,1.9,11.22
5,12,4,1,2.3,10.26
5,12,1,0,2.4,8.28
4,13,4,0,3.2,7.74
9,21,4,1,2.1,16.41
10,15,6,1,0.9,16.77
16,10,5,1,5.8,41.18
10,15,4,0,3.2,13.89
10,14,6,0,5.9,18.05
19,14,3,0,1.0,23.31
10,13,4,0,3.0,15.32
6,11,3,0,3.8,11.1
17,11,2,2,1.5,29.62
5,6,5,0,5.0,9.61
6,18,0,0,0.0,10.94
15,21,1,0,2.7,19.99
19,20,1,0,2.9,24.87
18,11,2,0,2.3,23.11
4,19,4,2,3.0,12.74
8,9,0,0,0.5,15.74
16,9,2,0,3.5,31.34
19,19,2,1,1.2,42.19
3,7,1,0,1.8,5.01
10,18,3,0,1.2,18.69
2,16,3,0,1.9,5.11
4,19,4,0,2.9,10.63
6,9,4,0,5.5,15.82
11,10,6,0,2.0,22.4
14,18,6,1,1.2,32.64
16,17,2,0,2.0,29.37
19,21,4,0,3.5,27.03
2,10,3,0,1.3,4.73
17,21,0,0,1.6,21.53
9,10,1,0,2.5,18.6
17,9,3,1,1.0,38.06
15,6,6,0,0.7,19.57
7,19,5,0,0.5,12.43
19,15,4,2,1.3,33.56
3,13,1,0,0.1,4.12
1,8,5,0,2.6,3.29
4,7,1,0,0.6,5.48
18,14,2,0,1.4,22.48
8,12,4,0,0.9,10.88
19,14,2,0,3.0,25.6
6,18,1,0,5.7,15.66
1,7,2,0,3.0,4.29
8,21,4,1,2.3,14.99
1,21,3,0,3.3,5.06
19,14,0,0,0.1,22.88
11,15,5,0,0.4,13.62
15,14,3,0,0.3,17.95
11,16,1,0,0.3,12.29
19,14,3,0,0.9,23.68
10,15,2,0,2.3,14.55
12,18,4,0,0.4,22.23
1,15,3,0,8.2,10.09
7,9,3,1,5.8,21.72
17,15,4,0,10.7,29.95
10,8,2,2,0.1,26.33
6,11,0,1,5.7,14.53
17,8,3,2,4.9,47.08
18,16,5,1,7.0,34.08
5,14,1,0,2.3,8.76
18,8,6,0,4.7,36.91
17,7,2,0,0.2,20.66
16,13,2,1,0.2,23.58
8,11,3,0,0.4,9.94
13,13,5,0,7.4,23.52
16,20,6,0,0.2,19.14
11,18,4,0,0.3,20.4
6,12,6,0,8.0,14.77
3,8,3,0,0.3,5.18
1,13,3,1,6.1,7.54
18,15,4,1,4.7,31.08
5,6,1,1,0.1,7.76
13,6,4,1,0.1,18.51
10,18,3,0,2.3,19.82
5,18,0,2,17.6,28.83
14,15,4,0,6.3,22.61
17,18,1,1,1.1,37.72
1,13,4,0,1.5,3.13
2,21,4,0,1.5,4.34
7,18,2,1,4.0,19.86
10,14,2,0,1.3,12.97
7,15,3,0,0.5,9.73
16,11,3,0,4.1,24.39
5,10,6,0,1.8,10.61
12,7,4,0,0.2,15.02
17,16,0,0,4.7,24.96
16,14,5,0,2.6,21.49
16,11,3,0,2.0,21.52
19,13,4,0,3.4,26.42
15,14,4,0,2.1,19.63
12,14,5,0,3.1,18.35
10,13,4,0,6.1,17.39
2,17,5,0,2.9,6.93
7,15,5,0,3.2,12.0
13,13,6,2,2.9,24.62
3,8,4,1,2.3,9.24
15,18,6,1,0.6,32.41
1,8,4,0,1.2,1.76
3,7,2,0,3.5,7.59
10,21,5,0,1.7,13.69
15,6,1,0,1.6,19.82
6,21,5,1,4.3,13.89
15,9,1,0,0.0,27.1
7,7,4,0,3.4,10.79
5,19,3,0,2.0,10.76
4,19,0,0,1.4,9.52
18,7,6,0,1.2,24.16
3,18,4,0,0.6,5.12
17,16,0,0,1.2,21.58
18,16,2,0,1.5,24.19
18,10,1,0,1.7,32.33
2,9,6,1,3.3,8.08
13,6,2,1,1.8,20.98
15,20,3,1,4.8,27.97
5,20,3,0,3.1,8.22
3,14,5,0,0.6,3.77
5,19,6,2,1.0,12.45
5,9,6,0,0.2,9.99
5,10,6,0,8.7,17.52
3,12,4,0,6.5,11.16
3,7,5,0,0.3,2.33
18,13,3,0,2.6,23.59
4,16,3,1,9.7,15.02
1,21,5,0,4.1,4.79
16,7,2,0,2.0,21.88
8,16,0,0,0.8,10.87
17,15,1,0,1.0,21.87
8,10,3,0,4.0,17.75
7,18,5,0,4.6,16.87
8,17,3,0,2.3,16.33
12,7,2,1,0.4,17.82
16,7,6,0,8.1,27.81
12,9,6,0,5.6,26.21
19,9,1,0,0.5,32.95
10,21,6,0,0.2,10.98
7,18,6,0,2.3,14.08
12,13,2,0,1.0,13.95
5,18,0,1,1.0,11.34
16,21,2,0,0.3,19.19
9,11,1,0,9.2,20.84
7,15,6,0,5.3,13.98
14,13,1,1,0.4,21.59
11,21,3,0,6.3,19.61
7,18,0,0,3.4,16.03
10,12,4,1,1.2,17.72
9,18,3,0,6.1,21.69
4,15,6,0,2.7,7.92
16,9,5,0,5.7,35.25
10,7,2,1,1.9,17.49
19,20,2,1,2.1,30.47
17,14,1,1,1.0,26.76
9,7,5,2,1.5,17.37
13,6,1,0,2.5,18.92
1,13,5,0,8.8,10.4
2,15,1,0,2.7,5.77
13,20,4,2,0.5,22.07
9,14,4,0,0.0,10.78
7,6,3,2,5.7,16.25
16,12,4,0,1.4,19.74
19,7,5,1,1.1,29.3
7,11,1,0,4.8,12.16
6,18,5,1,8.7,22.14
18,16,3,0,4.1,26.88
19,10,3,0,0.6,33.19
11,6,6,0,1.5,15.7
12,21,0,0,4.3,18.48
10,7,4,0,7.1,20.48
13,7,2,2,19.7,41.06
12,21,2,0,2.1,15.48
10,15,0,0,5.2,17.82
18,15,1,0,0.1,21.87
4,11,0,0,1.0,6.11
5,16,1,1,1.4,9.77
5,17,4,1,11.1,21.87
12,6,4,2,0.0,19.94
3,16,3,0,1.1,4.65
8,18,3,0,8.0,21.44
2,9,3,0,1.1,5.07
18,17,3,0,0.8,34.25
9,21,2,2,3.9,19.55
13,15,6,0,4.1,19.27
7,16,3,0,1.9,10.39
10,21,3,1,8.8,24.85
9,10,3,0,0.7,15.87
15,7,1,0,7.3,25.03
5,7,5,1,4.2,12.76
12,20,3,0,1.4,14.8
1,12,0,2,4.9,6.1
12,12,3,0,0.4,16.44
6,11,3,0,0.4,7.61
19,21,2,0,8.0,30.51
19,6,5,0,0.3,23.39
16,17,3,0,0.0,25.63
19,18,5,0,1.5,34.39
3,17,1,0,0.3,4.1
10,8,4,0,6.0,23.18
18,14,5,0,7.7,29.31
13,15,5,0,2.0,18.21
18,6,3,2,1.7,30.78
3,7,6,1,2.3,6.82
3,13,3,0,0.8,4.95
12,12,3,0,1.1,15.5
7,14,2,0,0.3,9.35
8,15,6,0,1.8,10.73
9,17,4,0,2.8,17.81
14,20,2,0,8.0,25.59
5,20,2,0,4.0,10.9
19,20,2,0,3.9,25.13
16,17,6,1,1.1,36.31
12,9,1,0,6.6,28.46
4,9,4,0,8.8,15.43
8,12,1,1,8.1,20.0
7,6,1,1,0.1,9.73
15,15,4,0,2.8,20.9
6,17,1,1,3.1,15.09
5,14,6,0,1.0,7.17
14,7,4,0,14.6,31.12
13,20,5,0,1.0,16.22
10,6,5,1,0.7,15.6
18,12,3,0,2.0,22.64
4,11,2,0,1.2,6.56
8,17,5,0,7.7,23.13
11,8,5,0,1.7,20.82
17,6,1,0,1.6,20.39
18,17,4,0,2.9,34.38
11,10,0,0,0.3,19.35
16,15,1,0,4.2,23.04
12,19,1,0,4.4,25.94
13,9,6,1,1.9,30.42
16,10,4,0,9.4,37.9
1,6,0,0,2.6,3.39
16,6,0,2,3.6,30.9
15,10,3,0,7.7,34.84
6,11,1,0,3.3,11.35
12,10,6,0,1.7,21.59
8,7,2,0,0.1,9.68
7,14,5,0,3.9,12.48
2,10,1,0,10.0,14.0
12,16,2,0,1.9,16.67
14,16,2,0,1.2,18.13
16,10,4,0,2.2,30.15
11,15,1,1,3.9,21.2
9,14,4,1,0.0,12.7
10,8,3,0,6.5,25.48
17,10,2,0,6.5,34.96
12,20,0,0,2.3,16.01
6,18,2,0,0.4,11.12
19,17,3,1,3.3,44.25
11,10,2,0,0.4,20.22
9,7,4,0,2.1,12.48
6,16,1,0,0.3,7.06
16,9,0,0,2.7,30.01
16,16,4,0,1.1,21.06
6,16,5,0,5.3,11.97
5,7,1,0,4.8,11.49
4,10,0,2,19.5,29.05
2,15,3,0,0.9,3.84
6,18,2,1,0.2,13.33
9,17,0,1,1.8,19.3
17,7,6,0,0.3,20.39
14,15,5,0,0.6,17.65
7,20,3,0,2.7,9.93
19,19,1,0,2.7,35.88
1,14,6,0,0.1,1.21
15,15,0,0,1.8,19.41
18,11,3,0,2.3,24.18
3,13,1,1,0.9,4.65
18,14,6,2,6.2,37.39
2,20,6,0,0.5,2.91
10,18,4,0,0.9,17.03
11,13,2,1,0.5,17.11
3,10,3,0,0.4,5.99
7,10,6,0,6.3,19.34
8,11,4,0,1.0,11.52
19,19,5,1,3.8,44.74
18,6,5,0,1.7,22.08
13,18,1,0,3.0,26.22
13,16,6,0,7.9,23.63
19,13,6,1,5.6,35.35
12,7,0,2,0.2,19.26
17,11,6,0,5.6,25.67
12,19,2,2,1.8,30.25
13,19,1,0,1.3,23.28
12,14,3,0,3.3,17.71
19,18,6,2,9.0,55.74
14,8,2,0,0.3,25.85
7,7,6,0,4.4,14.15
13,15,4,0,0.7,15.5
6,10,2,1,1.4,13.89
19,16,4,1,6.2,35.37
19,14,1,1,2.4,31.62
4,11,6,0,0.2,5.67
19,19,0,1,2.1,43.99
9,21,5,0,4.7,16.05
16,13,2,0,2.3,21.11
4,13,0,1,0.5,6.73
6,12,0,0,1.8,8.31
8,10,5,0,7.7,22.22
16,7,2,0,3.2,20.99
5,19,6,0,3.9,13.02
10,20,2,0,4.6,15.79
13,15,0,0,0.3,15.94
14,15,3,0,2.6,20.78
7,10,3,0,1.4,12.23
6,17,2,1,0.4,12.63
7,21,0,0,0.7,8.31
5,12,0,0,4.6,10.1
18,17,1,0,0.5,33.49
12,17,0,1,1.1,26.54
6,12,5,0,1.0,8.24
1,16,3,0,0.1,1.0
4,21,1,2,1.9,9.66
19,18,6,0,4.4,37.7
12,20,5,2,0.1,20.15
15,7,6,0,0.4,19.03
3,12,3,0,3.8,7.34
8,11,5,0,2.7,12.28
11,12,4,0,3.8,17.0
16,16,2,1,0.8,24.54
9,21,4,2,4.9,19.61
3,13,2,2,2.0,6.72
5,9,3,1,2.8,12.88
14,6,3,1,0.3,22.32
15,13,4,0,0.7,20.18
6,13,5,1,4.5,13.27
4,8,6,0,0.8,7.4
8,8,2,0,0.3,14.87
19,10,2,0,2.7,33.19
5,19,1,1,2.4,13.01
13,8,0,0,2.8,26.21
16,20,5,1,2.9,27.03
1,19,5,0,2.1,1.83
13,10,1,1,2.0,28.47
11,20,3,2,7.7,25.22
8,13,4,0,2.3,11.44
8,6,5,2,2.9,15.29
14,7,2,0,0.9,18.76
13,7,1,0,6.1,21.9
3,17,4,1,0.1,6.77
4,21,6,0,2.4,6.4
15,9,4,0,1.5,29.02
15,14,5,0,2.8,21.86
13,7,0,0,1.3,16.19
9,17,2,0,3.8,21.03
10,21,4,0,0.1,12.27
12,19,6,2,1.6,32.33
14,16,2,0,5.3,22.28
1,18,5,0,0.9,2.58
14,20,1,2,0.2,23.77
14,17,6,2,2.1,34.99
8,14,4,1,11.3,22.98
16,12,6,0,0.2,18.99
14,15,5,0,0.2,17.01
1,13,4,0,2.7,4.12
16,6,6,0,0.9,20.68
18,18,1,1,1.6,42.44
7,10,6,0,5.3,17.43
15,14,2,0,0.7,17.49
17,17,2,0,3.8,33.46
19,9,4,0,2.1,34.6
13,7,5,0,7.1,23.84
9,11,1,1,10.8,24.59
15,7,3,0,2.0,19.86
3,8,2,0,2.6,9.17
1,19,6,0,4.1,5.48
16,13,3,0,1.2,21.26
8,20,6,0,0.8,10.01
13,21,4,0,10.0,25.25
8,8,3,0,1.7,13.74
17,7,5,1,0.0,24.98
14,11,6,0,5.5,22.06
7,19,5,0,2.7,15.03
15,8,6,0,0.6,27.62
16,21,3,0,0.1,20.22
19,6,5,0,1.0,23.54
6,17,2,0,7.9,18.85
1,19,4,0,8.1,10.16
12,20,3,0,1.1,16.64
18,20,6,0,5.4,27.95
16,19,2,0,1.7,29.94
12,8,6,0,3.2,24.96
13,11,3,1,1.2,19.35
8,21,6,0,2.2,12.54
1,8,2,0,1.0,2.2
7,14,5,1,0.2,11.49
15,12,5,0,0.5,17.51
13,19,4,0,1.0,25.07
13,10,6,1,11.2,40.26
9,7,5,0,10.1,21.56
15,20,1,1,5.3,25.16
4,14,2,0,0.8,5.73
13,10,2,0,1.7,25.96
12,12,3,0,1.7,16.56
5,14,4,0,1.5,7.12
7,9,0,0,0.1,12.48
8,14,5,0,2.3,12.19
5,6,0,0,0.2,6.09
9,17,1,0,4.9,19.48
14,11,4,0,3.5,21.03
12,7,2,2,1.3,21.98
4,13,0,1,3.1,10.6
8,10,1,2,0.8,21.06
17,20,4,0,0.9,21.08
8,21,1,0,1.1,10.99
1,8,5,0,4.8,6.24
2,7,0,0,0.7,4.29
4,13,3,0,2.5,8.05
1,12,3,0,0.7,1.38
7,14,4,0,1.0,10.22
1,13,1,0,0.8,1.69
9,16,2,0,3.1,12.96
3,9,0,0,2.2,8.4
12,21,3,0,3.8,18.66
19,7,3,0,0.7,24.02
15,19,1,0,0.0,27.69
16,18,3,1,3.4,36.17
10,7,6,0,0.4,11.73
6,7,1,1,0.8,8.85
17,19,0,0,1.1,29.9
